date,universe_size,n_factors,explained_variance,n_tradeable,median_kappa,median_half_life_days,mean_r_squared,n_long,n_short,gross_exposure,net_exposure,factor_exposure_before_hedge,factor_exposure_after_hedge
2013-12-24,46,4,0.5544191996676239,46,34.662115901649905,5.0395084074575305,0.5642817038680767,2,1,0.29276583795885935,0.01191878292316529,0.13650651536388636,6.331740687315346e-17
2013-12-27,46,4,0.5557723209269877,46,32.991239558424255,5.29459265846769,0.5718162741478487,4,2,0.46201159230584377,0.009095422680359337,0.14137891686058307,8.239936510889834e-17
2013-12-30,46,4,0.5562629260912069,46,34.812348757815684,5.019910883613514,0.573749240736723,6,2,0.5761002422608903,0.027871538229000035,0.15378410258127384,1.6566609195578508e-16
2013-12-31,46,4,0.5563945530106604,45,31.611897608928594,5.525549008857059,0.574696659923563,7,4,0.6538464969740845,0.017053364082146825,0.11894707312572583,8.326672684688674e-17
2014-01-02,46,4,0.5561706348154776,46,30.20902591467915,5.782647592279039,0.5808048880271566,7,4,0.754500838500936,-0.02746651734011213,0.19407476667874293,1.1102230246251565e-16
2014-01-03,46,4,0.5570664330292056,46,32.241781011812975,5.418056038942872,0.5779070057947868,8,6,0.9118855123333222,-0.01657937028094015,0.30821863035620345,2.5847379792054426e-16
2014-01-06,46,4,0.5571613557422523,46,31.296371292282366,5.5816028327092475,0.5753017065395574,9,8,1.0468520200236466,-0.020962852408046725,0.30688422618435274,4.419208055050916e-16
2014-01-07,46,4,0.5567072302065983,46,29.967523406091882,5.835880095665651,0.5558422027436366,8,7,0.9629724219470529,-0.0027306637540144493,0.2988207690106181,2.42861286636753e-16
2014-01-08,46,4,0.5560035072575172,46,32.52855780611276,5.370005013068061,0.5490828531697,7,9,0.9965502613573836,-0.001895915901233329,0.29035373828745387,1.6653345369377348e-16
2014-01-09,46,4,0.5561850075485464,46,32.64388917808361,5.354036774283662,0.5456848537594525,7,8,0.9484894371543545,-0.02097847551583823,0.3180865437624793,7.979727989493313e-17
2014-01-10,46,4,0.5557703453811592,46,33.10163606673075,5.279189089310531,0.5422421163920207,9,5,0.818183884403263,-0.001017986813672836,0.18454205979297544,9.020562075079397e-17
2014-01-13,46,4,0.5555591499347043,46,31.986129673175874,5.46347488442864,0.541560871909276,8,7,0.8450458575384948,-0.0007763390592176525,0.1537529866703204,1.1449174941446927e-16
2014-01-14,46,4,0.5551286590273143,46,33.266969033460754,5.251406514650985,0.5387395766886293,7,6,0.772249535969106,-0.009756938823933484,0.19227626442285048,1.5265566588595902e-16
2014-01-15,46,4,0.5553835532054958,45,36.414593186861175,4.796788161404763,0.5369213757470289,8,6,0.7925998406863433,-0.018798323729549503,0.10534969151116916,4.85722573273506e-17
2014-01-16,46,4,0.5545005038355291,46,35.27910865189396,4.951204787845324,0.5357163511555302,10,7,0.9573660816499805,-0.00045671888004437944,0.12562125254265344,1.1796119636642288e-16
2014-01-17,46,4,0.5545921694462875,45,36.5299650325275,4.781638562905042,0.5354764573746301,12,8,1.1390670428121075,-0.04507142238396715,0.2179150551498425,3.7470027081099033e-16
2014-01-20,46,4,0.5545991517121099,46,36.23504095327243,4.82143413249269,0.5335383113266526,13,9,1.2308814563171726,-6.332484731307042e-05,0.26159406681910713,2.0816681711721685e-16
2014-01-21,46,4,0.5546914485181637,46,39.26522322697845,4.44854442251518,0.5360119836271054,12,9,1.2349727960222905,0.006777826972032913,0.37403801414128657,1.0408340855860843e-16
2014-01-22,46,4,0.5540947837251415,46,38.86499167942259,4.495448940929682,0.5354881948838145,11,8,1.0623212787031069,-0.04733702716190823,0.19820594415062423,2.220446049250313e-16
2014-01-23,46,4,0.5556600935875735,46,36.80240022863846,4.747463094552062,0.5437750175238566,11,9,1.103462202296177,-0.09352059998226417,0.17971580001787307,1.1796119636642288e-16
2014-01-24,46,4,0.5608210844105243,45,42.293768338934086,4.129995892097148,0.5718566296282888,10,10,1.1985555905112706,-0.12932108198706668,0.3321925036060698,1.231653667943533e-16
2014-01-27,46,4,0.5618672549556272,46,41.359593101183705,4.223364637315999,0.5753420738341006,13,10,1.2970173419811035,-0.1146540843947956,0.24329753426078515,2.203098814490545e-16
2014-01-28,46,4,0.5614231580534298,46,39.58500380721582,4.413470689706957,0.5786998617447422,12,10,1.226092400551781,-0.07028429494070901,0.2759176339288422,1.2836953722228372e-16
2014-01-29,46,4,0.5569261376035647,46,42.32784383501555,4.126817572543734,0.5782899100603454,11,9,1.1719910874667414,-0.02906965851306486,0.30115386522233933,1.1102230246251565e-16
2014-01-30,46,4,0.556907947766236,46,40.23653647460539,4.342570620410858,0.5751522693135128,13,9,1.1914943076427367,-0.0070035003203570215,0.21272798538972734,2.220446049250313e-16
2014-01-31,46,4,0.5547188362423098,45,43.57397707562777,4.008656111374468,0.5694268820987105,11,8,1.1024885637681134,-0.028704510123107818,0.15813607485508546,2.1684043449710089e-16
2014-02-03,46,4,0.556723190046025,46,43.64801967191014,4.002060929066721,0.5753737339286022,10,8,1.0807871887082172,-0.020896025644886254,0.2529210697929468,1.339206523454095e-15
2014-02-04,46,4,0.5567665773218816,46,37.90851307288244,4.607770166399936,0.5769757231967577,11,5,0.9904972779591519,-0.02801455976974018,0.3147257156736425,1.6653345369377348e-16
2014-02-05,46,4,0.5568936978216663,46,38.251909463794945,4.572805088483078,0.5781927972346155,10,7,0.9866825243519545,-0.06809833586083136,0.21493878801078975,1.734723475976807e-16
2014-02-06,46,4,0.5578942671790781,46,38.93086539726869,4.487142080484295,0.586571414629656,8,6,0.8254301296611721,-0.05676568684188844,0.14869079606753446,1.3183898417423734e-16
2014-02-07,46,4,0.5584066141947172,46,37.87911068312961,4.611354786882044,0.5878922500106658,8,7,0.9294429982431958,-0.03365547471548599,0.3208525643432316,3.157196726277789e-16
2014-02-10,46,4,0.5591283072397295,46,37.1940004461348,4.704498177349716,0.5862300184616809,8,6,0.8702579942781395,-0.032255347126031154,0.27278782986777605,2.185751579730777e-16
2014-02-11,46,4,0.5608008991406324,46,34.844050639352105,5.0241832542276885,0.5912476664408873,7,4,0.7313016640602444,0.0146449024912515,0.27854523751934995,1.5634195327240974e-16
2014-02-12,46,4,0.5610836983283867,46,38.13488707883464,4.590329891245377,0.593316913902074,9,4,0.8177100624555166,-0.001990116156124355,0.24265218615442857,1.700029006457271e-16
2014-02-13,46,4,0.5596747572681865,46,35.19713284197402,4.962924083405998,0.591852816136916,9,3,0.7951412215169084,-0.011704228832701504,0.30668171608606926,2.185751579730777e-16
2014-02-14,46,4,0.5596376449190905,46,40.164396010357784,4.348982510237839,0.5894634367239872,10,7,0.9318547437438892,-0.0117050013939691,0.17281449051870457,1.249000902703301e-16
2014-02-17,46,4,0.5569138924774849,46,37.30500339898748,4.684283924097173,0.5884146055076418,10,9,1.0312781274747884,-0.032403318554336064,0.14574166251599344,5.551115123125783e-17
2014-02-18,46,4,0.5559607363992437,46,37.550113647495635,4.6520570873528495,0.5871028141996454,10,10,1.0771217019513581,-0.03377452593876489,0.16288925105820304,2.0816681711721685e-17
2014-02-19,46,4,0.5562413973675827,46,34.6550208717272,5.042077441795037,0.588897333148228,10,10,1.095131572259857,-0.026640412033415516,0.2214050310664417,1.1102230246251565e-16
2014-02-20,46,4,0.5517513839359318,45,35.3812234030426,4.936886650620601,0.5856813314454251,9,10,1.0724476260479678,-0.02648776335313399,0.22463243050923026,1.0408340855860843e-16
2014-02-21,46,4,0.5508232845458142,46,35.519489449723935,4.9182178568034445,0.5853184917280886,10,9,1.0859874216287495,-0.045227142920134876,0.22729068681911982,1.5265566588595902e-16
2014-02-24,46,4,0.5499339977312445,46,35.05135642013877,4.9843379528297955,0.5795230719973344,10,9,1.0882049490788213,-0.040514044500299516,0.2272927313503126,9.020562075079397e-17
2014-02-25,46,4,0.548897466440604,46,33.09158979188385,5.278497643211888,0.5757006667788154,10,9,1.086460649178056,-0.036182999484877916,0.15453886611833995,1.20346441145891e-16
2014-02-26,46,4,0.5485231817684082,45,33.49399902333204,5.215056266629384,0.5723987856788466,9,9,1.0532528934938852,-0.0708937183709146,0.31034851347781606,1.4224732503009818e-16
2014-02-27,46,4,0.5448479291393993,46,33.286741112533875,5.24869707575027,0.5704108450730316,11,9,1.1795892414176596,-0.07697521025875845,0.34227960259483686,2.498001805406602e-16
2014-02-28,46,4,0.5451434770914655,46,33.10674048666139,5.276389116400633,0.5563555112258596,10,8,1.0909439245044055,-0.09278059482531412,0.28270671085577,1.3877787807814457e-16
2014-03-03,46,4,0.5525790827203607,46,29.707260099422925,5.880496906004807,0.5821916183274869,11,9,1.14412183944234,-0.09280688531037885,0.356683938178929,1.8041124150158794e-16
2014-03-04,46,4,0.5570614478814625,46,29.988054167050404,5.829001493242823,0.5951548887716854,11,9,1.1380570519769622,-0.08752184879301461,0.41225231468824336,4.735795089416683e-16
2014-03-05,46,4,0.5577519906392102,46,33.397184261002806,5.232246127952953,0.5953034900055522,11,9,1.1316362756399485,-0.10199513893869264,0.33402000996116515,1.6653345369377348e-16
2014-03-06,46,4,0.5575919514292479,46,31.798080012735973,5.493197727302732,0.5925165875384791,10,8,1.0546348182395506,-0.09223865746317503,0.34367528777418943,2.203098814490545e-16
2014-03-07,46,4,0.5600455832535458,46,31.598551431285834,5.530552379136852,0.595051762749716,10,7,0.9995379159412153,-0.10213753730714642,0.32167216198952653,1.249000902703301e-16
2014-03-10,46,4,0.5598308754438736,46,30.7199746186049,5.686118955748097,0.5977524738347089,8,8,0.9072999596794756,-0.09116583747835184,0.12364020227100125,4.5102810375396984e-17
2014-03-11,46,4,0.5600302935644418,46,28.588140997197083,6.10999730515657,0.5945054047473183,8,8,0.904370193846908,-0.06410389127202033,0.18523311475180393,6.938893903907228e-17
2014-03-12,46,4,0.5610441799282281,45,31.621454770641417,5.523878985582898,0.5989869983945076,7,8,0.8304756458326061,-0.06690271228265912,0.14324625158615426,5.0306980803327406e-17
2014-03-13,46,4,0.561739267085945,46,30.185518883450356,5.791022572252106,0.5960312788075138,7,9,0.8491846493720369,-0.04821025423335891,0.06612208591623658,2.5153490401663703e-17
2014-03-14,46,4,0.5610813105223796,45,32.256793625627395,5.415079115685318,0.5920375349180508,5,6,0.6091582361644992,-0.040733156268982516,0.06912212994262322,2.5451645999097217e-17
2014-03-17,46,4,0.562189949668426,46,29.673640588432676,5.88655223775203,0.5947269572439559,5,4,0.5448698164495259,-0.05138009189675263,0.09041919233004317,9.80118763926896e-17
2014-03-18,46,4,0.5632146246289521,46,33.87057500097461,5.157795704572633,0.58660525922983,6,5,0.6732440415028634,0.039369216620140035,0.1368294513703647,3.8163916471489756e-17
2014-03-19,46,4,0.5603075434559588,45,33.26370114162994,5.251162182986927,0.5764863887907404,5,6,0.6665837364234919,0.027598796263003947,0.1397026519406635,5.334274688628682e-17
2014-03-20,46,4,0.5603435126427418,45,35.417052686854944,4.931892301866672,0.5726951524445364,7,7,0.9124564875976414,-0.00014405291726232727,0.34769667887213274,1.1449174941446927e-16
2014-03-21,46,4,0.5589572805272063,45,32.47053685709341,5.3794333696995125,0.5688370092048396,10,9,1.1466751393441874,-0.019611855647055268,0.29768951759267465,2.3592239273284576e-16
2014-03-24,46,4,0.5597439861991057,45,35.266882392311835,4.9528928459858665,0.5617144318629762,11,7,1.1271101252340425,-0.05757292092671036,0.2921549162293229,2.8622937353617317e-16
2014-03-25,46,4,0.5588475574079711,45,34.51871724790339,5.060242773410578,0.5682717676138344,10,6,1.0291062353197817,-0.04457289921451973,0.3063542969807304,1.960237527853792e-16
2014-03-26,46,4,0.5583744664343331,46,34.58052160507532,5.05127983509752,0.5701513895695972,11,7,1.113748522909767,-0.08622242966191068,0.3334033374237604,2.5847379792054426e-16
2014-03-27,46,4,0.5575878735933469,45,33.71550360885216,5.180794317283904,0.5669316142755235,11,7,1.192536697138241,-0.15306231804511577,0.39449628518973834,1.2559397966072083e-15
2014-03-28,46,4,0.5537735690293849,46,34.25309728122243,5.099484667487093,0.5692290724641385,12,8,1.2125404673046487,-0.16003328883810877,0.38538363622163563,3.452099717193846e-16
2014-03-31,46,4,0.5538073022256295,46,33.38448754053836,5.232448046023638,0.5688999853480227,12,8,1.1914272979232192,-0.1540872291324255,0.3779077805642622,2.1076890233118206e-16
2014-04-01,46,4,0.5539323185011168,46,34.5459439436115,5.057515770965616,0.5731239726695194,10,9,1.0409369230341887,-0.12295829634108846,0.18222063274879574,6.071532165918825e-17
2014-04-02,46,4,0.549749680351868,46,36.87646979622591,4.737242573400972,0.5760038978659492,9,9,1.0070835158201448,-0.11148060192986949,0.19408839738173372,1.0234868508263162e-16
2014-04-03,46,4,0.5491602878372581,46,32.43250236408512,5.38575946258321,0.5783528008010671,11,9,1.1256799017981556,-0.09538402057816152,0.23623199010227974,8.283304597789254e-17
2014-04-04,46,4,0.547908009222463,46,32.392067081632256,5.3924822228802896,0.5802365730729824,11,8,1.0665154502654959,-0.10299196098208492,0.2698377225006538,2.0930522939832663e-16
2014-04-07,46,4,0.5499910885319425,45,31.382196394666472,5.565993128855461,0.5906397522216095,11,9,1.0881326026874418,-0.07972191725021377,0.1854488027010481,2.3245294578089215e-16
2014-04-08,46,4,0.5497743922098342,46,34.444671805995725,5.0815304707282465,0.5919160398637846,11,9,1.0808813964395634,-0.047991522022626035,0.14986506994709584,1.249000902703301e-16
2014-04-09,46,4,0.5473859402919867,45,37.49815288872735,4.658178498003197,0.5888799437229795,8,8,0.9436571257012034,-0.048548832213970786,0.24422033673322147,7.632783294297951e-17
2014-04-10,46,4,0.5479458465296968,45,35.01800635691149,4.988093488841093,0.5965022002177995,10,7,0.9818939647868631,-0.040142724236987934,0.2019026983739455,1.8041124150158794e-16
2014-04-11,46,4,0.5490350129165774,46,39.28186453872594,4.447353355004033,0.6009766946487514,11,9,1.1156273406435413,-0.07605925845382679,0.20714762940354658,1.3357370765021415e-16
2014-04-14,46,4,0.5497739185666453,45,35.35428680684321,4.940648087611721,0.6027080279444965,10,8,1.0313706703428176,-0.07234420636112178,0.18425878898301323,8.326672684688674e-17
2014-04-15,46,4,0.5439913624755097,45,37.7103297713497,4.631969292239219,0.607635245659225,12,9,1.183277764736525,-0.09939196318938144,0.24642846771933455,1.6653345369377348e-16
2014-04-16,46,4,0.545029809900316,46,40.04596534316779,4.362430165628457,0.6160054864728952,10,9,1.0351165891705518,-0.07124247487751417,0.1442004684992252,6.938893903907228e-17
2014-04-17,46,4,0.5451648342372314,45,39.910398177995866,4.376631090526432,0.6123113144054982,8,8,0.8561695195120457,-0.035826672996180454,0.091151943693879,9.020562075079397e-17
2014-04-22,46,4,0.5477035305050779,44,42.26019993264351,4.1338380238980195,0.5968036512925071,6,7,0.779631516666875,-0.046146681720475397,0.16115611742430308,1.1796119636642288e-16
2014-04-23,46,4,0.5475432444638996,46,38.5872499922993,4.526729299424076,0.597287914287475,7,5,0.7299407824509659,-0.03842658206417896,0.16867069906210724,6.245004513516506e-17
2014-04-24,46,4,0.5476430231702235,46,40.136358612356325,4.351991451138463,0.5931889529307215,7,5,0.7287542837770102,-0.05649620805277904,0.18285284739522487,2.1510571102112408e-16
2014-04-25,46,4,0.5480191615501774,44,36.526798053804185,4.783315110726768,0.5944622893029882,6,4,0.6299573529999407,-0.017062192926833863,0.14175545074566043,9.71445146547012e-17
2014-04-28,46,4,0.5493918628383581,45,38.43442743106646,4.544703828732423,0.5938623025959843,6,6,0.6889150378978222,-0.026543910226113982,0.12424831510043471,6.245004513516506e-17
2014-04-29,46,4,0.5501192781071548,45,37.88336493697218,4.610812418371907,0.5977270752668249,5,7,0.6845908405052175,-0.004542897915545594,0.1108849706025483,2.4069288229178198e-17
2014-04-30,46,4,0.5491240871771106,46,35.15450947804204,4.968768730876205,0.5852287043025902,6,8,0.8014780035141056,-0.028414718135799884,0.1471126454220828,1.713039432527097e-16
2014-05-01,46,4,0.5494848104375787,46,33.05883519328731,5.283764431586942,0.5865503891579601,7,9,0.859744872587382,-0.007156637316842354,0.09864710179867307,4.9439619065339e-17
2014-05-02,46,4,0.5496594080389858,45,36.71876047876573,4.757052994806803,0.5864109288817257,6,7,0.7464130963351885,-0.006083965488180714,0.14121474385186178,1.3357370765021415e-16
2014-05-05,46,4,0.5491393030116932,46,32.95463358271958,5.3004199349333305,0.574733365320656,6,4,0.6874061486413433,0.01639617456147162,0.23563725201407723,7.654467337747661e-17
2014-05-06,46,4,0.5494072916311888,45,35.12009515025843,4.973593857128855,0.5735139745140932,6,4,0.6540904840302005,0.012033683940236678,0.13327491367570604,2.6020852139652106e-17
2014-05-07,46,4,0.5493381125942383,46,33.41497340231396,5.2274123474283885,0.5726835832369004,6,4,0.6237844006721461,-0.0030593023649465563,0.11797670418477463,8.153200337090993e-17
2014-05-08,46,4,0.5498062867259348,45,34.21082452066536,5.105784264146961,0.5723100811071385,7,6,0.7890804131442174,0.02506545269496159,0.20443772530858645,1.0061396160665481e-16
2014-05-09,46,4,0.5493142618954743,45,33.028285679122256,5.2885908520380775,0.5713817602389797,7,6,0.8004801748842126,0.03528107832021215,0.24880385195801405,2.8449465006019636e-16
2014-05-12,46,4,0.5505421963263101,45,31.363803560289796,5.569257222432759,0.5739375994282259,7,6,0.775683858092878,0.024242376348511223,0.19102141609147846,6.245004513516506e-17
2014-05-13,46,4,0.5507681312747071,46,29.85890419639783,5.850264688203595,0.5667836357563261,9,7,0.938044559927238,0.020707262479720552,0.23422949913988156,1.4051260155412137e-16
2014-05-14,46,4,0.5521328253640619,46,28.289498659389352,6.174563224047672,0.566966537340735,9,8,1.01876104877329,0.035910564601030565,0.30767108836569435,9.194034422677078e-17
2014-05-15,46,4,0.5537765181396528,46,30.091424239729232,5.804808074359043,0.5745025653598835,9,9,1.0058019225496435,0.04203716899516474,0.17324564914893267,1.2105117255800657e-16
2014-05-16,46,4,0.5543754230886966,46,28.176047436147773,6.200007869588282,0.5745303099492095,8,8,0.9120882820347395,0.023744850013666795,0.18682111031710202,1.6306400674181987e-16
2014-05-19,46,4,0.5500653469256468,46,29.75979408544996,5.870974510560512,0.5721820089824383,5,7,0.7233719405991806,0.021719305354849255,0.14048170155564793,6.526897078362737e-17
2014-05-20,46,4,0.5501409145760816,46,29.896952624655064,5.864686837440554,0.5707076948383962,8,6,0.8894039512735599,0.03300241837440395,0.26218445207615204,4.3021142204224816e-16
2014-05-21,46,4,0.5487122982824242,46,31.48503895424656,5.548551657978738,0.5718105374390107,8,6,0.8754345212891756,0.02493997135617706,0.23811194744080708,9.020562075079397e-17
2014-05-22,46,4,0.5472213494040243,45,30.236337545734816,5.776926164979457,0.5758531680399746,8,5,0.7823669492518406,0.0035724356538792603,0.17494852846262265,1.177877240188252e-15
2014-05-23,46,4,0.5451031247356078,44,30.88718954897918,5.6602438746759685,0.5779640516011668,8,5,0.7926800001002849,0.0021924225083255868,0.22318629569635762,1.4224732503009818e-16
2014-05-26,46,4,0.5460079823899693,45,34.76238687785318,5.024772611698563,0.5828581767962523,7,5,0.7544809383698745,0.015071976303262201,0.2066030288565267,2.3592239273284576e-16
2014-05-27,46,4,0.5460000346698111,45,32.83760626573583,5.319300319504945,0.5844251835125908,7,6,0.7666519061749988,0.03178906076236376,0.12057389310979663,1.0234868508263162e-16
2014-05-28,46,4,0.5461192844387776,45,35.69030247523951,4.894133066602261,0.5564139188533269,7,6,0.7258242907091803,0.04103988260231651,0.07921194767784252,2.2551405187698492e-17
2014-05-29,46,4,0.5467923057046525,46,31.99472319224257,5.462832039552585,0.5328823538047512,7,6,0.7268639797544737,0.035921313561841424,0.07754075674249652,6.299214622140781e-17
2014-05-30,46,4,0.5444546161297278,46,34.20160496306471,5.112162086900803,0.5270922930716523,7,5,0.6645245439977844,0.01847367882604919,0.0877594655305148,6.201636426617085e-17
2014-06-02,46,4,0.5433050147385575,46,35.65308989106566,4.899506825465457,0.5293831220212816,7,5,0.6640711706802311,0.018507200492816185,0.08751724777883801,3.5128150388530344e-17
2014-06-03,46,4,0.5416270662256358,46,35.837697321514526,4.874551972736769,0.5216392275086096,9,5,0.8162057554825219,0.007588740542266544,0.19809901739016933,6.938893903907228e-17
2014-06-04,46,4,0.5413887609894749,46,35.356341565987265,4.941846772708799,0.5192154367939235,11,6,0.9929431515132742,-0.012577511856790867,0.25651216487354594,1.43982048506075e-16
2014-06-05,46,4,0.540098161122322,46,35.03380272144822,4.986092889926859,0.5218741494319807,11,6,1.0040717309201257,-0.039801683043429764,0.2652484288062375,2.914335439641036e-16
2014-06-06,46,4,0.5409448062774536,46,36.3557493871472,4.8049065826097,0.5184771151749809,11,7,1.0691081163257585,-0.07503390510975101,0.23837965378803572,4.185020385794047e-16
2014-06-09,46,4,0.5413211776567463,45,39.14944657128541,4.461700095378158,0.5099170448979086,8,6,0.8065290946167877,-0.020485976906725527,0.11575980041484726,5.551115123125783e-17
2014-06-10,46,4,0.5414866851965103,45,36.321892972920864,4.809030455305031,0.5117857320413183,8,5,0.7614356397827173,0.030240491738898,0.14525911810502,1.8041124150158794e-16
2014-06-11,46,4,0.5416790887474615,45,35.953553735422204,4.858298314166774,0.5054922918945471,8,4,0.7028514402396798,0.03740072140952732,0.17662606280006768,9.71445146547012e-17
2014-06-12,46,4,0.5423388233183994,44,36.494526729387886,4.786443962617819,0.5034832076033521,6,5,0.6456161906202283,0.026969628316117822,0.10032363767987366,9.568084172184577e-17
2014-06-13,46,4,0.5426925876002711,45,38.716611972739756,4.511579929155293,0.5152702148788786,6,5,0.7427106556597126,0.005858359099388099,0.24870992975657108,2.1597307275911248e-16
2014-06-16,46,4,0.5310133034802571,45,37.406227098485694,4.669625970061478,0.5191558577195414,6,4,0.6878716676490706,0.019463604846124433,0.23451312598729815,3.170207152347615e-16
2014-06-17,46,4,0.5300314923986965,45,40.990675114228225,4.261288427534965,0.5244655366275133,6,4,0.6805310579380974,0.012925501376916561,0.20353097400873021,1.0168461125198425e-16
2014-06-18,46,4,0.5286524438137932,45,40.88711937169263,4.272081090213404,0.5162002532326792,4,4,0.4816971989800871,-0.0015515232056394655,0.08718509260997481,7.24247051220317e-17
2014-06-19,47,4,0.5164935786629794,47,39.72697537101602,4.396838366621389,0.49537346019431244,5,5,0.6393396219715917,0.052180536093686114,0.14335038033186626,9.020562075079397e-17
2014-06-20,47,4,0.51333771313326,46,41.010618875170735,4.260576609207796,0.4900083532593643,5,4,0.6059342395198981,0.0950956414403712,0.1500542237606446,1.3877787807814457e-16
2014-06-23,47,4,0.5138422982764905,46,37.95192050195657,4.604222092759737,0.49232587734748046,4,6,0.688250476770397,0.06535370876835139,0.20115254069508298,5.898059818321144e-17
2014-06-24,47,4,0.5138604468170233,47,33.830359141748716,5.163205296438873,0.48950402102806706,7,8,1.0035324768340002,0.10265918682094909,0.34950967310912706,2.3592239273284576e-16
2014-06-25,47,4,0.5136176383708179,46,35.82840532465093,4.875268964876577,0.49412242230672937,7,7,0.9284141085669148,0.07698551999735698,0.2661823195403568,1.8041124150158794e-16
2014-06-26,47,4,0.5129743027779208,46,37.31467063302598,4.681597228042748,0.49216803810953197,7,6,0.8236352123565217,0.06473395611748549,0.1579480021420089,1.942890293094024e-16
2014-06-27,47,4,0.5120990771487983,46,40.99719228722766,4.2617658448495765,0.49446866073893914,8,6,0.8616606642239232,0.05292333829362961,0.1545565191255948,1.0061396160665481e-16
2014-06-30,47,4,0.5055090854940559,45,37.912542554615726,4.607263921945545,0.49814339258945517,8,6,0.8563254235820599,0.05203191495116432,0.17149367538695703,1.1102230246251565e-16
2014-07-01,47,4,0.501541915982929,44,40.07808471608578,4.358605790855838,0.49904719634679356,7,6,0.7489966062963284,0.055510222651291345,0.16646930176509872,4.163336342344337e-17
2014-07-02,47,4,0.4973544069435509,44,42.65427114921691,4.095202855197769,0.48630272898353805,7,8,0.8581483077523502,0.07553874317888498,0.10369914548263134,8.326672684688674e-17
2014-07-03,47,4,0.4982527498596049,47,36.59443212913906,4.773214922005012,0.4949583232997686,9,10,1.0841496728689397,0.05634996478906135,0.17421361252844625,9.020562075079397e-17
2014-07-04,47,4,0.4986385478519886,46,36.08535717859011,4.841812617906726,0.496379507892004,9,8,1.0188378560348816,0.11684663325008963,0.28516853275565773,2.0816681711721685e-16
2014-07-07,47,4,0.4996426467461691,45,38.79209953846137,4.502800610931675,0.5034471413826853,10,7,0.9050932911111469,0.06472309409572666,0.08508677054648331,6.245004513516506e-17
2014-07-08,47,4,0.5029421203513689,46,38.56651156589513,4.52914096725914,0.5035816020279186,12,8,1.1243313853631443,0.10789421304508061,0.25682293034536674,1.6653345369377348e-16
2014-07-09,47,4,0.5032695522757427,46,34.03368305186228,5.132943896907271,0.4951170286463204,13,8,1.1733412455767633,0.08706797091978538,0.20508999565382352,9.08995101411847e-16
2014-07-10,47,4,0.5049855042854643,46,36.14224155467076,4.8359142801181445,0.4991640429099397,11,8,1.071765640734418,0.09147792360971564,0.24720526746938704,1.186550857568136e-15
2014-07-11,47,4,0.5046867435081661,46,37.128119115118174,4.707560177509324,0.49207289757183176,12,9,1.1899592575306523,0.13353207792620786,0.2518547306279281,8.465450562766819e-16
2014-07-14,47,4,0.505098528675927,47,28.786118330404832,6.067962602537169,0.4953897882521179,11,11,1.2346281653375797,0.020813080922856386,0.2280099800304609,1.97758476261356e-16
2014-07-15,47,4,0.5059934549266851,47,30.610789121084725,5.7062589536704005,0.4889661652791982,12,11,1.2298629408455164,-0.0023667401120270083,0.15920919621954757,6.245004513516506e-17
2014-07-16,47,4,0.5075164407103019,46,36.2238472708489,4.822386088426094,0.49712863210657277,13,9,1.1871756378235507,-0.004045560871430449,0.17831852381118957,8.326672684688674e-17
2014-07-17,47,4,0.5086943558032612,46,33.65774802166069,5.190070884492516,0.5087916658093141,13,9,1.1820623291374508,0.01881334026616458,0.1869497779229087,1.3877787807814457e-16
2014-07-18,47,4,0.5077731644089505,46,33.38634177368232,5.245993717959448,0.5023182159534592,13,8,1.1239242100906093,0.0293337570410912,0.1879224352273995,1.457167719820518e-16
2014-07-21,47,4,0.5105277562946745,47,32.784519555998855,5.3279136576257935,0.5086169197085917,14,7,1.1409200142490767,0.004027105460254659,0.31643651249885524,1.8735013540549517e-16
2014-07-22,47,4,0.5124396431252686,47,31.01676986616262,5.631569317334484,0.515095243462729,15,7,1.2302117575525107,0.011507466390713372,0.37403582477360575,2.203098814490545e-16
2014-07-23,47,4,0.5140574743139059,47,39.702578609793946,4.399540171378626,0.5228925478884958,15,7,1.2381121313168744,0.014876571584009773,0.3721312406697838,2.636779683484747e-16
2014-07-24,47,4,0.515271775524542,47,39.000483871267335,4.478741599146989,0.5270460056372193,15,8,1.3101458784173912,-0.09861400950097546,0.38663446753810504,3.469446951953614e-16
2014-07-25,47,4,0.5210362329604397,45,35.216097014465454,4.960035447123997,0.5404072773383203,14,5,1.1624783145024702,-0.0701337627667694,0.48645068228312927,2.3765711620882257e-16
2014-07-28,47,4,0.5197385025889345,47,35.553230243170596,4.913001949651511,0.546202393419735,14,5,1.1690785632039506,-0.03816672708455424,0.45433953931609566,2.1510571102112408e-16
2014-07-29,47,4,0.520269674035636,46,36.11682889280182,4.836335161638917,0.5505090447645761,13,4,1.0702375531258719,-0.06414509254987136,0.5030460981096342,2.1163626406917047e-16
2014-07-30,47,4,0.5186268229531451,47,36.80377553935956,4.746064417067841,0.5602781107503083,11,5,0.989971291250505,-0.09055453068187748,0.3975034772969491,3.2612801348363973e-16
2014-07-31,47,4,0.518380646879754,46,29.35442750358684,5.953304004569516,0.5650674322688245,11,5,1.0053266138800179,-0.16047216559128222,0.4358094511064474,1.3183898417423734e-16
2014-08-01,47,4,0.519052969878063,47,34.63021035612987,5.043951154347736,0.5692274472436081,11,7,1.0540164500682394,-0.18475070472077218,0.3625146040895706,2.3245294578089215e-16
2014-08-04,47,4,0.5193934431009684,46,30.42381884627018,5.7422762237903555,0.5644499475043758,8,6,0.88967159987374,-0.04423907789558206,0.32161479776807506,1.951563910473908e-16
2014-08-05,47,4,0.520189324509036,46,31.42774997442403,5.559996829329446,0.5709200676433089,7,6,0.7373995109696144,-0.043925995076129,0.10549963019066053,6.245004513516506e-17
2014-08-06,47,4,0.5210240320046984,45,34.13036116644021,5.117821304301321,0.5726319795068673,6,5,0.6245317799688874,0.00817917553224174,0.09729156910445295,4.163336342344337e-17
2014-08-07,47,4,0.5221656463169156,46,29.06024651469037,6.0124484286169855,0.5694042388653414,6,4,0.6248519878880536,-0.021185730532306823,0.12491271279122064,3.469446951953614e-17
2014-08-08,47,4,0.5218740310277731,46,29.949536819364305,5.832392816107431,0.5723580130826692,7,5,0.7763547017171826,-0.10666338195296504,0.20351760000959596,7.632783294297951e-17
2014-08-11,47,4,0.5238904281539583,47,30.440047723251844,5.738265954415076,0.5876432258909244,7,3,0.6762938550142754,-0.07632335487504065,0.2585069561232806,6.817463260588852e-16
2014-08-12,47,4,0.5240404745123877,47,30.781464499052007,5.674619201646033,0.5908442300137191,8,3,0.714806389760029,-0.04311010590717099,0.2738066040269952,1.1102230246251565e-16
2014-08-13,47,4,0.5235712563506347,46,31.991858163365013,5.459924417995621,0.5931170223554219,8,4,0.7639637867904747,-0.05095544021925266,0.2434025388595641,6.245004513516506e-17
2014-08-14,47,4,0.5222327024881515,46,32.434662771258814,5.385396187637736,0.5948567798000569,8,4,0.7602113470709037,-0.050528889274350244,0.24260407227683917,1.249000902703301e-16
2014-08-15,47,4,0.5228181507884138,47,30.925424217124526,5.6482035064335,0.5932962204254767,8,3,0.7264589054188406,-0.0525085909213894,0.27940745308154885,5.551115123125783e-17
2014-08-18,47,4,0.5232946896394258,47,30.519682183560086,5.723293199796053,0.5965112646669393,10,5,0.897753065364653,-0.0584915088793326,0.29903222103487914,9.71445146547012e-16
2014-08-19,47,4,0.5240528245608441,46,32.01379901933715,5.456560191778953,0.5966519655024739,8,5,0.7599114316745514,-0.04554062079420073,0.1938557784837512,1.1102230246251565e-16
2014-08-20,47,4,0.5243358019204628,46,30.55863576825918,5.723061218560128,0.596684032209727,7,4,0.7092737300298247,-0.04510964387357641,0.1883758652904228,1.8041124150158794e-16
2014-08-21,47,4,0.5191533649065369,46,30.781165935329593,5.677571706897062,0.6029231278397222,7,4,0.691346750377596,-0.035271809662770166,0.187821209085877,3.7470027081099033e-16
2014-08-22,47,4,0.5196125463251708,46,31.633421197431943,5.523190748791743,0.6073757057282144,7,7,0.8655912706873016,-0.03253779254274637,0.20145776845041807,9.71445146547012e-17
2014-08-25,47,4,0.5229728701673481,46,30.600356126919984,5.722374019871426,0.6212448723117306,7,7,0.8713323954574145,-0.036066358818238345,0.2171987401171535,9.020562075079397e-17
2014-08-26,47,4,0.5231050081594443,46,30.81726429535614,5.670643688791566,0.6233828669377502,7,8,0.9164685424698307,-0.0434187947889509,0.18019061412082826,6.453171330633722e-16
2014-08-27,47,4,0.5199249250405459,46,27.378822816364995,6.384147140167752,0.6253237292316052,8,8,0.9033787286205538,-0.010923063143329961,0.13520114460673038,1.1102230246251565e-16
2014-08-28,47,4,0.5223690913198327,46,30.396462680580434,5.746951067873505,0.6199639063238105,9,10,1.0615135401730171,-0.006830686066564864,0.1367491821550299,9.020562075079397e-17
2014-08-29,47,4,0.5226582286838072,46,28.50365615275789,6.1281018093661,0.6175249209525664,12,10,1.170891865206776,-0.030874970579203097,0.11627323735538216,3.209238430557093e-17
2014-09-01,47,4,0.5242586862599772,45,30.456678011925128,5.735132683633915,0.616610765744072,13,10,1.2419882916545286,-0.06110122596305007,0.17993202411363624,5.204170427930421e-17
2014-09-02,47,4,0.5247582305190196,47,29.032346671767186,6.016499164739201,0.6197828930791124,13,10,1.2431898797165513,-0.061957715938796676,0.18028156113744173,2.2014725112318168e-16
2014-09-03,47,4,0.5257260387934111,46,28.720947606092928,6.086759394235051,0.6226832212854742,11,9,1.1075182449830554,-0.07085625130569592,0.13779637337358264,1.7520707107365752e-16
2014-09-04,47,4,0.5229725456427937,46,31.116146612233702,5.613706162010175,0.6235517536539521,10,10,1.1373874046978645,-0.01416870714735706,0.15225819992261433,7.806255641895632e-17
2014-09-05,47,4,0.5228128976650874,47,31.480590714454927,5.548596310834207,0.6210605432398401,12,11,1.2652167415841966,-0.023020721358358975,0.16418393563326378,5.412337245047638e-16
2014-09-08,47,4,0.5233944082446783,47,31.780513565127595,5.496232436368588,0.6188181292576564,10,11,1.196121361769405,-0.02549675606294093,0.18568149298157038,1.1232334506949826e-16
2014-09-09,47,4,0.5242739040170686,46,30.31359333083479,5.762594246940157,0.617961913987653,10,11,1.149012615716511,0.022055863177581833,0.1422024764088926,1.6523241108679088e-16
2014-09-10,47,4,0.5233983959617248,47,30.281442919029313,5.768321211382534,0.6188265787067652,12,12,1.2664047058546726,0.008815904843776062,0.15460001596388223,5.2909066017292616e-17
2014-09-11,47,4,0.5235130208849318,46,29.287834591194887,5.96410223767632,0.6211084091305934,13,11,1.2949928725635873,0.04211819845940696,0.19308224301722254,9.367506770274758e-17
2014-09-12,47,4,0.5235404531086131,47,31.561281269865624,5.534410596564792,0.6218275080839554,12,11,1.1987402458222174,0.004474274791601614,0.10996549054977087,7.45931094670027e-17
2014-09-15,47,4,0.523902520152346,45,34.92407644519108,5.0015091959620905,0.619102071443147,11,12,1.1842805383172654,-0.00568337144940265,0.07340553918682483,8.153200337090993e-17
2014-09-16,47,4,0.5251191418105171,46,32.334598537950626,5.402152201553865,0.6203484092880043,12,12,1.2353260074102905,-0.007607702870385819,0.10295113299601671,3.720981855970251e-16
2014-09-17,47,4,0.52484757806273,47,31.941275582134278,5.46856962715685,0.6179599502484058,13,10,1.2561533767780506,0.01826320668048034,0.25808250235125646,2.0990154059319366e-16
2014-09-18,47,4,0.5261607447666679,47,30.85951367920037,5.660267083821145,0.6177134204209672,12,9,1.183173296470163,-0.01925798919705749,0.2257314381928514,1.700029006457271e-16
2014-09-19,47,4,0.5250740072145542,45,32.51278618114283,5.372442968373325,0.6083003237433771,11,8,1.0408841807425269,-0.04242553435854854,0.19563902303879876,1.6455478472898744e-16
2014-09-22,47,4,0.5250915708986303,46,30.48718528197849,5.730856175352389,0.6073767387770551,10,8,1.0098379625411895,-0.058234629966388285,0.17810785423763495,1.249000902703301e-16
2014-09-23,47,4,0.5276150264508014,46,29.255239999844473,5.975557651246143,0.6134175661885236,10,9,1.0679527130388202,-0.06780373759091417,0.16983453460038817,4.163336342344337e-17
2014-09-24,47,4,0.528034361257669,45,27.778608168885633,6.288043246772698,0.6167599052936513,10,8,1.007788386650465,-0.0608068071240863,0.18279074661782496,1.1102230246251565e-16
2014-09-25,47,4,0.528072906110081,45,29.599243609175378,5.901268688060658,0.6180257649891984,11,7,1.054876598596985,-0.04241021879817365,0.28751731436471106,1.3530843112619095e-16
2014-09-26,47,4,0.5255764749651056,47,32.82956487076316,5.320603248587795,0.6120544723692692,11,7,0.9870104896472898,0.016677064268818216,0.19442960518723418,1.6653345369377348e-16
2014-09-29,47,4,0.5261466097964151,47,36.41656961553578,4.796527826349366,0.6092373691671453,11,8,1.0107746189297009,0.0505616339313028,0.10957099987235434,6.938893903907228e-17
2014-09-30,47,4,0.5263785560678217,47,35.99537766872881,4.852653335343512,0.6019789892721682,13,10,1.1858774610517169,0.08822633828853761,0.10256931336546267,2.7755575615628914e-17
2014-10-01,47,4,0.5276752599510461,46,34.88623414879932,5.006965344902834,0.6053944021078501,13,10,1.1817936710693164,0.0874681050129852,0.10527225583445227,1.1102230246251565e-16
2014-10-02,47,4,0.5327104975300265,47,30.946637704413387,5.644331741932519,0.6182747850211504,11,8,1.069807555518628,0.16315453062956,0.2811807327007806,1.3183898417423734e-16
2014-10-03,47,4,0.5326752542525497,47,30.284317495378946,5.767773684441111,0.6197820689260588,9,9,1.032885618834087,0.18270206805425301,0.1879653295804881,1.3183898417423734e-16
2014-10-06,47,4,0.528356608096336,47,31.971738113016947,5.463359198166018,0.616871566969862,11,9,1.118666628593799,0.1688451671129472,0.1781541968272577,8.500145032286355e-17
2014-10-07,47,4,0.5306605509640231,47,31.601766212486073,5.527320477172941,0.6222321078151799,9,7,0.8772642199745398,0.15338104528241833,0.08639064249831997,4.163336342344337e-17
2014-10-08,47,4,0.53105262636151,47,33.16720971153351,5.266439083067205,0.6178806993742632,10,10,1.1701374346418085,0.18714822390942662,0.22689977979331227,1.8951853975046618e-16
2014-10-09,47,4,0.5307024536236236,47,31.804516043679637,5.492084497095128,0.6140506852103529,11,6,0.9675437215158909,0.14612006398182525,0.22977501024767766,1.3877787807814457e-16
2014-10-10,47,4,0.533358431582477,47,33.58496041011508,5.2009318268691,0.6233377167725102,9,7,0.9255846680284449,0.10041238751933329,0.22351748140644845,9.020562075079397e-17
2014-10-13,47,4,0.5334228230848963,47,35.95423635334493,4.858206075759299,0.6191142972571667,12,7,1.0399764856363467,0.11167901329804183,0.1273103641101451,4.683753385137379e-17
2014-10-14,47,4,0.5320799773520676,47,34.91213951628333,5.003219279060143,0.6146913151841014,11,8,1.0375427967208934,0.08075261935805418,0.12358614412579919,8.760353553682876e-17
2014-10-15,47,4,0.5418765118215388,47,33.36632684737501,5.235011042722794,0.6391860443707097,12,8,1.0636537527537318,0.07781074553812657,0.13089554904951742,1.465841337200402e-16
2014-10-16,47,4,0.5413320465914973,47,29.91903891299245,5.838191862013783,0.6386614512718979,13,9,1.1595859723563526,0.13602253373266315,0.09377000871468297,7.806255641895632e-17
2014-10-17,47,4,0.5488796514176563,47,31.67122827478658,5.515197831470377,0.658109161455212,13,9,1.2908712587954487,0.11082272290625018,0.3636219315420454,1.5265566588595902e-16
2014-10-20,47,4,0.5482696423363659,47,33.13692089746296,5.271252873542623,0.6568541409843868,10,10,1.212575265947265,0.07406254943751081,0.4158295117858818,2.0816681711721685e-16
2014-10-21,47,4,0.5533142509180088,46,30.381871725213728,5.751935016348597,0.6682772452798575,10,9,1.2046487498540306,0.032461247473025756,0.4166413786263461,1.734723475976807e-16
2014-10-22,47,4,0.5533776737121292,47,27.663657661926536,6.314171887020876,0.6777291715698507,11,6,1.1229225166897572,-0.013842071548339323,0.41563801759712127,1.6306400674181987e-16
2014-10-23,47,4,0.5545964878750417,45,29.50185186438064,5.9207500025447395,0.6766250968718366,9,3,0.7818795095615751,-0.01383262925392903,0.29938341645116556,3.7470027081099033e-16
2014-10-24,47,4,0.5559028482775719,46,31.248963312078526,5.591715063234043,0.6756129719363165,7,4,0.6925220735292024,-0.014131788692004772,0.1985597083408997,1.3877787807814457e-16
2014-10-27,47,4,0.5570353868879167,47,30.75007402435211,5.680412000399616,0.6787619392089403,9,7,0.9344522870519658,0.008939058468050265,0.14521032984994753,1.5265566588595902e-16
2014-10-28,47,4,0.5550412025632302,47,33.30166234566619,5.245176282433775,0.6726136020094349,9,7,0.9265325932086949,0.035329933999039984,0.1657354877953422,1.457167719820518e-16
2014-10-29,47,4,0.5538709208876771,47,32.50048964392298,5.374475628362325,0.6702959924538349,9,5,0.8942553249330444,0.02593031429772509,0.2188506927739757,1.0408340855860843e-16
2014-10-30,47,4,0.5539236904237052,47,33.268472422590904,5.250409074463387,0.6678294809810863,10,4,0.93628349356742,0.01640228122940554,0.3737217607588621,1.1102230246251565e-16
2014-10-31,47,4,0.5581789272380144,47,36.24477447901297,4.819262694053959,0.678423511228492,9,4,0.8558860838797375,-0.01350062368819395,0.3120847857897406,8.153200337090993e-17
2014-11-03,47,4,0.5597080821574625,47,32.955185860460745,5.300321783670381,0.6730196907807866,8,4,0.7497384053327836,-0.0030432830513476457,0.23159859749024642,6.765421556309548e-17
2014-11-04,47,4,0.5613408491733209,47,34.71339412014494,5.03186432581479,0.6745237365868241,8,5,0.7804088283958365,-0.04451101204193187,0.2052334622246868,1.3183898417423734e-16
2014-11-05,47,4,0.5646219801173943,47,32.92524269865735,5.305142048603006,0.6816044469228806,8,7,0.8590493492529565,-0.06087149838354938,0.1363102493524659,1.43982048506075e-16
2014-11-06,47,4,0.5650524240559857,47,32.991985586059194,5.29440973006834,0.6803599107403765,10,8,0.993111956962108,-0.07585003084554495,0.15072522733638985,6.591949208711867e-17
2014-11-07,47,4,0.564550548762327,47,32.57449016256087,5.362266258947156,0.6761668496240351,11,8,1.084206167515037,-0.07250828523044242,0.22821405509887283,1.457167719820518e-16
2014-11-10,47,4,0.5647423189916604,47,33.438334065644554,5.223737796213062,0.6733661970294199,11,7,1.0484217392773552,-0.07366298004008062,0.26357278106176535,2.185751579730777e-16
2014-11-11,47,4,0.565406556835996,47,33.20932849188331,5.259759755268705,0.6723555477362262,11,5,1.0180830262045246,-0.08084509293750866,0.39410287721585113,2.220446049250313e-16
2014-11-12,47,4,0.5670565376953005,47,31.136921322386545,5.6098381626291784,0.67602407268285,11,6,1.0460264854984038,-0.10414252051624333,0.3575243719612224,1.5959455978986625e-16
2014-11-13,47,4,0.5666967543598252,47,30.117134925507052,5.799791046962128,0.6746587998219798,10,7,1.046707519993487,-0.08825609441075279,0.26101093277015075,1.8735013540549517e-16
2014-11-14,47,4,0.5662883142348203,47,30.726981227485243,5.684681101860451,0.6721551986757307,13,7,1.2843385887287182,-0.13217466176440962,0.4495857827853408,2.0816681711721685e-16
2014-11-17,47,4,0.5666732122566385,47,31.43119041753205,5.557317021110185,0.6666985274485538,12,8,1.2316417360574539,-0.15387481941793282,0.3395657782989225,2.220446049250313e-16
2014-11-18,47,4,0.5673779854606011,47,31.089954196495864,5.618312860711565,0.6657379808314731,10,8,1.125945096236287,-0.13927566798233829,0.23844944102630217,1.942890293094024e-16
2014-11-19,47,4,0.5667858141904665,46,30.6383359348658,5.702560216980079,0.6640561927125577,8,7,0.8848983288996674,-0.1640750644308182,0.19357614787237273,3.122502256758253e-16
2014-11-20,47,4,0.5663737882720151,47,31.433514213896903,5.556906183397159,0.6649078926838677,8,7,0.8699367055648022,-0.16831614726347513,0.188716541036604,5.551115123125783e-17
2014-11-21,47,4,0.5707197927774841,46,33.66598177179347,5.189446079606627,0.6751074239303604,7,6,0.78851875436205,-0.141480060652627,0.15757116443491587,4.85722573273506e-17
2014-11-24,47,4,0.5704486298192291,46,35.47724985698517,4.9236633337354165,0.6741894162843869,7,6,0.7497709617802932,-0.11649173000202766,0.1492830562186418,9.8879238130678e-17
2014-11-25,47,4,0.5704688983398611,47,33.04209829374329,5.286380058199318,0.673913731137537,7,8,0.8349067806813106,-0.1335998642435761,0.18339688828904327,7.28583859910259e-17
2014-11-26,47,4,0.5705915947326288,46,32.63923896711373,5.352208570829021,0.674041065049366,8,7,0.879151660388975,-0.14180559293088438,0.1779526719211061,1.5265566588595902e-16
2014-11-27,47,4,0.5667292344445006,47,34.457613806998346,5.0692160658446435,0.6726474529580446,8,8,0.9432991217713896,-0.16549564936019245,0.19925571835931813,9.020562075079397e-17
2014-11-28,47,4,0.565836939177004,47,32.03178399589719,5.453117738415047,0.6718986842683154,9,11,1.1262246745401492,-0.14515237316509977,0.2605379224331113,4.5102810375396984e-17
2014-12-01,47,4,0.5647408551480971,47,32.19526665814465,5.425427636795734,0.6727043326541686,9,12,1.1753334378679487,-0.14358898496119926,0.2796741914038471,2.0816681711721685e-16
2014-12-02,47,4,0.564583153557521,47,35.142674609264304,4.9703982819525905,0.6712086995353269,9,12,1.1631505402978672,-0.13894042426831563,0.242676034304882,8.326672684688674e-17
2014-12-03,47,4,0.5642325082118327,47,32.8976364298703,5.3095938935754985,0.6696830259096574,8,12,1.144106544060066,-0.13034809498950456,0.3348890713379768,1.3877787807814457e-16
2014-12-04,47,4,0.5638501151302013,47,30.873102904208707,5.657775638654523,0.6696128805129106,7,11,1.029565812165424,-0.13453551234757552,0.27642696998768007,1.5265566588595902e-16
2014-12-05,47,4,0.5682378689557873,47,32.146147617223285,5.433717644210647,0.6773160126487628,8,9,1.013780331601642,-0.09808621192964655,0.32663954746385326,9.367506770274758e-17
2014-12-08,47,4,0.568212227800986,47,29.662294223532427,5.888724863450725,0.6794901917807926,10,8,1.023482075170113,-0.06657429973882045,0.14157557501319606,1.0538445116559103e-16
2014-12-09,47,4,0.5725538049113585,47,32.69484037252939,5.342527674423781,0.6890351670379218,11,7,1.069847961296566,-0.0694415309021893,0.2384933342364589,1.8127860323957634e-16
2014-12-10,47,4,0.5684119654178705,47,30.64418627976932,5.700040063273662,0.6841863480754333,12,9,1.1701757174858474,-0.09970084339101558,0.22751499233093203,4.996003610813204e-16
2014-12-11,47,4,0.5663668545980851,47,31.09174376671666,5.617989483371842,0.6820047229102032,12,11,1.3679739188679525,-0.1246924402719205,0.316689699174776,1.5265566588595902e-16
2014-12-12,47,4,0.5719950755723957,47,28.97785510215786,6.02781292422499,0.69996576191271,10,9,1.2308262461248642,-0.1311863900223855,0.3077678967520265,1.8735013540549517e-16
2014-12-15,47,4,0.5738770631976323,47,34.45707737910684,5.0692949834166665,0.7153677977451526,10,9,1.1706741506704548,-0.11156289785056564,0.30581133913776315,2.498001805406602e-16
2014-12-16,47,4,0.5750357074347549,47,35.77660176710607,4.8823275792980745,0.7147350858475197,8,9,1.0510536024645745,-0.11750129736466816,0.2423132191022699,1.3183898417423734e-16
2014-12-17,47,4,0.5724857545024253,47,33.649537681512896,5.190950650031422,0.7088015254554935,8,8,0.9326431552101202,-0.05647833638080153,0.19726659872117022,3.694961003830599e-16
2014-12-18,47,4,0.5790639246162863,46,36.68368405483004,4.761896666528915,0.7178042186452678,8,10,1.0142494984934027,-0.06964422425863523,0.1476581391607582,1.0928757898653885e-16
2014-12-19,47,4,0.577124607597862,47,32.623251951222834,5.354251310147481,0.7230109344033644,8,10,0.9633171876486342,-0.09377313009548677,0.1013432074126861,4.163336342344337e-17
2014-12-22,47,4,0.5772582144264989,47,34.01670798242092,5.134920451190438,0.7214970371190231,8,9,0.9759375836725029,-0.09752688448904558,0.16372427198553202,1.0408340855860843e-16
2014-12-23,47,4,0.5779387643346054,47,35.30842364350845,4.947065642598302,0.7245279399414569,9,7,0.9214349084791119,-0.09576948690374767,0.17690912989268442,6.245004513516506e-17
2014-12-24,47,4,0.5779572720695874,47,33.67220767276512,5.187455815152446,0.7221799762019613,9,7,0.9213094897932953,-0.09187251521776321,0.16969174699575212,7.632783294297951e-17
2014-12-29,47,4,0.5778467798876121,47,32.26515250979846,5.413676239343996,0.7124390014060166,9,8,0.9789943413061307,-0.09987570104126742,0.14703296688946219,1.0408340855860843e-16
2014-12-30,47,4,0.5790080569700147,47,32.72205698389626,5.338084020422962,0.7150871324927754,6,6,0.7371284590278422,-0.08983379702326252,0.19709110602493157,7.632783294297951e-17
2014-12-31,47,4,0.5795411998971778,47,30.28509573124015,5.767625470007173,0.7158446224660625,6,5,0.6818357828428024,-0.07821234568433383,0.16357223202111,1.1796119636642288e-16
2015-01-02,47,4,0.580644270357777,47,30.7557926555524,5.67935580322532,0.7128036956328947,6,6,0.7566040747263616,-0.08144484894532125,0.23155822731430686,1.3877787807814457e-16
2015-01-05,47,4,0.5873318532015646,47,30.20196325272351,5.783501159824595,0.718982538347284,6,6,0.7598025030700353,-0.08355901192691734,0.2045297111323344,1.249000902703301e-16
2015-01-06,47,4,0.5869190185251375,47,31.463213273116178,5.5516608550073325,0.7179931233916452,6,3,0.579805481743098,-0.00892304942114245,0.14931160048808215,9.71445146547012e-17
2015-01-07,47,4,0.5877328166069108,47,30.539422590820138,5.719593714702755,0.7150375158759065,7,5,0.6970857874654387,-0.02253183735310796,0.20362514924774858,1.6653345369377348e-16
2015-01-08,47,4,0.5966135413907823,47,28.15193352592447,6.2046569320097955,0.7289437245870879,6,6,0.6774948064918558,0.005147231859965649,0.08817645826265601,4.163336342344337e-17
2015-01-09,47,4,0.5967957516008979,47,29.75509415375549,5.870359159292398,0.730982329289586,7,5,0.755777899675189,-0.005178298319174476,0.20928015488261148,1.3383391617161067e-15
2015-01-12,47,4,0.5987521747052844,47,30.8057640793585,5.670143063198568,0.7189113414309695,5,6,0.749084215565721,-0.003669020168846418,0.20652081096057404,1.6740081543176188e-16
2015-01-13,47,4,0.5996862876516549,47,31.487957333311016,5.54729821474701,0.72417985646853,5,7,0.7369861908844699,0.07739393332537776,0.16799450988019804,4.2934406030425976e-17
2015-01-14,47,4,0.6005231858250635,47,30.212916381947686,5.781404459368045,0.7168654456167578,7,8,0.8476634259385012,0.0783615567061201,0.11704713663735801,1.1015494072452725e-16
2015-01-15,47,4,0.603069556782768,47,32.9088976034464,5.307776991071664,0.7223565232103486,6,8,0.8137221147102293,0.052623815808395515,0.13466636893482498,4.2977774117325396e-16
2015-01-16,47,4,0.6045235552778983,47,31.663614509089694,5.516524004262454,0.7165774493224257,8,6,0.842771501070287,0.07606662247719242,0.26498738760922097,6.453171330633722e-16
2015-01-19,47,4,0.6043193884607628,47,35.88051921787273,4.868187342564943,0.7199981452787387,9,7,0.9387341681339507,0.04816221777557816,0.22542684141515937,1.0824674490095276e-15
2015-01-20,47,4,0.599839551084754,47,31.6428072388085,5.520151489178792,0.7181853362959123,10,8,1.0580198952815258,0.034349886691815726,0.2426908517939207,1.734723475976807e-16
2015-01-21,47,4,0.5997247171864188,47,31.549457151787657,5.5364847851655945,0.7155174272310532,10,7,1.0104021401449443,0.022454729731483783,0.24085124980273115,4.3021142204224816e-16
2015-01-22,47,4,0.600028416225941,47,36.71108467632325,4.758047631694231,0.7147406756214311,8,5,0.8367423884543195,-0.029418650853474566,0.2287794017916713,1.5265566588595902e-16
2015-01-23,47,4,0.6030395711722254,47,34.829091839585054,5.015149126069984,0.7259483515308045,10,8,1.0143302705114579,-0.005727472378967459,0.15067531649046234,2.8449465006019636e-16
2015-01-26,47,4,0.6043304573605532,47,34.68562178444809,5.03589327550772,0.7288520824768752,7,10,0.9731744243197399,0.008433005352822362,0.18288967211504611,1.6653345369377348e-16
2015-01-27,47,4,0.6063073975925545,47,35.42383756340813,4.930947675797238,0.7302336144562116,7,10,0.9621428015190923,9.922951148463866e-05,0.13944859554713654,2.636779683484747e-16
2015-01-28,47,4,0.6033247390038198,47,34.40141619485236,5.0774970574392615,0.7205262945527041,7,10,1.0327843513912311,0.028271708918790862,0.3258552476038248,4.163336342344337e-17
2015-01-29,47,4,0.6019722517345945,47,32.77557624388823,5.3293674595173,0.7153802497481846,7,8,0.9290335427046665,0.006935172317858354,0.3325419757776802,1.209969624493823e-16
2015-01-30,47,4,0.6021966413345547,47,34.62316446215131,5.0449776100636905,0.7132801379962277,7,7,0.882915939974861,0.015123059809341505,0.32889085066819046,2.7755575615628914e-16
2015-02-02,47,4,0.5993671057210042,46,33.50343187315761,5.213588394892014,0.7021842254805146,7,7,0.8215797274543315,0.010449873620886022,0.1559897041341427,8.673617379884035e-17
2015-02-03,47,4,0.6000231544960019,46,29.04408495291775,6.014163890620521,0.70323188088619,5,7,0.8163326354495913,0.03633442813431461,0.24273845984212097,1.5265566588595902e-16
2015-02-04,47,4,0.5990748824340909,47,30.4366941713118,5.73889820352911,0.7010437054621582,5,7,0.8149122096870731,0.03493884672916969,0.2589477893077501,1.1796119636642288e-16
2015-02-05,47,4,0.5982587415776188,47,30.78606333713518,5.673771524091217,0.6971656585707532,5,7,0.7878075615254798,0.008952489180661403,0.22539668113960531,1.249000902703301e-16
2015-02-06,47,4,0.5983325528670117,47,34.5544106010825,5.055015740758551,0.6976035058189388,7,6,0.8709976921306863,-0.035230873015090765,0.2787601089157183,6.245004513516506e-17
2015-02-09,47,4,0.5988762022271031,47,34.401552504141804,5.07747693887002,0.6926462165810094,9,8,1.0259703841004355,-0.004380905768873429,0.19852347265946485,1.1796119636642288e-16
2015-02-10,47,4,0.5990918105784525,47,34.521744763708256,5.059798996160099,0.6931294078059508,11,8,1.059201022607508,0.028585903817456203,0.15285008492306862,6.938893903907228e-17
2015-02-11,47,4,0.5985916408371571,47,33.186702571631145,5.263345736868155,0.6921831522090585,11,9,1.090608046975068,0.019599046285870145,0.0930629309959165,4.163336342344337e-17
2015-02-12,47,4,0.5989531515544431,47,34.256412037439155,5.098989623028949,0.6899560402862096,11,10,1.0962573168276533,-0.006404413970217683,0.084053891558875,3.382710778154774e-17
2015-02-13,47,4,0.598919321985073,47,34.44016523114585,5.07178430558577,0.6886757567864981,11,10,1.1014112276544843,-0.011850172388705758,0.06657291644049805,1.0148132334464322e-16
2015-02-16,47,4,0.5993424265809247,47,34.94763161491051,4.998138112071131,0.6904172643480911,10,10,1.0721671806456592,-0.011663015560244443,0.07998007005745374,2.7755575615628914e-17
2015-02-17,47,4,0.5995914433854982,47,33.219993515924784,5.258071149754215,0.6918307003332682,10,9,1.0315216792540056,0.03176201671866093,0.18143635879722225,5.117434254131581e-17
2015-02-18,47,4,0.6005940301264076,47,33.85559586715032,5.159356526658844,0.6848343380028663,11,9,1.0983212607920547,0.034400906243746365,0.2152453170950903,4.163336342344337e-17
2015-02-19,47,4,0.6008892001275878,47,29.97601957907273,5.827094189084777,0.681148300583028,12,8,1.1345376829375549,0.039127504600871305,0.16583595567555093,5.377642775528102e-17
2015-02-20,47,4,0.6015043977277887,47,29.054032030587464,6.012008567940385,0.6805920339870134,13,8,1.1846117681884518,0.024473099919156333,0.24323367431880616,2.42861286636753e-16
2015-02-23,47,4,0.6020777259591338,46,30.081430490130916,5.806746227598089,0.6801666823352291,14,6,1.182529287848411,0.018154953792867683,0.38579225828575514,1.1362438767648086e-16
2015-02-24,47,4,0.6022707835891761,46,32.357728036283284,5.398940794146219,0.6815046606463664,10,6,0.945598803176547,0.03138275354909046,0.16878613337541853,9.540979117872439e-17
2015-02-25,47,4,0.5969701138692394,47,34.2451031830237,5.100673476367178,0.6792425395465924,10,7,1.0187117590994823,0.007073878999035341,0.2691610711501141,1.3791051634015616e-16
2015-02-26,47,4,0.5927905866577717,47,33.56625917020882,5.203829494831953,0.67612969241431,8,7,0.8784441294687179,0.007294022364365243,0.18184393057170017,9.6710833785707e-17
2015-02-27,47,4,0.5925973280895376,47,32.985576864248216,5.295438373564647,0.6778373086216197,7,6,0.7954742305284958,-0.0023815568901803634,0.13956296593626283,3.305732423908303e-16
2015-03-02,47,4,0.5926561067181634,47,32.59483285868806,5.358919625646971,0.6778393636680521,6,5,0.6752250102922621,-0.01538121274700984,0.11330174137009835,2.949029909160572e-17
2015-03-03,47,4,0.5918534086751154,47,33.38640707358376,5.23186244977263,0.6776333991211475,9,7,0.9458448525631435,0.009019001042930914,0.18326456056109217,1.1379786002407855e-15
2015-03-04,47,4,0.5921664233418212,47,38.65509002233078,4.518760385765465,0.6730465578955508,10,7,0.98473746387614,-0.030744453692002446,0.21377981878950264,2.0122792321330962e-16
2015-03-05,47,4,0.5930048093368945,47,38.0898354670319,4.58581895561854,0.6707622692623437,9,6,0.8643105340430265,-0.012332538953796338,0.176073126246727,1.1102230246251565e-16
2015-03-06,47,4,0.5919431375462244,47,35.58079933604443,4.909195205295939,0.6598917589670934,9,7,0.8857227748616734,-0.028730453573886698,0.21721601308812802,1.249000902703301e-16
2015-03-09,47,4,0.5905222579133914,47,32.5491299969845,5.366444188133101,0.6592786475617621,8,7,0.8088054138724605,-0.025015827161721425,0.1110217223919969,8.825405684032006e-17
2015-03-10,47,4,0.5914239914550826,47,34.470971666009966,5.067251692047378,0.6641864260637624,9,6,0.8836273689443301,-0.037963731337797006,0.2171965784067546,7.28583859910259e-17
2015-03-11,47,4,0.592903646522281,47,34.86237474225245,5.010361192905375,0.6525609470090011,8,8,0.968270731651145,0.024403358540406005,0.29484023479027466,2.3765711620882257e-16
2015-03-12,47,4,0.591422647130544,47,33.22937524169758,5.256586626459328,0.6312251192336368,9,7,0.9213841583944373,0.047641547071463036,0.22225795444159585,3.9898639947466563e-17
2015-03-13,47,4,0.593080922038348,47,31.44095023960905,5.555591932493646,0.6280575580613882,10,7,0.9445540146732502,0.041286625618352564,0.16398102293157604,1.3183898417423734e-16
2015-03-16,47,4,0.593810592312531,47,29.910982941396806,5.8397642713158255,0.6309323072823336,11,8,1.0367800786440988,0.02706302446754362,0.12667220430038204,1.7780915628762273e-16
2015-03-17,47,4,0.5953945506727879,47,33.39916733574555,5.229863599448536,0.6198602186708564,12,6,1.0443754517313617,-0.008616630839277654,0.27337228300788124,2.1510571102112408e-16
2015-03-18,47,4,0.5934144320899782,47,36.15011647247245,4.831881790315007,0.6207225806385462,11,4,0.9498224253354413,-0.014264039442450964,0.36053864795979357,2.7755575615628914e-16
2015-03-19,47,4,0.5916695515921274,47,34.77240178553964,5.023325411296303,0.619300685696912,11,5,0.9949796079045142,-0.05096538904014746,0.3416490629461099,1.457167719820518e-16
2015-03-20,47,4,0.5917143432896825,47,32.74939902108057,5.333627325150923,0.6203223334101503,10,6,0.9662390501802731,-0.04974920812643503,0.24602591354501777,1.1796119636642288e-16
2015-03-23,47,4,0.5919392025375911,47,35.00393328244328,4.990098915218651,0.6212103663529397,10,8,1.0249421031811796,-0.045123261713334306,0.21149034782240453,9.71445146547012e-17
2015-03-24,47,4,0.5930726735594145,47,34.504514536824146,5.062325665086242,0.6222177791079445,11,8,1.1398300255570246,-0.054319841092033576,0.22713133048698325,9.71445146547012e-17
2015-03-25,47,4,0.5951416882687205,47,35.687704213600874,4.894489386474372,0.623965323229679,11,8,1.133470266546162,-0.051829923558819005,0.21739583585297645,2.463307335887066e-16
2015-03-26,47,4,0.5950470992760895,47,33.722468558992965,5.179724289624258,0.6235070907373719,11,7,1.0667887997895025,-0.026154949162763577,0.2010337558845142,1.3183898417423734e-16
2015-03-27,47,4,0.5957493437572327,47,36.60820912614212,4.771418588088517,0.6224847919907678,12,7,1.117900483487047,-0.02509001774658591,0.244723329606694,3.174543961037557e-16
2015-03-30,47,4,0.597124073849581,47,34.75103430601142,5.02641411944652,0.5964378909351411,11,7,1.041222596662671,-0.02005837724732032,0.1966868322202691,1.457167719820518e-16
2015-03-31,47,4,0.5973354148503544,47,33.36005543679758,5.23599518088433,0.6010213927670237,12,8,1.1695425734167226,-0.0645799914274579,0.22802412237033529,3.0357660829594124e-16
2015-04-01,47,4,0.59573715495205,47,33.97689143232239,5.140937918026804,0.6005128468867386,12,7,1.1223809919867926,-0.007310552036353911,0.21996963284839338,4.85722573273506e-17
2015-04-02,47,4,0.5962018809953783,46,33.38291917009478,5.233825866867443,0.5717925119522255,10,7,1.0303659997658918,0.018143341098258707,0.28746863722117966,2.220446049250313e-16
2015-04-07,47,4,0.597181754729583,47,33.22559877917258,5.257184096576758,0.5580869909929811,10,7,1.0407335759769651,-0.07140256761336213,0.19569600480492366,6.938893903907228e-17
2015-04-08,47,4,0.597432344019391,47,33.806543782207996,5.166842568302847,0.5604112399301797,11,7,1.0866724434936463,-0.10368680204809415,0.27671223746353374,2.0816681711721685e-16
2015-04-09,47,4,0.5974426461444315,47,36.08001424342674,4.841269970754769,0.5600385441995337,12,7,1.1637482153184913,-0.13093577949535173,0.36758074416211917,5.551115123125783e-17
2015-04-10,47,4,0.5971296466032009,46,33.687929099498106,5.188546148638687,0.5536336330430678,12,9,1.2052962394278397,-0.10420291743836738,0.2656698301756906,1.3877787807814457e-16
2015-04-13,47,4,0.5958818411788436,46,31.152471968341416,5.607076970833159,0.5432244762277898,12,9,1.1730129660683253,-0.10141326209891992,0.2602017672863498,5.898059818321144e-17
2015-04-14,47,4,0.5959795798598919,47,30.435683662739784,5.739088743222348,0.5487342060814789,12,8,1.1384461503895393,-0.11549101502081659,0.3018954811963885,7.632783294297951e-17
2015-04-15,47,4,0.5963872410496083,47,31.88948292617732,5.477451293439482,0.5487379159994659,12,8,1.139192024373487,-0.09963663021310783,0.31289366541389596,1.1796119636642288e-16
2015-04-16,47,4,0.5963155829501214,46,30.219890369750125,5.787406402112243,0.5636440335052232,11,6,1.0208629365028556,-0.08813728358488832,0.3706456448297355,1.249000902703301e-16
2015-04-17,47,4,0.5995524566235045,47,29.423384361976826,5.936539704345917,0.5821100513360566,10,5,0.9132562411788586,-0.07322219055880484,0.34190358396976733,1.2836953722228372e-16
2015-04-20,47,4,0.5999271736117927,47,28.852530030880562,6.053995587706015,0.580747460096201,9,6,0.8893629638251361,-0.058248187593872895,0.22405002496971171,7.979727989493313e-17
2015-04-21,47,4,0.5993618529351632,47,31.42059301455084,5.559191369183112,0.5638932974875437,8,8,0.9432329918296032,-0.10113972156863626,0.25539045333786325,2.42861286636753e-16
2015-04-22,47,4,0.5975412956204154,47,28.123620345539518,6.2109034098381946,0.5561550173422765,9,11,1.0725471909035558,-0.14731818913925515,0.20620127743779104,1.1796119636642288e-16
2015-04-23,47,4,0.5973460440721242,47,29.788377708754563,5.863800009819642,0.5545005034545034,9,10,1.039608559383965,-0.16301361274498252,0.12537704575330616,2.7755575615628914e-17
2015-04-24,47,4,0.5978855607705336,47,34.27237448646739,5.096614755131037,0.5538910777354266,10,10,1.080865612790669,-0.13179727428055849,0.15908615343467297,9.71445146547012e-17
2015-04-27,47,4,0.5968917263423618,47,31.07720173503864,5.620618323050862,0.5592136044681135,9,10,1.0045445231136139,-0.09301352457991478,0.0933150482926235,5.2231439659489176e-17
2015-04-28,47,4,0.5984568527358219,46,29.778754175055276,5.865835407534611,0.5662081507365385,8,9,1.0150110508994006,-0.04408084314230848,0.2513839422737737,2.1423834928313568e-16
2015-04-29,47,4,0.6057906459519373,46,33.77413125660508,5.1718105875142735,0.599425213199553,7,10,0.9954745239301579,-0.04711830592376571,0.15832242931516433,1.0798653637955624e-16
2015-04-30,47,4,0.6042909360035195,45,32.09207312264078,5.442873348617523,0.586058635604959,5,9,0.8221278193378402,-0.006530162260731859,0.19710040383324423,1.474514954580286e-16
2015-05-01,47,4,0.6052425699365928,46,30.595414579862684,5.710874544083792,0.5947440161189491,5,9,0.9298111048770321,-0.030759894634314507,0.26268445615423924,1.5265566588595902e-16
2015-05-04,47,4,0.6049381406976627,46,33.771899491925694,5.183018236938262,0.5970862109031094,8,11,1.053611337805495,0.025756924912356958,0.16999623305688707,4.163336342344337e-17
2015-05-05,47,4,0.608155313309372,46,33.04874583869663,5.286281075911107,0.6130600054022645,9,10,1.020146250502659,0.023555966902483877,0.09693532406412125,9.71445146547012e-17
2015-05-06,47,4,0.6074933671529827,46,33.88779206931992,5.170222876654734,0.6086172599017905,8,5,0.7838012974461933,0.03767192809179158,0.21405346999490346,9.790345617544105e-17
2015-05-07,47,4,0.6088854344180424,46,33.078699694021175,5.280566283787932,0.6078857200699637,7,3,0.6337197122627495,0.07830689072019198,0.13143154887335012,6.245004513516506e-17
2015-05-08,47,4,0.6113348226620197,46,34.46781434378127,5.067821029691192,0.618955635985637,5,6,0.7177740481312479,0.06446691965582106,0.15608669537280748,1.457167719820518e-16
2015-05-11,47,4,0.6097700533015981,46,33.46710826999806,5.219788740084624,0.6139512206992911,4,6,0.630323524757086,0.0807070289954097,0.17625103124880925,4.2500725161431774e-17
2015-05-12,47,4,0.6110106723308228,46,32.77920522493609,5.329393737206924,0.61692046927189,5,7,0.7230709686087871,0.08410555912570147,0.19295453260090162,6.071532165918825e-17
2015-05-13,47,4,0.6119537342336191,46,29.7298521265841,5.877678520976457,0.6162342946694768,5,5,0.6115885511837812,0.06921770307023406,0.07725006798112508,1.0202342443088597e-16
2015-05-14,47,4,0.6137585694254315,46,29.91459046299166,5.839129780287905,0.6216853486300428,5,3,0.456101140471942,0.07379963775701244,0.054901327785772974,3.729655473350135e-17
2015-05-15,47,4,0.6136585140887718,45,28.700538843532332,6.086056099970012,0.6204389275515625,5,4,0.5604637710218396,0.049181413683848055,0.14351755164901325,1.0061396160665481e-16
2015-05-18,47,4,0.6141420648021473,46,28.94780226238722,6.035009524702587,0.6252172318813505,5,5,0.6127338220722667,0.05991871162285181,0.12441625199637807,8.673617379884035e-17
2015-05-19,47,4,0.6160914105830355,46,31.357087973543415,5.572111277591507,0.6341014413138765,6,4,0.5904381260492424,0.04296303016201034,0.12179173282441057,1.3877787807814457e-17
2015-05-20,47,4,0.6156784194686431,46,30.764375840956117,5.677784682531836,0.6339266395103668,7,4,0.6238586429279662,0.03916547311195103,0.11523501320956978,7.632783294297951e-17
2015-05-21,47,4,0.6155676976401108,46,30.296904499356057,5.766647188543686,0.6337900181544649,6,3,0.5268973425197423,0.05044036154004807,0.11007992429076663,6.938893903907228e-17
2015-05-22,47,4,0.615533199039384,45,31.28376863381162,5.583505348914992,0.6349762574427981,7,2,0.5798306828881337,0.04588229429299582,0.21252122470839607,1.0408340855860843e-16
2015-05-25,47,4,0.616050297970151,46,30.729532453266444,5.684535900096175,0.6387858505052543,6,5,0.585394273300106,0.020058206002919528,0.03304160596499531,3.469446951953614e-17
2015-05-26,47,4,0.61675124470682,46,28.19918680855735,6.195293813228972,0.6416195938901168,6,6,0.6696402721902592,0.03435546365894802,0.08195510653388785,3.469446951953614e-17
2015-05-27,47,4,0.6182576304452622,46,27.49296466178103,6.356428752326911,0.6485111406235634,6,5,0.6299518961964083,0.04704728339552409,0.1437263121506298,1.457167719820518e-16
2015-05-28,47,4,0.6178498889596575,46,28.314005116145744,6.169340141143753,0.6459603255373452,7,5,0.7042346301893546,0.04139624287873461,0.18101288497010037,1.0408340855860843e-16
2015-05-29,47,4,0.6206741106252639,46,27.86679083285344,6.2684069642425655,0.6530981263295579,6,5,0.6714822633948763,0.010828437326518097,0.2060936974654714,1.1492543028346347e-16
2015-06-01,47,4,0.6204541793080115,46,28.534678614788852,6.1215224293744,0.6529694121019428,8,6,0.7831226395797438,-0.008054775607340157,0.12541340004882193,8.326672684688674e-17
2015-06-02,47,4,0.620217077093439,45,29.324814504932412,5.9564942677378685,0.651582884428203,8,5,0.7450523861853314,-0.0036295660770225904,0.1690032958376527,2.0643209364124004e-16
2015-06-03,47,4,0.6193906927899109,46,27.78611254933729,6.287581272642647,0.6509728277998397,11,6,0.9528504400118362,0.04696624164637234,0.2038160610678324,6.938893903907228e-17
2015-06-04,47,4,0.6199320550800602,47,26.87405571269519,6.499692170340757,0.6523576900846181,9,7,0.8706108094279548,0.07086099642824636,0.1081805748848667,5.551115123125783e-17
2015-06-05,47,4,0.621585377043551,45,29.885521024804106,5.84473964352613,0.6470962254787805,8,6,0.8060549704395459,0.08258158408403006,0.21454645233228095,5.551115123125783e-17
2015-06-08,47,4,0.6224564286361915,47,28.89670853571274,6.044739984321466,0.6540060331645261,9,6,0.8668203286204061,0.11242941442396878,0.1586443762184951,4.371503159461554e-16
2015-06-09,47,4,0.6219878105388483,47,29.313411851199177,5.958811290469435,0.6526028837497992,10,4,0.8191044235074304,0.1279656876980208,0.1950005763814181,4.137315490204685e-16
2015-06-10,47,4,0.6233941889146097,47,28.948183806214086,6.033991309106254,0.6604982884436968,11,6,1.0013929706761524,0.15355762554844532,0.2050032373394827,4.163336342344337e-17
2015-06-11,47,4,0.6233947344991635,47,28.476955062686713,6.133840121480542,0.6621381012690304,10,6,0.9609078434798649,0.1287767246356387,0.25847442321827646,1.491862189340054e-16
2015-06-12,47,4,0.6247477105289305,46,27.092200423693868,6.451066124400171,0.6691260780236499,11,5,0.9204160310985708,0.0990447569071646,0.22051096727134573,1.5265566588595902e-16
2015-06-15,47,4,0.6266350263497581,47,27.142890610112236,6.435316415269005,0.6777516435991805,12,5,0.9785252579667725,0.1043144228759251,0.2602104783776368,1.4224732503009818e-16
2015-06-16,47,4,0.6268206993511087,47,26.803959436038,6.5166898165894755,0.6749153744079085,11,6,0.9639001075433818,0.11082264402740913,0.14747760513776118,4.85722573273506e-17
2015-06-17,47,4,0.6273013351431025,47,29.438026898846893,5.933586856935316,0.6783333675761594,11,5,0.9432910954477001,0.11295770900471996,0.19146480802429636,1.3877787807814457e-16
2015-06-18,47,4,0.6276090712200985,47,31.782087855045987,5.4959601866865295,0.6797566096646112,10,5,0.9035251144158504,0.11920471107760815,0.20692470024870335,8.326672684688674e-17
2015-06-19,47,4,0.6272594201603082,47,34.25480201574023,5.099229282389172,0.6774418860549828,10,6,0.9152245926768793,0.1304961332006807,0.11809709626634646,8.847089727481716e-17
2015-06-22,47,4,0.6338991581387895,47,34.45544953637897,5.069534481524665,0.7039950486033306,10,5,0.8411915340752325,0.13548364282204847,0.12311610523223221,1.1102230246251565e-16
2015-06-23,47,4,0.6342285610442364,47,34.72912065771596,5.02958572497856,0.7047418147724712,11,5,0.9205363745377768,0.14773717058963784,0.16928349943572785,4.85722573273506e-17
2015-06-24,47,4,0.6339740428065912,47,35.84230213168128,4.873378078767751,0.6993233940697566,12,5,0.9609621236152665,0.14288473075981245,0.21552647670044978,8.673617379884035e-17
2015-06-25,47,4,0.63386158617683,47,36.249981378723035,4.818570461490795,0.7006408488572667,11,6,0.9425234770899575,0.12059109635299109,0.1431054601154104,1.0408340855860843e-16
2015-06-26,47,4,0.6341317844294337,47,35.5948525545701,4.9072570038973105,0.7010711385791102,10,8,0.9573533581161167,0.1063164440250793,0.05785444555860045,9.71445146547012e-17
2015-06-29,47,4,0.6418408353738116,46,32.240424422923,5.4211798251905785,0.7265966605072592,8,7,0.8535854534343049,0.09524525086583055,0.12528913128599176,4.85722573273506e-17
2015-06-30,47,4,0.6430919332352439,47,34.017302874010355,5.134830652154926,0.7286019350737025,7,7,0.8189422178112585,0.08250586239313286,0.1277712845330058,8.326672684688674e-17
2015-07-01,47,4,0.6446975721654961,47,33.437655988601726,5.223843727582131,0.7357154226663206,5,7,0.7180213963589812,0.03710931724339134,0.13754028371025503,1.192622389734055e-16
2015-07-02,47,4,0.6441193376564178,47,31.34186919785064,5.573154823614825,0.7327628207274932,7,7,0.837426966268289,0.027764633329562083,0.1746065482672069,6.938893903907228e-17
2015-07-03,47,4,0.6444197291677654,47,30.432086409300396,5.739767137613151,0.7325107318840133,7,7,0.8391888478553069,0.02939154735762029,0.16642815775252245,1.5265566588595902e-16
2015-07-06,47,4,0.6452538945871683,47,33.71580959825896,5.180747298742786,0.7394148737791693,7,8,0.8958627691063132,-0.015246894753361856,0.19550119220640366,5.551115123125783e-16
2015-07-07,47,4,0.6469991601966699,47,30.334480073091516,5.758235812192199,0.7404646522825704,7,7,0.8806397674434523,0.018822205352158845,0.2774032517030619,5.551115123125783e-16
2015-07-08,47,4,0.6463402550288876,47,33.83391921999984,5.162662012796135,0.741335119737989,8,7,0.931198952640877,0.02196688147272139,0.2913887700994622,1.3877787807814457e-16
2015-07-09,47,4,0.6493559267914331,47,35.47049341406104,4.924461790313386,0.7513566899050488,11,7,1.0207496543611436,0.011529896443118621,0.2149407305130587,1.1102230246251565e-16
2015-07-10,47,4,0.6526986061988325,47,32.10367010865713,5.440907189424538,0.757556920081723,11,6,1.00811192312481,-0.018055540338422323,0.29056372578261425,1.5265566588595902e-16
2015-07-13,47,4,0.6533926530952356,47,34.213148961778536,5.105437377197974,0.7612035731079014,11,8,1.0726569041901322,-0.03406156561912881,0.2077284575998907,8.326672684688674e-17
2015-07-14,47,4,0.6534752188310683,46,33.88984793645281,5.158029479161023,0.7607289571676156,11,9,1.1303064236356895,-0.04743759188689821,0.22450839238719184,1.3877787807814457e-16
2015-07-15,47,4,0.6527948746135904,47,36.24145551293924,4.819704038617955,0.76581293020186,12,11,1.2812895595093978,-0.033611963753965815,0.2472990367871996,2.3054474995731766e-15
2015-07-16,47,4,0.6528324539525736,47,34.2568934742124,5.098917963258843,0.7667390055643382,13,13,1.399406705392459,-0.0668824069485217,0.2578819333825437,8.673617379884035e-17
2015-07-17,47,4,0.6527369289547758,46,38.83565157388794,4.500352770209785,0.76902048515065,12,13,1.3526474793948207,-0.05875410642040184,0.2705843356833725,5.551115123125783e-17
2015-07-20,47,4,0.6531674741603427,46,36.62740043866367,4.7722270808079745,0.7751918921990936,12,13,1.3725159489329732,-0.07612937388328853,0.2633812826462919,2.914335439641036e-16
2015-07-21,47,4,0.6526822938087574,47,35.9919848744315,4.853110772037275,0.7763755041962873,12,15,1.4593861649877615,-0.1409380221520194,0.24263245079781842,6.245004513516506e-17
2015-07-22,47,4,0.6526533088615422,46,38.56727245602793,4.537364503688224,0.764987102028448,12,14,1.4286596042200232,-0.13431704645428785,0.24483255233139778,7.979727989493313e-17
2015-07-23,47,4,0.6524543107235484,47,35.89055124570017,4.8668266002749885,0.7714362615356595,10,13,1.2740141161117895,-0.10527454891996624,0.20354293293249529,2.203098814490545e-16
2015-07-24,47,4,0.6545667042985645,46,31.847239543621505,5.488451784625541,0.768723707288705,10,12,1.2289166916100458,-0.10795743555512835,0.20486482967820732,1.1102230246251565e-16
2015-07-27,47,4,0.660075217894426,45,34.467175582142254,5.0678097799114665,0.7776449033295842,8,11,1.0167766249232724,-0.04121568574414327,0.17634232636990058,9.540979117872439e-17
2015-07-28,47,4,0.6605257405421509,46,32.476395025576146,5.388294050523081,0.7766217201704252,9,11,1.073662555221534,-0.06715137719785419,0.12451355045195389,7.979727989493313e-17
2015-07-29,47,4,0.6600895008737165,46,30.866059815638554,5.668624409838838,0.775233099559244,8,12,1.0663422730236793,-0.017785772916545733,0.1733942268714166,1.3877787807814457e-16
2015-07-30,47,4,0.6574524745578956,45,31.541464638044772,5.537887714016252,0.7652591209778892,10,8,1.0122796050673406,0.014937452689925607,0.14405219101804945,9.020562075079397e-17
2015-07-31,47,4,0.6570499242943579,47,33.474530611726784,5.218089284870056,0.7592062127615972,10,7,0.9778009876319355,0.030338231454559685,0.16356844096218107,5.551115123125783e-17
2015-08-03,47,4,0.6564836395142816,47,31.391315522624872,5.564376216575343,0.7604899908048962,10,7,1.0065610051134186,0.021939565106794942,0.22896743194371177,1.6792123247455493e-15
2015-08-04,47,4,0.6569825586900688,47,31.629015570587704,5.522558522609769,0.7601560571294269,10,6,0.9877365723391237,0.002367193489675651,0.2858971319709466,1.734723475976807e-16
2015-08-05,47,4,0.6560646975735905,47,33.14643837903937,5.269739315689595,0.75876440486785,9,5,0.8965798461602971,-0.0014342917594225568,0.25381245702313526,1.3183898417423734e-16
2015-08-06,47,4,0.6555768375893805,47,32.15685829010077,5.431907804092849,0.7540487879208803,9,7,0.9881297549324013,-0.03510397870833117,0.29315477756697045,1.27675647831893e-15
2015-08-07,47,4,0.655648736465843,47,31.756207995479734,5.500439143299781,0.756454270352595,9,9,1.0686396531870708,-0.0371648871669954,0.28448606754813194,1.5265566588595902e-16
2015-08-10,47,4,0.6556432367242213,47,31.24128767489966,5.591097630762661,0.7549822050715415,8,8,0.9246652574460601,-0.005574356962974787,0.21454843700466672,9.381059297430827e-17
2015-08-11,47,4,0.658148190713108,47,31.96419499131583,5.464648477728351,0.758180846043685,8,10,0.9807391044475695,-0.006418146889927163,0.10390571994727626,5.984795992119984e-17
2015-08-12,47,4,0.6629032274254976,47,32.57375184094885,5.362387800889506,0.7700984566123753,8,10,0.9677928840493434,-0.01407628901738571,0.08409219439171702,7.28583859910259e-17
2015-08-13,47,4,0.6634199332644674,47,34.63182198029747,5.043716429371813,0.7726494693605483,7,10,0.9225696024274779,-0.045689303138501135,0.09755713927689785,1.1796119636642288e-16
2015-08-14,47,4,0.6635342225162719,47,32.608215465079795,5.356720293024437,0.7732635818284077,7,10,0.9679825769649802,-0.06295980538439315,0.18354175001181003,9.020562075079397e-17
2015-08-17,47,4,0.6631579039646405,47,31.855183168910578,5.48334908560753,0.7726558830976905,8,10,0.9748883592068417,-0.07114385747568597,0.09374846696530409,6.245004513516506e-17
2015-08-18,47,4,0.6627664214071901,46,33.238638993647896,5.256660218893618,0.7736413464730595,9,8,1.0355201664105862,-0.05822931529533432,0.21824759250810788,1.249000902703301e-16
2015-08-19,47,4,0.6630111910765192,47,33.24531431533751,5.254066418031185,0.77387526640218,9,7,1.0079023571459618,-0.0534574528265932,0.25544907717089377,2.0816681711721685e-16
2015-08-20,47,4,0.6643371599334245,47,34.14364242493,5.115830564508506,0.778129718954612,9,9,1.0609734216279367,-0.089181073385429,0.2572663526997485,1.4224732503009818e-16
2015-08-21,47,4,0.6678983456865275,47,38.043684129253165,4.591382078235523,0.7826581061490575,7,4,0.7421425358585972,-0.10519158331270594,0.26472394486318057,1.478851763270228e-16
2015-08-24,47,4,0.6788426750645723,47,33.30387135136674,5.244828376204315,0.8015188409807361,8,5,0.7514551266805336,-0.037982937080443716,0.202897601510181,1.1796119636642288e-16
2015-08-25,47,4,0.6871283652801148,47,32.66190071855537,5.347915634373159,0.8210570243131375,9,3,0.7983662066084937,-0.024350877048156673,0.32519920190511553,8.673617379884035e-17
2015-08-26,47,4,0.6862909980915023,47,33.76416089252223,5.173328312737403,0.8215272652938423,10,5,0.903175963479864,-0.016146100907764457,0.27034502119912374,2.6020852139652106e-16
2015-08-27,47,4,0.6894530134075387,47,32.33955313992219,5.401221493239424,0.8267834942718647,7,5,0.7006747122946138,-0.01877597789227803,0.11073285904730071,9.974659986866641e-17
2015-08-28,47,4,0.6892854349232532,47,31.382586611884186,5.565923920208659,0.8246350686196338,6,6,0.7268686855848064,-0.0108183300703232,0.12534538934178077,7.806255641895632e-17
2015-08-31,47,4,0.6887808122036719,46,33.006482485957065,5.295264650256297,0.8228815825900531,7,5,0.6942693874250346,-0.022247175083106457,0.11204959808156248,4.163336342344337e-17
2015-09-01,47,4,0.6915944595576695,47,31.539026802657222,5.538315769666985,0.8287054802273667,7,4,0.6692571148497868,-0.022185345545396758,0.1625450742150038,1.249000902703301e-16
2015-09-02,47,4,0.6913819671365743,46,32.31996338103547,5.404530596490921,0.8268312304051628,6,3,0.5713553406891586,-0.0076243962563292645,0.1543186439487108,6.635317295611287e-17
2015-09-03,47,4,0.6933321573253839,46,32.57143330412954,5.365805472136293,0.8307747616738133,7,4,0.7319275709094509,-0.03220781563555964,0.19024948120264318,1.3877787807814457e-16
2015-09-04,47,4,0.695514459164841,46,31.450825291475816,5.555948355779719,0.8331528990600933,7,5,0.7355746711385096,-0.02580757020574344,0.14000247073776376,9.71445146547012e-17
2015-09-07,47,4,0.6956965663198572,47,32.91128376390908,5.307392162339618,0.8326457378832116,8,5,0.7736102978538131,-0.014090225442927776,0.1597833237062124,4.0766001685454967e-17
2015-09-08,47,4,0.6959286838146608,46,33.69764305754808,5.183540272084015,0.8327650961814621,10,5,0.8999790518719192,-0.013937518106140918,0.25301856921438093,3.929148673087468e-16
2015-09-09,47,4,0.6965206172611461,46,34.33705354839956,5.100322772097865,0.8324016822668613,11,7,1.013536790620858,-0.014479584638894686,0.21523162779251387,1.700029006457271e-16
2015-09-10,47,4,0.6969930574447488,46,33.05997061239967,5.297365275560986,0.8338557400291597,13,7,1.1038029974984742,0.0008713212715350579,0.3112375612700051,7.686993402922226e-17
2015-09-11,47,4,0.6977282617781976,47,32.8837241563963,5.311840248700362,0.8349846408356282,15,9,1.2696012423689875,0.03000084280796711,0.27995948614593386,2.5500435096859064e-16
2015-09-14,47,4,0.69780019405548,47,37.81966130823426,4.618578894123402,0.8281503757591526,11,8,1.0938297913203967,-0.0177662424148451,0.22374229599547626,4.44956571588051e-16
2015-09-15,47,4,0.6991963226994153,46,35.94683432419978,4.862991966410219,0.8280319139479866,11,6,1.011646403863375,-0.033329074084973556,0.2751163910824159,7.667477763817487e-16
2015-09-16,47,4,0.6995713066135142,46,36.71908781529655,4.757012792735011,0.8274175879135603,12,9,1.248406276107121,0.004686222101867104,0.2793194227052035,3.469446951953614e-16
2015-09-17,47,4,0.6982252288298211,46,36.37869324391872,4.8017261788539045,0.825880887387373,13,8,1.2484209506477804,-0.0015490451471903803,0.24939080687631265,3.400058012914542e-16
2015-09-18,47,4,0.7000910346738262,46,35.72155020269128,4.890264559732256,0.8272460544651378,13,8,1.2163389616966416,0.019419567242701163,0.2190842467560072,1.5265566588595902e-16
2015-09-21,47,4,0.6960123119190156,46,39.86364381424751,4.381804834609701,0.8111778164106366,10,10,1.056433992833029,0.07311630697774985,0.08701518551254253,6.245004513516506e-17
2015-09-22,47,4,0.7002035707680121,47,40.756915251496416,4.285728898354077,0.8168119758249286,10,12,1.1843159988655525,0.045270120745893844,0.15529549169649537,1.3877787807814457e-16
2015-09-23,47,4,0.6992804943165791,46,43.23234260754634,4.049174231668169,0.8119702864645072,10,10,1.0473377799474708,0.04084013495066952,0.11256275567983925,6.245004513516506e-17
2015-09-24,47,4,0.7002277396370569,46,38.977469845382444,4.484021660041343,0.8129650329038072,11,10,1.104081070742412,0.04996651738931763,0.10149839115405007,5.551115123125783e-17
2015-09-25,47,4,0.702981274121466,45,37.80231250095668,4.62069852199348,0.8187026135632038,11,10,1.0776309374893085,0.04341974953459156,0.0433249968794998,6.938893903907228e-17
2015-09-28,47,4,0.7022721685783778,47,35.22119986839236,4.959316836274465,0.8224319185222049,13,8,1.1510198014085127,0.035011298832010464,0.21423792642633294,1.3530843112619095e-16
2015-09-29,47,4,0.7012995359277924,46,39.06962289304025,4.470905101145855,0.8181867615166107,11,11,1.1533802902906238,-0.004072706817314975,0.10234722312471907,5.551115123125783e-17
2015-09-30,47,4,0.7032406078310149,46,37.81075834226323,4.619894799731414,0.8215576617327771,12,11,1.1856371859256924,0.006948130919016769,0.05040162519204275,6.938893903907228e-17
2015-10-01,47,4,0.7016189961191125,46,38.933181308227695,4.499951890405749,0.8128661000579807,10,11,1.1620182188939259,-0.004845082531616793,0.1955771495186744,3.122502256758253e-17
2015-10-02,47,4,0.7015422457551457,46,39.899590820433886,4.3778791509329835,0.8066295141370712,10,13,1.2946566220531492,0.004747780133474107,0.18268213546401227,8.326672684688674e-17
2015-10-05,47,4,0.7052384267539968,46,40.47972716549623,4.315519461158709,0.811663395425383,9,11,1.1389649835414675,0.017218770527958692,0.13223233159637532,1.0408340855860843e-16
2015-10-06,47,4,0.7050596252333753,46,35.96161151514417,4.857525195763351,0.8119454001267832,8,12,1.1785890076312087,0.028860485475598108,0.22816081825112913,2.463307335887066e-16
2015-10-07,47,4,0.7046790800595605,46,34.21362604890017,5.10854064700098,0.8121264363114461,9,12,1.2437892591108768,-0.005271701630731797,0.2765418162325577,1.249000902703301e-16
2015-10-08,47,4,0.7047765375680629,45,32.593923636920906,5.359069115055682,0.8119545446388741,8,10,1.0267311668838672,0.013010212582035892,0.16736253245487095,1.1102230246251565e-16
2015-10-09,47,4,0.701550901311212,45,32.91709289425448,5.30645552638078,0.8122159223959659,8,10,1.0174046686914753,0.00022004013643800446,0.16804424706061127,2.7755575615628914e-17
2015-10-12,47,4,0.7015707339072594,45,34.04800009920122,5.130201156960291,0.8095979517294651,9,10,1.0996582958789456,0.014077035791660558,0.23150048860942612,8.326672684688674e-17
2015-10-13,47,4,0.697830665126236,44,37.29939428067113,4.6851268812796825,0.8040493273668134,8,9,0.9310474875885789,0.018576224320836346,0.07111725948416234,1.1102230246251565e-16
2015-10-14,47,4,0.6989735759190441,46,33.565222179946275,5.204003828902452,0.8033594426098509,9,13,1.1933228223581243,-0.00616200778704197,0.19320347909195498,1.249000902703301e-16
2015-10-15,47,4,0.6973716052608937,46,33.47240673469242,5.218690444052943,0.8027096542003445,10,11,1.1265387245860536,-0.02039569919034106,0.1338784854474424,5.551115123125783e-17
2015-10-16,47,4,0.6972955817304954,46,32.96728346151819,5.298927920203207,0.80228001224655,10,10,1.0626674580053181,-0.020588740239833786,0.15221463131615376,1.942890293094024e-16
2015-10-19,47,4,0.6972684336540358,46,31.579233668283287,5.5330382019337705,0.7980460321317543,11,12,1.2210115522083742,-0.014961686162303658,0.17123367250155233,6.938893903907228e-17
2015-10-20,47,4,0.6973809744214666,45,34.30607789154193,5.091607675273523,0.7973798500817462,9,12,1.1242489070232171,0.013914737787144346,0.1569288687652524,2.636779683484747e-16
2015-10-21,47,4,0.6957078842584371,46,29.653965042895685,5.890830113866811,0.7925516501708083,11,11,1.1703153502467583,-0.008780906283089585,0.14980071856180327,8.326672684688674e-17
2015-10-22,47,4,0.6994112344858519,47,29.659305570823363,5.8893182473205545,0.8033003346623452,12,11,1.2323082204913027,-0.013696072428422482,0.13978389142257194,1.1102230246251565e-16
2015-10-23,47,4,0.7020689336646826,46,33.65527250385067,5.190298364828502,0.8058769221155189,10,10,1.0562500480124024,0.0002793274290118358,0.10341461607161702,2.7755575615628914e-17
2015-10-26,47,4,0.7019558664663652,47,32.23361278648504,5.418973375964342,0.8053086888546537,9,10,1.10745751043382,-0.03165827496524108,0.21874835952409485,1.8041124150158794e-16
2015-10-27,47,4,0.7003803164807129,47,34.41460487878275,5.075551211944772,0.8045158650555134,7,11,1.0031086019099342,-0.019752793221967567,0.18790638905906837,2.7755575615628914e-16
2015-10-28,47,4,0.7001476915097304,46,33.82096925066159,5.16469161548795,0.8031722032871094,8,9,0.9628405576273327,-0.024316683143300325,0.17234197713101235,8.283304597789254e-17
2015-10-29,47,4,0.6980429242354893,47,35.3357668454733,4.943237549222249,0.8002372085388351,7,13,1.1055767789070705,-0.0467590225471259,0.258533787622002,2.203098814490545e-16
2015-10-30,47,4,0.6956158473535669,47,36.83963378917204,4.741444784731992,0.7957716458205242,6,10,0.9102852379032702,-0.03607892016723594,0.1810290931087598,1.0408340855860843e-16
2015-11-02,47,4,0.6957994326373664,47,36.42766083205041,4.795067416116446,0.7964601200120991,7,9,0.8749385680150421,-0.05665993837479263,0.09202684361808959,5.204170427930421e-17
2015-11-03,47,4,0.6957799215485672,47,33.467623440553595,5.219166213321566,0.7928908341309846,9,10,1.0258240268486907,-0.056538604947523524,0.09995869167086142,7.979727989493313e-17
2015-11-04,47,4,0.6945166674860332,47,30.905299950107548,5.651881385493505,0.7830726255441259,8,10,0.9627056881067163,-0.03754460439213474,0.09936298600088089,2.220446049250313e-16
2015-11-05,47,4,0.6936176611141512,47,33.57199720916043,5.202940069750901,0.7784661362208216,7,11,0.9681304222435473,-0.04825837799849934,0.1591086964540322,1.249000902703301e-16
2015-11-06,47,4,0.6910265561510722,47,31.959462315478206,5.465457703163883,0.7751863360552068,9,9,0.9654413312385025,-0.045592610705665775,0.0872018154332432,6.245004513516506e-17
2015-11-09,47,4,0.6919299554467605,47,28.59296352476096,6.108953671410893,0.7763544211007392,9,9,0.9344098610397505,-0.04854448273413689,0.051065172837891255,4.85722573273506e-17
2015-11-10,47,4,0.6921395761088693,47,34.78074147229123,5.02212092402524,0.7759783603405657,9,10,1.0129534746788984,-0.03719727832752873,0.07327735264671205,6.938893903907228e-17
2015-11-11,47,4,0.6917324172982474,47,31.755357159402273,5.5005865191281025,0.7720854046379737,9,11,1.0859769103261367,-0.03108860847695378,0.09307422387281405,6.245004513516506e-17
2015-11-12,47,4,0.691941885629159,47,33.69504648287518,5.183939710244361,0.7695563415983456,9,11,1.125415054624865,-0.02319381488981376,0.1656354304294811,2.7755575615628914e-17
2015-11-13,47,4,0.6926672764683043,47,33.565442160954184,5.203956160133618,0.7623429291393398,9,11,1.1117645526104663,-0.03133975527558525,0.14701330756027556,3.469446951953614e-17
2015-11-16,47,4,0.6929644525044113,47,30.01271781801758,5.819969073118878,0.7380255924066448,10,11,1.1296755084252277,-0.04765038493569851,0.11507398787847907,2.3765711620882257e-16
2015-11-17,47,4,0.6928998674895014,47,29.70068664031092,5.88111283811308,0.7224996535266621,10,11,1.1395037761841451,-0.034677556983573006,0.11696068547885616,3.8163916471489756e-17
2015-11-18,47,4,0.6916971960955604,46,28.773188567578664,6.07751112618232,0.7203337364665736,10,7,0.9798754876509034,-0.01898549791558032,0.16851578978945764,9.020562075079397e-17
2015-11-19,47,4,0.6913633947497767,47,30.038391436363355,5.814994783297666,0.7081399876168971,9,7,0.905485724472869,-0.04855991095692917,0.15427812164427424,1.0408340855860843e-16
2015-11-20,47,4,0.6914008363861373,46,32.02126966347122,5.454909422680123,0.7087626376166252,9,8,0.9382285282297763,-0.06300154892401372,0.1238977716402149,8.847089727481716e-17
2015-11-23,47,4,0.6919080790599376,47,31.958150447156928,5.465682057850302,0.7090191503472622,9,10,1.1064159371613074,-0.08634433289184931,0.23045397344292012,1.1796119636642288e-16
2015-11-24,47,4,0.6927218230344795,46,28.5833153186383,6.111752745907424,0.7019444671499262,9,10,1.1030355114485164,-0.0766947191060867,0.24192877443051392,2.220446049250313e-16
2015-11-25,47,4,0.6933999392087783,47,29.527013237898203,5.9157046496295,0.7056353124911555,10,9,1.0791903520784674,-0.08858499532156784,0.13051706004804234,5.551115123125783e-17
2015-11-26,47,4,0.693454725468499,46,28.40686314453717,6.1489874092706085,0.6993082219986291,10,7,1.0501781568916941,-0.11954565072644291,0.25293447216972365,3.469446951953614e-17
2015-11-27,47,4,0.6937205730941028,47,27.961499527537054,6.246914237524515,0.6892662030837752,10,6,1.0324966723839861,-0.1338972859301783,0.315758196480725,2.1510571102112408e-16
2015-11-30,47,4,0.6935255991533231,47,28.768447752762224,6.071689755466033,0.6885287192532454,8,6,0.9172089924319187,-0.1282477958631127,0.20656914899285297,1.1449174941446927e-16
2015-12-01,47,4,0.691390576121988,47,27.55453736584913,6.339176999487375,0.6860481512847745,9,7,0.9644113914368518,-0.09134343025644588,0.17508008071650988,5.551115123125783e-17
2015-12-02,47,4,0.6911261364703531,47,22.59962666256783,7.729025444053923,0.6863310089442591,10,7,1.0564118940080867,-0.0744510883582162,0.20970180028907043,1.6653345369377348e-16
2015-12-03,47,4,0.6936172565319237,47,28.456300448576126,6.13829228492864,0.7027933555428929,9,5,0.9551646514334742,-0.07319115722868016,0.2539722656273525,7.632783294297951e-17
2015-12-04,47,4,0.6950162558317451,47,27.42400823550618,6.369349367207197,0.6989871035283921,10,5,1.0156421425302777,-0.07322444950961934,0.3091681075270918,1.6653345369377348e-16
2015-12-07,47,4,0.6964684649655715,46,32.65411473112643,5.383632086541523,0.7009856160605173,9,5,0.9580788812992793,-0.0560629558061342,0.2490855471975765,1.3877787807814457e-16
2015-12-08,47,4,0.6949411241829019,47,30.61952782758209,5.704630407257965,0.7056185483316597,9,5,0.958624060036161,-0.05162158606650534,0.2447247479436308,2.7755575615628914e-16
2015-12-09,47,4,0.6934431256293644,46,33.14793451352647,5.277566575388349,0.705207972765089,9,6,0.9852663547468065,-0.08108891930704039,0.2403917681924982,2.7755575615628914e-16
2015-12-10,47,4,0.6934703295792386,47,33.317902044315154,5.242619696425624,0.7084797716096259,8,5,0.9084917067801547,-0.07078063524874874,0.21621764899189092,9.71445146547012e-17
2015-12-11,47,4,0.6967002805978999,47,33.5067819178076,5.213066713765013,0.7058520465476774,8,4,0.919113168299069,-0.04836697781788486,0.24256003363367584,1.4051260155412137e-15
2015-12-14,47,4,0.6955387684617589,47,31.14945945617588,5.607580116979348,0.7081741276045043,8,4,0.8797968939395372,-0.04028930438606595,0.22866742119399106,1.1102230246251565e-16
2015-12-15,47,4,0.6987028219499053,47,28.440977509138378,6.141599368199703,0.705945450324268,8,3,0.7816451925238982,-0.022983747113677747,0.2592528253766017,1.249000902703301e-16
2015-12-16,47,4,0.6986861360306398,47,28.211666504936495,6.191519720061266,0.7071565649367091,8,4,0.7829027105727638,0.010421082498092427,0.1852783903336237,1.2988742026376343e-16
2015-12-17,47,4,0.6991750901185904,47,29.836727132170935,5.854297917038225,0.7059622914877578,8,4,0.7776239733435075,0.012769479596908044,0.1839498837851739,1.5265566588595902e-16
2015-12-18,47,4,0.6994114958107983,47,33.245556954439294,5.254028071795682,0.6948361692228542,8,4,0.7534168199513822,0.026604602891031066,0.173157781471017,8.326672684688674e-17
2015-12-21,47,4,0.6994044972550655,47,32.1836630154718,5.427383744887424,0.6861350124120003,7,4,0.6830443254458437,0.013431479046679948,0.1374330732517724,1.7520707107365752e-16
2015-12-22,47,4,0.6990896609767681,46,33.890545413087054,5.154092987063775,0.6906461156719005,7,4,0.679651026194472,0.014422740054236174,0.1316409278879579,5.551115123125783e-17
2015-12-23,47,4,0.7001130761292714,46,32.25343203670019,5.415664531281858,0.6891373956007477,7,3,0.6489351515370526,0.003823453785035527,0.18802124430911965,7.494005416219807e-16
2015-12-24,47,4,0.7005093236762484,47,33.52467424967115,5.210284466904838,0.6928392084485642,8,4,0.7114815096731185,0.02240584129642552,0.16739181882201815,4.996003610813204e-16
2015-12-28,47,4,0.6977412255040701,47,34.35034710218008,5.08504583611676,0.6952674966981987,7,4,0.6548132095348792,0.0011224456800218302,0.1384446419880081,7.112366251504909e-17
2015-12-29,47,4,0.6999285208820621,47,34.55707100886467,5.0546265757389754,0.6865419104820559,8,4,0.7314115598148986,-0.004119203059472568,0.18604251192666005,3.5128150388530344e-16
2015-12-30,47,4,0.700592771411854,47,32.374812368096656,5.395339052937202,0.6877732123047886,9,5,0.8495702385378241,0.005558700093010321,0.19511889938255902,1.6653345369377348e-16
2015-12-31,47,4,0.6976160233060958,47,33.980731318926125,5.140356982364861,0.6883389123619139,10,5,0.9264506505054334,0.0015260089286759024,0.22398787374412016,2.636779683484747e-16
2016-01-04,47,4,0.6996787960300926,47,35.76521746635734,4.883881655840985,0.7034125100012478,10,5,0.8816858411349725,-0.00046643911345184245,0.24814339193083107,2.3592239273284576e-16
2016-01-05,47,4,0.6996227002869233,47,34.210941696899866,5.105766776274819,0.7021832967377557,10,6,0.9127818837558414,0.0034685363501408117,0.20203112478850097,1.0408340855860843e-16
2016-01-06,47,4,0.6994509061471197,46,35.13747316503739,4.971275009318507,0.705849452280254,8,4,0.7293471575572344,0.018582487598778702,0.18614315283107932,1.5959455978986625e-16
2016-01-07,47,4,0.7002941042308569,47,35.60255782338451,4.906194952835025,0.7155332514596822,8,4,0.7425228053441187,0.01183994836782062,0.17732330829966575,6.938893903907228e-17
2016-01-08,47,4,0.7000094647706899,47,35.251396576690084,4.955068634546198,0.7187177815479311,9,4,0.7880670831493227,-0.0026897555534651668,0.2463341860718227,2.0643209364124004e-16
2016-01-11,47,4,0.6995592394700666,47,32.85677152081437,5.316197587777391,0.7159746087724098,11,4,0.9262754426614458,-0.03707757947268483,0.37720494627358336,2.1163626406917047e-16
2016-01-12,47,4,0.6995203763360764,47,33.37625587654926,5.233453690766871,0.7159953426658806,10,4,0.8891745631033511,-0.02909866614536131,0.34062152410410673,9.71445146547012e-17
2016-01-13,47,4,0.7001956005347583,47,34.855644342505116,5.011328661283679,0.7138749179260492,10,4,0.8901210300513045,-0.02475277910725438,0.344717832926679,3.95516952522712e-16
2016-01-14,47,4,0.7009925105245588,46,33.92434122207094,5.149732942288487,0.7170051654114289,9,4,0.8370916960789061,-0.050142458265423726,0.3292536960885897,1.5265566588595902e-16
2016-01-15,47,4,0.7028400216379747,47,32.499092897411195,5.374706612658112,0.72972471824296,8,5,0.780529530012424,-0.02814571075160413,0.18926622643284077,6.938893903907228e-18
2016-01-18,47,4,0.7006690654444245,47,33.13986681357822,5.270784293844486,0.7218502484180581,9,5,0.834064927102087,-0.03234372353675402,0.23911685857414186,5.377642775528102e-17
2016-01-19,47,4,0.7015918362202533,47,37.02253084042902,4.718021311237892,0.7208189978499333,9,7,0.9227864903660318,-0.03489441723307275,0.13591222951781734,7.797582024515748e-16
2016-01-20,47,4,0.7036102206535899,47,35.34149779761054,4.9424359573384,0.7283672456246212,11,7,1.0367643241961475,-0.029987918155301527,0.22995546847559037,4.145989107584569e-16
2016-01-21,47,4,0.7059921061998319,47,30.84750421285563,5.662470723589742,0.733807414681695,8,10,1.0145601136674378,0.0008453123111452172,0.1306886371204442,7.979727989493313e-17
2016-01-22,47,4,0.7095726163315119,46,30.299244877840156,5.780299236307492,0.74447969323694,8,9,0.9054432067020992,0.010749718908431863,0.060576138954215875,5.551115123125783e-17
2016-01-25,47,4,0.7093156374483347,47,30.280050160238652,5.76858653062844,0.7474629344204867,10,9,1.0556587883188298,0.03436414333772958,0.2101317232896313,9.367506770274758e-17
2016-01-26,47,4,0.7083295040723169,47,34.05712825174508,5.128826136189449,0.744507682700717,11,9,1.0948225266056248,-0.002400373125830831,0.19199204362419828,1.2576745200831851e-16
2016-01-27,47,4,0.7067853997508461,47,35.970139293249616,4.856058189740913,0.7355358528936126,12,7,1.0405363064521922,0.006827786103486513,0.24698767182221368,6.299892248498584e-17
2016-01-28,47,4,0.7086128814112209,46,32.042768298886436,5.452011641202629,0.7378391596073596,14,7,1.1944509715232678,-0.014264481186737631,0.3559581384031562,2.3592239273284576e-16
2016-01-29,47,4,0.7109277045910634,47,36.47580246210234,4.788738772302219,0.7462406950733692,12,6,1.0480227751112468,-0.0065735126520034964,0.3064063460575104,1.8735013540549517e-16
2016-02-01,47,4,0.7099526484780239,46,33.7564979590786,5.1746549523633245,0.7422987289604671,12,8,1.1285374069918495,-0.032238823451490296,0.2262822717453531,1.863093013199091e-15
2016-02-02,47,4,0.7112125310109122,47,33.545291387774235,5.2070821946941495,0.7491952802274338,12,9,1.1327393668613894,-0.01616232658094978,0.15097349996604237,9.020562075079397e-17
2016-02-03,47,4,0.7110131579999817,47,34.419225467354195,5.074869847573398,0.7498100165813709,12,9,1.1788929084724447,-0.0032711719595718367,0.21698713087922705,6.938893903907228e-17
2016-02-04,47,4,0.7097614963187985,47,32.962521135126565,5.299142282990167,0.7461745034239233,10,9,1.0609819656967787,0.003521535104776572,0.11638866622540159,1.249000902703301e-16
2016-02-05,47,4,0.7099010543796415,47,34.054802566158926,5.129176396244419,0.74438572009323,9,9,1.0765030076326574,0.0444954742832907,0.27903824180439185,1.3183898417423734e-16
2016-02-08,47,4,0.7136180884895956,46,34.166416833007,5.112715372422024,0.7518806910834607,8,9,0.9739150119975685,0.021920859930178643,0.1837734170784166,3.0531133177191805e-16
2016-02-09,47,4,0.7129938780414486,46,32.29794717856365,5.414347917918404,0.749178989135201,7,9,0.9684997731257811,0.02500207849346981,0.27618955798641187,5.551115123125783e-17
2016-02-10,47,4,0.7116528696148353,47,36.516938310426966,4.783344321372924,0.7500930547166972,9,9,0.9412170985801963,0.04420418333466403,0.06217762810642939,6.938893903907228e-17
2016-02-11,47,4,0.7144165731708467,46,36.02483982198611,4.848693025555747,0.7508273041458557,9,10,1.0183291068189042,0.04941135599791685,0.09301063792873408,1.1102230246251565e-16
2016-02-12,47,4,0.7155065646823064,47,35.401587517762984,4.934046797010525,0.7550935016733831,10,10,1.022814833970443,0.040178920208763756,0.03878553866255621,2.7755575615628914e-17
2016-02-15,47,4,0.718233184375606,46,34.04581723516772,5.1305919952626216,0.7641608019171806,10,7,0.9666379315916314,0.0330137188761371,0.1494690255400032,1.1102230246251565e-16
2016-02-16,47,4,0.7176189196035117,46,34.13726972937983,5.1170344651645685,0.7617495404205707,10,8,0.9934315685781775,0.01964177463181175,0.09962246284681732,4.0245584642661925e-16
2016-02-17,47,4,0.7191355921763579,47,34.429470215220405,5.073359781873368,0.7665297767747663,10,9,1.039281051728307,0.01685877819100358,0.14442403310780905,3.9898639947466563e-17
2016-02-18,47,4,0.7190232888368419,46,34.567005610803804,5.081018468916682,0.7664401845602367,8,9,0.9687369844780648,-0.010155548613304817,0.15615614483797027,1.209969624493823e-16
2016-02-19,47,4,0.719124449653468,46,35.896035441943525,4.86755198724803,0.7612148203748582,8,10,1.0341318528199563,0.004029280761826577,0.27579324695307056,1.1102230246251565e-16
2016-02-22,47,4,0.720760959692867,47,34.38941352875572,5.0792692162385435,0.7652979134079236,10,10,1.0608256567436893,-0.03049190743362943,0.09007037162126233,9.71445146547012e-17
2016-02-23,47,4,0.7204692455900203,47,33.759504088091525,5.174041924470128,0.7634401096872718,10,8,1.0057499468661635,-0.01813627669311571,0.1723791375551449,3.677613769070831e-16
2016-02-24,47,4,0.7223432884408039,47,35.07644500837095,4.979783141062918,0.7676407363345097,10,8,1.0500264933609649,-0.0318791551571138,0.23756347253401552,4.996003610813204e-16
2016-02-25,47,4,0.7223543468583559,46,33.79787165171602,5.172557373417643,0.7703105280105897,9,6,0.9630789836475627,-0.01771935040706874,0.30987469922423855,2.706168622523819e-16
2016-02-26,47,4,0.7230951235124816,47,33.439371856500465,5.223575677518313,0.7731443359684125,8,6,0.855864151299421,-0.023933122046467574,0.1633908067012776,1.942890293094024e-16
2016-02-29,47,4,0.7227233628115,47,33.28258559284796,5.248182687424424,0.7626939898497439,9,5,0.845201020720072,-0.03687211769299201,0.2405883570775668,8.326672684688674e-17
2016-03-01,47,4,0.7232107036931069,47,32.79204985948654,5.326690165743766,0.7641219959547707,8,4,0.7766215477460925,-0.00626713213177988,0.20886155134593667,4.718447854656915e-16
2016-03-02,47,4,0.7232479973736482,47,33.39689439935366,5.230219535157937,0.7626712148531529,7,4,0.7224316117621736,0.013195187926774748,0.22260417708009655,2.2898349882893854e-16
2016-03-03,47,4,0.7216075851393194,47,34.87332414745812,5.008788057098306,0.7581838077642382,5,3,0.513058806183377,0.02551118648733469,0.16925600789148906,1.3877787807814457e-16
2016-03-04,47,4,0.7217945981928546,47,33.61494081356336,5.196293233710738,0.7572428904692781,4,3,0.46526958944472846,0.009839561941082327,0.1115161596240916,2.896988204881268e-16
2016-03-07,47,4,0.7221201505999664,47,36.99364436128825,4.721705377150992,0.7567047326970509,4,3,0.46933391924715817,0.011969371566318837,0.12722505333266995,7.979727989493313e-17
2016-03-08,47,4,0.7221552783359757,47,36.0281078896612,4.848244876918203,0.7525186280831353,3,5,0.5185088390169248,0.02596630967423991,0.11607282543479545,7.19910242530375e-17
2016-03-09,47,4,0.7223439532917789,47,37.917018642253375,4.606720036433897,0.7489263564599627,3,5,0.5173927892019408,0.024879510397340383,0.11527497812600342,7.025630077706069e-17
2016-03-10,47,4,0.7226331320477228,47,43.53460265027741,4.012281699325288,0.7390237231355892,3,3,0.386645920404885,-0.007960575242152435,0.07611214163192213,2.7321894746634712e-17
2016-03-11,47,4,0.7254569446787641,47,41.77339632189583,4.181443331902368,0.745462024775412,3,5,0.5467768906479955,-0.0052408150381539065,0.18075580660668844,1.196959198423997e-16
2016-03-14,47,4,0.7251558714275892,47,39.96389404948378,4.370772509926683,0.7419347664801894,3,6,0.5604665378613676,0.00784382817365692,0.16399358251851848,8.326672684688674e-17
2016-03-15,47,4,0.72532418211343,47,43.5014052315079,4.015343609511519,0.7404823277557706,2,7,0.6355403812902846,0.019115574990372766,0.26022476880232276,1.457167719820518e-16
2016-03-16,47,4,0.7250864255669232,47,43.38672079697086,4.0259573964691375,0.7398825211289389,2,10,0.7974695973945229,0.01057168472072126,0.40846972353364597,3.443426099813962e-16
2016-03-17,47,4,0.7241414102984055,47,39.05019784392534,4.473039808895063,0.7386812796429042,2,8,0.6838309289441484,0.009685257092980503,0.3024517360211805,1.8735013540549517e-16
2016-03-18,47,4,0.7239972920401637,47,44.48074695735477,3.9269369659770184,0.732724701930825,2,7,0.6243064354472434,0.015242275932430263,0.2608050452331534,1.0408340855860843e-16
2016-03-21,47,4,0.7226739870647123,47,39.796152950787864,4.389195350543252,0.7274842482124672,2,9,0.7340069781383763,0.001624367059765399,0.3620391869278023,2.0816681711721685e-16
2016-03-22,47,4,0.7224753705720889,47,37.54100589354382,4.6528611938750934,0.7270329217287546,4,8,0.7367163206496167,0.013201502705028853,0.21683902630276675,3.469446951953614e-16
2016-03-23,47,4,0.7229873994840833,47,42.424290911690875,4.117289546799979,0.7220868918827701,4,8,0.7384048120338614,0.015976305820132035,0.2192824560371331,2.1510571102112408e-16
2016-03-24,47,4,0.7235531686223627,47,40.36548018415828,4.327288780021943,0.7228325569626652,4,8,0.7342309796874333,0.007987343971213237,0.20611635213585586,3.122502256758253e-16
2016-03-29,47,4,0.7236420033405625,46,40.76186457142191,4.302441106006306,0.7221175796019939,4,9,0.7867381832487235,0.009139072094334658,0.267153312911738,1.8041124150158794e-16
2016-03-30,47,4,0.7240596108600293,47,37.741839014741636,4.628102235105195,0.7161670969873276,5,9,0.8125686780841159,0.019623391641188336,0.22769464746134285,2.1510571102112408e-16
2016-03-31,47,4,0.7243915273914465,47,37.673005793958524,4.636558347810884,0.7183666598402989,8,11,1.0520654070539137,0.01916868034647879,0.22445259031258127,1.3877787807814457e-16
2016-04-01,47,4,0.7242248315223534,47,37.827756018947476,4.617590570627941,0.7199071176466336,9,12,1.1342192323754712,0.03056985199744089,0.28777816241736415,4.440892098500626e-16
2016-04-04,47,4,0.7241185150511315,47,39.42150314706281,4.430908909015578,0.7164838639340889,9,12,1.1396089575829162,0.03732000733972027,0.23320398363148806,3.469446951953614e-16
2016-04-05,47,4,0.7251450708954109,47,37.717265086520996,4.631117582370231,0.7204356548765837,8,11,1.0634122901307164,0.027325651436530346,0.28746990597570027,1.9984014443252818e-15
2016-04-06,47,4,0.7248734728207342,47,40.04247106436903,4.3621955603168425,0.7225982558473564,9,10,1.0076495378640333,0.041303901154398796,0.09158536014437194,1.3877787807814457e-16
2016-04-07,47,4,0.7255678665965,47,35.75508490524,4.885265689174952,0.7229547741283873,8,9,0.9165667182058621,0.02216938248963904,0.08704398366804768,4.163336342344337e-17
2016-04-08,47,4,0.7253668288218053,47,36.266336325156914,4.816397441832042,0.7221022775448523,9,9,1.0431673257602447,0.02833630833030083,0.2243898618788342,8.326672684688674e-17
2016-04-11,47,4,0.7245250625374221,46,41.00238165871686,4.260825552692641,0.7199945838084052,8,10,1.062105907116003,0.05109847780589025,0.20773667473248775,5.551115123125783e-17
2016-04-12,47,4,0.7243612510478751,47,39.01040915929718,4.477602087889846,0.7168489530352647,8,10,1.0380059743331171,0.017790749395280032,0.15972372134874574,4.85722573273506e-17
2016-04-13,47,4,0.7262091028624321,46,41.86841391416003,4.174025873356402,0.7237414302470803,6,8,0.8178717140486962,0.025630637893424263,0.180504339568154,6.071532165918825e-17
2016-04-14,47,4,0.7283244473119082,47,36.55551057766026,4.778297081366773,0.7187520359378481,7,8,0.8304480191221796,0.023608565128612667,0.0771410493909465,3.382710778154774e-17
2016-04-15,47,4,0.7286340516699722,46,33.82732335382868,5.163715780363598,0.7126500081369008,7,7,0.7780250989609269,0.027022140174623364,0.07874848373996954,8.760353553682876e-17
2016-04-18,47,4,0.7291280975479032,47,33.04798942764049,5.2854377082018225,0.7107866194591674,9,9,1.0193202943792903,0.033174674252493715,0.21048571057153775,1.214306433183765e-16
2016-04-19,47,4,0.7301602050662643,47,36.104353109219026,4.838006347121187,0.7065685417140497,9,10,1.0235342779787184,0.06090659660859678,0.11590410244935606,7.632783294297951e-17
2016-04-20,47,4,0.7297710878432015,47,36.53324811932015,4.7812088574936356,0.7042964318397029,10,10,1.1235535885166703,0.0320035634915089,0.1965028458210129,1.3877787807814457e-16
2016-04-21,47,4,0.727194518092537,47,34.651424964963425,5.040863100946665,0.7081548949923319,13,9,1.2125208433617711,0.016969945021323343,0.20415327947934678,1.3183898417423734e-16
2016-04-22,47,4,0.728250473190472,47,34.678617121931275,5.036910465228452,0.7085559116676108,10,11,1.1038499898641958,-0.007899188379746222,0.06730356088884758,1.1102230246251565e-16
2016-04-25,47,4,0.7279340037687294,47,36.549325433526725,4.779105699742367,0.7090792935597864,10,10,1.0532202469403722,-0.014592532287500334,0.08658603931660619,2.7755575615628914e-17
2016-04-26,47,4,0.7275872119877644,47,34.14315692699596,5.1159033089584485,0.7013500848989527,8,9,0.9043946393606729,-0.021174223064292588,0.07154456855686284,4.85722573273506e-17
2016-04-27,47,4,0.7251728790264905,47,38.35571350245306,4.554030509429447,0.7013982230416778,9,10,1.0668103327193361,-0.014167513568859945,0.12429438190756198,1.5048726154098802e-16
2016-04-28,47,4,0.7240831911050603,47,37.98207469291758,4.598829603525504,0.6945588208984884,8,8,0.9042340722160637,-0.015707192777951587,0.1665340154275462,7.28583859910259e-17
2016-04-29,47,4,0.7255937691785117,47,38.00158617623793,4.59646838663613,0.7033332811392993,7,10,0.9681025020191835,-0.03637465442615327,0.1668166806781919,1.3183898417423734e-16
2016-05-02,47,4,0.7244367384683512,47,45.497699609294635,3.839163100576245,0.7050743687621983,9,9,1.0503589197133598,-0.023375280518138974,0.3268340596560384,5.724587470723463e-17
2016-05-03,47,4,0.7257051523789105,47,41.378924507411575,4.221305690770665,0.707498430995321,6,8,0.8452283124945911,-0.022403744090653877,0.2647685469420385,1.3877787807814457e-16
2016-05-04,47,4,0.7249914527226518,47,41.771041710493925,4.181679037638748,0.6897751685224245,8,8,0.8840798851987891,-0.004251584777300248,0.12990983535980494,7.979727989493313e-17
2016-05-05,47,4,0.7249348161778436,47,40.80550843094186,4.280625244425473,0.6883996288147642,10,8,1.0003561317725604,-0.008476651889939561,0.11995247763881475,8.326672684688674e-17
2016-05-06,47,4,0.7234552228043447,47,38.50188203007741,4.536741590051436,0.6884118737697694,10,7,0.9807028131349846,0.007336986588274488,0.14463658491321194,1.942890293094024e-16
2016-05-09,47,4,0.7235876358532847,47,41.45519465513606,4.213539242891125,0.667647153108487,6,5,0.7136056478564957,-0.033932273518349744,0.1853469597712344,5.551115123125783e-17
2016-05-10,47,4,0.7229339548132778,47,41.117777815840405,4.248115992149127,0.663337866955173,6,7,0.7696315942340539,-0.0007166489898505976,0.15746559857874096,1.5265566588595902e-16
2016-05-11,47,4,0.721617639259087,47,37.68729222367747,4.634800729763383,0.648252567488768,7,7,0.8426445159993022,-0.013301391042691735,0.21401752274272867,1.3877787807814457e-16
2016-05-12,47,4,0.721294993675856,47,34.5420077012307,5.056830830793971,0.6491141057639708,6,8,0.8594777217002229,-0.02814708387896947,0.19023795644112884,1.1102230246251565e-16
2016-05-13,47,4,0.7213786306580162,47,35.377532378167146,4.93740172813477,0.6367585070832676,4,7,0.6802723187890062,-0.024269817773923334,0.1434049720500286,1.8735013540549517e-16
2016-05-16,47,4,0.7213669416063522,47,34.25361620778077,5.099405809931066,0.6384790276845063,6,7,0.7512659714809523,-0.05223947653829675,0.12681385059996786,2.42861286636753e-17
2016-05-17,47,4,0.7207377080315827,47,33.63131423454347,5.193763415932631,0.638206728073858,7,8,0.8177062383221996,-0.08056800482064275,0.11005429601909844,6.938893903907228e-17
2016-05-18,47,4,0.7210838842399901,47,35.581103464380156,4.909153244108055,0.6314931989703355,7,8,0.8207902198059316,-0.07252688955695266,0.11904683227585733,8.326672684688674e-17
2016-05-19,47,4,0.7194955444495478,47,34.22211993712139,5.1040990395114285,0.6320957501844564,6,8,0.7805002877143132,-0.07392068115126421,0.12882302652949307,2.7755575615628914e-17
2016-05-20,47,4,0.7200448671184767,47,37.56124829443389,4.650353687180056,0.6231169409477018,5,7,0.6453283595392423,-0.10574462686217158,0.036520309348413965,6.938893903907228e-17
2016-05-23,47,4,0.7188961223778091,47,40.0561508513556,4.360705803942588,0.6170378333507752,5,8,0.6974767975217732,-0.10016519439960449,0.04871833190067029,8.326672684688674e-17
2016-05-24,47,4,0.7199483588610234,47,36.28547277851595,4.813857340850947,0.6219573828029019,5,8,0.703435251020558,-0.08990087645587766,0.05632261604041232,1.3877787807814457e-17
2016-05-25,47,4,0.7202921599202001,47,35.589584529050576,4.907983383692677,0.623855501379677,6,9,0.8376098264081813,-0.056958456405269434,0.10772447453553985,8.326672684688674e-17
2016-05-26,47,4,0.7212019847002379,47,35.33566664310552,4.943251566903362,0.6210558818587487,6,9,0.83687167018255,-0.05386559506650511,0.10737368726521057,3.8163916471489756e-17
2016-05-27,47,4,0.7208543502062623,47,35.33710417293158,4.94305047313149,0.6176031615769642,7,9,0.9531922107399126,-0.050445263547097996,0.2227246091098682,1.1796119636642288e-16
2016-05-30,47,4,0.7202424044529815,47,36.2669920554584,4.816310358300499,0.6197530714186659,7,11,1.0374966106173034,-0.05662788159172379,0.22995704024556818,1.5959455978986625e-16
2016-05-31,47,4,0.7199583647084041,46,37.03350423878024,4.716841117197407,0.622273801060521,6,10,0.9625132950987285,-0.012119435381161666,0.25869116289276306,2.0426368929626904e-16
2016-06-01,47,4,0.720168930779861,47,36.21779944523932,4.822852083136881,0.622415606885588,9,10,1.0728672121836464,0.016819479249034357,0.16615179171318328,3.078049967686347e-16
2016-06-02,47,4,0.719395755952928,47,35.93140268099589,4.861293366470515,0.6232262102945295,10,9,1.0838334428746699,0.02259836409711518,0.2110389881962382,3.122502256758253e-17
2016-06-03,47,4,0.7192593703971674,47,35.75406356491089,4.885405240274024,0.6251268101291121,9,8,0.971574048309866,0.03985848397820296,0.20817237060358595,1.1102230246251565e-16
2016-06-06,47,4,0.7189035970200099,47,36.697560965610236,4.759801057754074,0.6240702230849201,8,8,0.9694989753401849,-0.006436707621123083,0.22664314923939174,1.1102230246251565e-16
2016-06-07,47,4,0.718307341363116,47,37.84232898851482,4.615812350083411,0.6088183593853497,7,8,0.9464685150783115,0.003999782920974068,0.2412583568439069,7.979727989493313e-17
2016-06-08,47,4,0.7183137203821263,47,35.06779063629076,4.981012100612393,0.6110363320538753,9,6,0.9174689986842137,0.0180573388445083,0.2798082140378697,4.579669976578771e-16
2016-06-09,47,4,0.7182402435771512,47,35.46715656976397,4.9249250967588525,0.614325162975376,9,5,0.7941226024796989,0.02585862353871122,0.1925324379790758,2.671474153004283e-16
2016-06-10,47,4,0.7200772984197537,47,37.34534828715556,4.67723819732544,0.6312485897166645,8,5,0.7319733369837698,0.0470803107324914,0.11426169454697685,7.112366251504909e-17
2016-06-13,47,4,0.721163894371205,47,33.87587694391432,5.156267682466169,0.6411406510875669,7,5,0.6818785237151483,0.04177756352798985,0.11908768225366181,4.85722573273506e-17
2016-06-14,47,4,0.7188383369422724,46,37.13672551164383,4.7035136667380435,0.6495253853720221,5,5,0.5595509117488987,0.048308480901294526,0.07329506064550323,2.0816681711721685e-17
2016-06-15,47,4,0.718791570733137,47,35.99087289435823,4.85326071456542,0.6555025746308498,3,7,0.6836009891375859,0.06731422445418964,0.24610482864532773,2.7755575615628914e-16
2016-06-16,47,4,0.719079402780362,47,36.78029787333474,4.749093933460013,0.6566771191123726,4,7,0.7064366781297348,0.07140343618028591,0.2024545570525696,1.3877787807814457e-16
2016-06-17,47,4,0.7193009822951413,46,37.76699335952107,4.6254479880195785,0.65655060030508,6,6,0.691759488558957,0.035636356601856004,0.1074284762251582,6.661338147750939e-16
2016-06-20,47,4,0.7226514406855108,47,36.78528123894582,4.748450565498842,0.6783704121864973,5,6,0.6349199076899632,-0.009542838922830763,0.08113290571046708,2.2551405187698492e-17
2016-06-21,47,4,0.7182756941652417,47,38.49583167068423,4.537454626136189,0.6765907201052813,5,4,0.5505315226278166,-0.005673693878903661,0.0818291932545386,1.474514954580286e-17
2016-06-22,47,4,0.7176030302695858,47,38.3341874316375,4.55658776679709,0.6742026116033119,4,6,0.568752273730131,-0.027551950944172832,0.08088130544002532,2.42861286636753e-17
2016-06-23,47,4,0.7162022460888703,47,40.31653753111591,4.332541934343821,0.6716896044674363,7,7,0.7731544863927267,-0.017976099130588626,0.08103447794265005,8.326672684688674e-17
2016-06-24,47,4,0.7269135108544316,47,38.03658223956901,4.592239344769411,0.7315464538090779,8,6,0.8152136146524539,0.046140350731935786,0.16540291648115085,7.216449660063518e-16
2016-06-27,47,4,0.7281138968880898,46,39.360634111490285,4.438195454803903,0.7436609033485391,6,7,0.7682676526026678,0.03948094639610044,0.09229513863505623,6.299214622140781e-17
2016-06-28,47,4,0.7285270843813249,46,35.12549734047984,4.9728732910824185,0.7423118161539648,5,5,0.623918482186875,0.005689822020387607,0.12279982630293795,5.204170427930421e-17
2016-06-29,47,4,0.7286991564664004,46,36.336881132060995,4.808155466463827,0.7473137964499018,5,3,0.5329975635671125,0.002485176179903976,0.18149103088112262,9.540979117872439e-17
2016-06-30,47,4,0.7283222176278805,46,34.392601481370846,5.0795274345235395,0.7460705694823002,8,5,0.7722364523254469,-0.004391403205769347,0.16775516029288853,9.828292693581098e-17
2016-07-01,47,4,0.7264990162854952,47,39.906677498443855,4.377039143584868,0.7498379232912377,9,6,0.8455454899888495,-0.023293469231809652,0.16423404462598193,8.326672684688674e-17
2016-07-04,47,4,0.7247428834288272,47,38.07894805130761,4.587130118871759,0.7509265184930353,9,6,0.8498919159680391,-0.02730627083610508,0.16435430048033345,1.0061396160665481e-16
2016-07-05,47,4,0.7242667528777392,47,38.77006970361006,4.50535918135947,0.754263977332132,10,5,0.8832322109531547,-0.017111857355397105,0.2720162502226141,1.457167719820518e-16
2016-07-06,47,4,0.7241735249902717,46,37.15145033960255,4.703811441140579,0.7474537905959827,10,5,1.0076416502244618,-0.01956382937930671,0.29396404390232433,1.3530843112619095e-16
2016-07-07,47,4,0.7244487024466216,47,37.34290741474482,4.677543919146924,0.7483517796677716,10,4,0.97595748493737,-0.027351412494118193,0.42669957762299704,3.2612801348363973e-16
2016-07-08,47,4,0.7252372416611429,47,39.454024124763905,4.427256620230788,0.7498161895019816,11,3,0.8979687386359888,-0.005981232923384462,0.40068796823922403,1.5265566588595902e-16
2016-07-11,47,4,0.7262887026879384,47,41.74574855707664,4.184212657302944,0.7528511212751786,11,3,0.9014304193857344,-0.007167936206887285,0.4032823921030438,2.2898349882893854e-16
2016-07-12,47,4,0.7263660412421354,46,43.202675827471914,4.043205375799424,0.7532607725313458,12,4,0.9662432406887564,0.001384605603708738,0.3498640458203594,1.3530843112619095e-16
2016-07-13,47,4,0.725888382363133,46,40.580773733716676,4.304856729177186,0.755470562872877,13,6,1.1586771860331095,-0.005406267378911058,0.2900038698314809,2.498001805406602e-16
2016-07-14,47,4,0.7261587557881459,46,39.99344026202928,4.367640678492495,0.7600755806495704,13,8,1.226984863241633,-0.0017037512247908065,0.3368093524826949,2.636779683484747e-16
2016-07-15,47,4,0.7262640236249924,47,38.50279380433367,4.536634156699713,0.7630575774749452,11,8,1.101840332826302,-0.0023623140130316425,0.2424533515506462,2.7755575615628914e-17
2016-07-18,47,4,0.7255044863288156,46,36.68923007857673,4.7612624535260615,0.7605981792777616,10,7,1.0435832669173772,-0.0025135681071643805,0.35173181729480424,1.3877787807814457e-16
2016-07-19,47,4,0.7235454242036748,46,36.064277741015516,4.843480208738878,0.7633231587361599,10,5,0.8885151256538828,0.0033053100587070684,0.23091535410099961,2.1510571102112408e-16
2016-07-20,47,4,0.7231043078955696,45,37.86752949254791,4.612740568023609,0.7659219468703854,9,5,0.8383675064388737,0.01838872270915961,0.21750676499032395,8.326672684688674e-17
2016-07-21,47,4,0.7227179910419763,47,36.174057478482055,4.828683915400133,0.7683713452389661,10,7,0.958266106506142,0.0006242917560905989,0.13532585204258207,1.5959455978986625e-16
2016-07-22,47,4,0.7247277618507835,47,37.96100048199363,4.601382663345778,0.7636569822092374,11,6,0.9974796213406761,0.0024911295914614717,0.21029285315322563,2.0816681711721685e-16
2016-07-25,47,4,0.7254512250202637,47,37.40493365964727,4.669787442760389,0.7659056662251981,10,7,1.031706620669683,-0.0020797967938788603,0.28814228631770294,1.7607443281164592e-16
2016-07-26,47,4,0.7254619685169341,47,41.35347325268138,4.223903719859379,0.7637408580172053,11,6,0.9774028188170937,-0.0054228362345630984,0.21814880266023198,2.636779683484747e-16
2016-07-27,47,4,0.7242154745432563,47,40.89596483750588,4.271157073690378,0.7588935019261084,11,6,0.9868958883710796,-0.0138624910220436,0.24264107615668118,2.393918396847994e-16
2016-07-28,47,4,0.723163385594817,46,37.70324511594366,4.635222404812302,0.7541115839154403,8,6,0.8882986352508472,-0.002345534216284516,0.2880503246868406,1.9081958235744878e-16
2016-07-29,47,4,0.7208690129616282,47,37.89670480441984,4.609189384738652,0.741191057874957,7,7,0.9116560715288112,-0.03184683619953178,0.297324080030032,2.393918396847994e-16
2016-08-01,47,4,0.720557551231109,47,35.01944779259338,4.98788817389775,0.739754159645964,8,7,0.9673838954554169,-0.030391677010800394,0.31312500747205546,1.0061396160665481e-16
2016-08-02,47,4,0.7210702491495332,47,34.20344441611124,5.1068859433007265,0.7433426340332691,10,8,1.0867971955306,-0.023966064931124555,0.2364652180144061,1.734723475976807e-16
2016-08-03,47,4,0.7188915367125386,46,39.95048154513553,4.372269865939797,0.742364524203974,12,9,1.1461887626933558,-0.02709592420493142,0.20401871486071663,1.8041124150158794e-16
2016-08-04,47,4,0.715376495134675,46,36.71909666277812,4.760636906744063,0.7386654309800479,14,9,1.2961480981580253,-0.013062620661685195,0.2496931255008037,5.603156827405087e-16
2016-08-05,47,4,0.7149545795653933,46,36.54741586156773,4.783109280387194,0.7389343675178883,13,9,1.2477070642990797,-0.0039013212739082937,0.22923772949350474,2.940356291780688e-16
2016-08-08,47,4,0.7148841352716615,46,35.82306562147379,4.876127234758509,0.7388871752185681,12,7,1.1391547560063064,0.004719749796961843,0.2735240100965091,4.796510411075872e-16
2016-08-09,47,4,0.7147777452307261,46,33.75019313876949,5.175959556730978,0.7396167888721175,11,4,0.946759935527059,0.007377814518286145,0.3588290501692053,2.5457067009959644e-16
2016-08-10,47,4,0.7147099081119899,47,34.51101305390734,5.061372415473898,0.7391031203119526,10,6,0.9270921556074062,-0.016924671650085755,0.2111834061478063,1.0061396160665481e-16
2016-08-11,47,4,0.7141870276493077,46,33.84198606315634,5.167974435249214,0.7410907645822522,9,7,0.9329692361489735,-0.03277167519846595,0.16992331434407743,1.3877787807814457e-16
2016-08-12,47,4,0.7131587647475038,46,32.33151031962364,5.404052102062523,0.7397226935934094,9,9,1.0237844312006013,-0.013229617461527232,0.1789616971794039,9.71445146547012e-17
2016-08-15,47,4,0.7110863534690495,47,31.265086339077634,5.586841744389672,0.7415842472159422,7,9,0.9429284958709581,0.02488753679973304,0.17557733833182337,9.71445146547012e-17
2016-08-16,47,4,0.7039409968415371,46,33.24141549913943,5.254685370894748,0.7383120086875243,6,8,0.8734500005840493,0.01745883973116994,0.22211576843659575,9.71445146547012e-17
2016-08-17,47,4,0.6980394837183026,46,33.46511369357076,5.2198171808194,0.7406183212340544,7,6,0.7618650252346602,0.0050927247527567596,0.15148401900450315,1.214306433183765e-16
2016-08-18,47,4,0.6984242852044149,45,31.360370453190065,5.569866904532627,0.7420020170511245,8,5,0.7793609415764884,0.01213436076680014,0.1540221063003515,1.5092094240998222e-16
2016-08-19,47,4,0.6960134988293885,46,31.617062426119166,5.526342101430436,0.743557284465853,7,5,0.7326137842869292,0.022123620686366894,0.11963102172200007,3.469446951953614e-17
2016-08-22,47,4,0.6962497615812372,46,32.57598304318383,5.38307438156562,0.7431878096913956,8,4,0.7362591171733138,0.035810566178198874,0.17774488850146292,1.0430024899310553e-16
2016-08-23,47,4,0.6968429687168353,46,32.75770564238256,5.337398035375889,0.7443191315980334,7,4,0.6958304685316363,0.02240516847154009,0.16508883174343034,1.4224732503009818e-16
2016-08-24,47,4,0.6945877188062366,46,30.79253390832044,5.672781849107615,0.7436210765523158,7,5,0.7593302103153232,0.011268055670183784,0.23805296187421027,1.0234868508263162e-16
2016-08-25,47,4,0.6949477506503303,46,32.344474676626575,5.400855907957489,0.7450768269709861,6,5,0.725772809865513,0.009583873026094897,0.2604816463373905,8.500145032286355e-17
2016-08-26,47,4,0.6933146836015918,46,31.16844959976314,5.606180718189411,0.7454331183029549,5,5,0.6898014742491002,0.009931153031299923,0.25510345340331797,8.153200337090993e-17
2016-08-29,47,4,0.6913469750791629,46,29.411613525223835,5.9390452565612755,0.7460872727553018,4,4,0.5542008500851369,0.023552018969306004,0.18174972868648567,1.0581813203458523e-16
2016-08-30,47,4,0.6913706265541057,46,30.22677366517595,5.778976091106777,0.7454314959028547,3,5,0.544679055426494,0.028724273615629067,0.11637749964735913,8.153200337090993e-17
2016-08-31,47,4,0.6909812917107544,47,30.185801102773624,5.786597775106137,0.7439497330856427,3,4,0.46391097001317183,0.0025251628409187496,0.10158751157063979,9.540979117872439e-17
2016-09-01,47,4,0.690741841872212,47,31.3457053811057,5.572472763889187,0.7424387980691487,3,3,0.45396215533931594,0.011685606078886836,0.14981031313438867,1.474514954580286e-16
2016-09-02,47,4,0.6912639653657012,47,27.903032203347085,6.260003867255453,0.7380007027308094,4,4,0.5000485498057349,0.03187187918734867,0.10530829977323575,4.163336342344337e-17
2016-09-05,47,4,0.6908831772464575,47,28.87581398824818,6.049113959945659,0.7335597832411117,5,4,0.5644162943217762,0.01807449369346078,0.10229555796940976,2.7755575615628914e-17
2016-09-06,47,4,0.6909843620410796,47,27.78619759039592,6.286325753383421,0.7271292412488038,6,4,0.63436137386367,0.028497060876262234,0.17504956600627222,5.551115123125783e-17
2016-09-07,47,4,0.6909615223461856,47,30.86135124633379,5.659930056427996,0.7284306520968545,5,5,0.6744422908084174,0.014890366143297133,0.2197853653143404,5.551115123125783e-17
2016-09-08,47,4,0.6909079990374271,45,32.232897302972766,5.419093662579209,0.729456095926791,5,6,0.7592892469724668,0.012770080468736678,0.31417567496280985,1.5751289161869408e-15
2016-09-09,47,4,0.6916332488711435,43,30.554249025689053,5.716818284561554,0.7348942227690807,8,5,0.9606876182829173,0.006289208339338798,0.3805302466879203,1.942890293094024e-16
2016-09-12,47,4,0.6901982345434736,46,27.861734953064122,6.269429790427869,0.722085738578286,8,5,0.9572261688900296,0.008491158195494591,0.38011694616642744,3.191891195797325e-16
2016-09-13,47,4,0.6901665574457007,45,33.23661678422603,5.255441329515987,0.7217200650274954,6,4,0.8901975179193222,-0.010369528293671403,0.4114769888985287,2.706168622523819e-16
2016-09-14,47,4,0.6857483169659181,46,26.8358696226465,6.510272847642584,0.7176785548694088,5,4,0.8290404823847526,0.0033665187108568237,0.4278366828468143,3.122502256758253e-16
2016-09-15,47,4,0.6860676170038561,47,30.02688996472219,5.817222153420652,0.7163838236507403,5,3,0.7468722644595088,0.02183045291409285,0.42486210966165017,1.8041124150158794e-16
2016-09-16,47,4,0.6851157309637733,47,31.022566566839753,5.630517034261619,0.6504158346363632,7,7,0.9651165070652228,-0.0018864888703651762,0.2392907999884057,8.326672684688674e-17
2016-09-19,47,4,0.6821592581118525,47,30.93665257220166,5.646153509771122,0.6191894177189493,7,8,0.9256261270297642,0.012552691605332861,0.23085228199471441,5.93275428784068e-16
2016-09-20,47,4,0.6803727457285011,47,36.22263733002415,4.822207944431575,0.6083712059290944,10,9,1.1114024479837654,-0.0021845984109347717,0.23493841385199699,7.632783294297951e-17
2016-09-21,47,4,0.6811471223095593,47,35.89221147247668,4.86660148079901,0.5858823064849414,9,10,1.0680329520846656,-0.044264666792076836,0.17661967374664686,1.2836953722228372e-16
2016-09-22,47,4,0.6806605181797725,47,34.482452226928594,5.065564605196427,0.6000333515090823,10,10,1.1053240926368164,-0.017809375847138365,0.15698731225128051,1.960237527853792e-16
2016-09-23,47,4,0.6813352704935293,47,34.355676553475796,5.0842570143895,0.6040656747652992,10,9,1.0825475894219712,-0.027366545186588192,0.2402565891607108,1.249000902703301e-16
2016-09-26,47,4,0.6826391696924182,47,31.825390221424517,5.488482255388596,0.6101228234992948,10,9,1.1020912777907756,-0.02680281591277476,0.2662819930913473,1.3183898417423734e-16
2016-09-27,47,4,0.6790790216945115,47,31.83163603003468,5.487405339024791,0.6025875669804303,7,6,0.6857592051763628,0.00819719404745066,0.0428703333493262,3.393552799879629e-17
2016-09-28,47,4,0.6789510452219449,47,32.1533547419151,5.432499684812124,0.5965685773266232,8,6,0.7933547362004756,-0.0192983788023153,0.09989885357144385,1.0408340855860843e-16
2016-09-29,47,4,0.6786199751118916,47,32.15595105360953,5.4320610579950195,0.5972450390224229,8,6,0.7768448011511617,-0.019253775758687877,0.0971127627543459,5.551115123125783e-17
2016-09-30,47,4,0.6789829916775211,47,36.478670617051776,4.788362255160036,0.5892751520586085,7,5,0.6797365645597433,-0.005639761368592171,0.08918382280317187,1.0408340855860843e-17
2016-10-03,47,4,0.6787445471210283,47,32.77889560904774,5.32882777944759,0.5783099789631211,7,5,0.6845669605412857,0.021644497777033127,0.09499014120523178,6.938893903907228e-17
2016-10-04,47,4,0.6794981408327819,47,34.14890201916376,5.115042627229501,0.574797180850417,5,7,0.6938049297465875,0.01654168169857204,0.11084858179535931,5.551115123125783e-17
2016-10-05,47,4,0.6811381032576781,47,29.298505069977672,5.961843073013804,0.5875041049616246,7,7,0.8264109233180141,-0.004888959238921409,0.11025443392078894,9.71445146547012e-17
2016-10-06,47,4,0.6813732293520913,47,31.6307248171675,5.522260097128815,0.5821826662886738,7,5,0.6967123908544903,-0.010247513765520168,0.13302078165787667,8.326672684688674e-17
2016-10-07,47,4,0.6819292667669472,47,29.101238636914793,6.002256181616069,0.5833024957958414,7,5,0.7404606110344105,-0.021431467672419734,0.15259648689672778,1.942890293094024e-16
2016-10-10,47,4,0.6828822591779964,46,28.69810967900071,6.098922355921221,0.5923522580999582,7,4,0.6777653847971123,-0.026775858516539547,0.1923220189430454,1.5959455978986625e-16
2016-10-11,47,4,0.6819570206871862,47,25.813782521242906,6.766659994805592,0.588184123968736,8,3,0.7377963597964643,-0.02655002038731253,0.2879864498361962,1.700029006457271e-16
2016-10-12,47,4,0.6821223767813596,47,23.603919165566875,7.400173177847402,0.5920491276598844,6,3,0.5949283716455525,-0.009197955547549626,0.16410534380082503,1.1102230246251565e-16
2016-10-13,47,4,0.6835704816023371,46,26.261813581553042,6.652365963863429,0.5984482132046427,7,3,0.6899452893190375,-0.022833053453899296,0.22030981225338253,9.71445146547012e-17
2016-10-14,47,4,0.6825038900803835,46,29.858713375604374,5.850474110524178,0.6107109272276102,7,5,0.707657605501513,-0.004561852829779028,0.10783596404352305,7.112366251504909e-17
2016-10-17,47,4,0.6814580139420813,47,29.598530913187464,5.9014107833061935,0.6120445933248411,9,7,0.861166167750696,-0.0044136785833302165,0.09091687963896171,4.163336342344337e-17
2016-10-18,47,4,0.6821415248260709,45,32.85896518864061,5.3158426778908705,0.6167472191347426,9,7,0.9198964409414062,-0.0030253553785284147,0.1263007098042581,1.1102230246251565e-16
2016-10-19,47,4,0.682169448356896,47,28.473310646817293,6.134625216847796,0.6207920273453246,9,8,0.9664452813097768,0.009456061494549492,0.15421691952288472,9.71445146547012e-17
2016-10-20,47,4,0.6820664428518357,47,26.744889384260162,6.531082891817993,0.6243446005068267,11,7,1.0097126128341507,-0.011964064697173569,0.18811068533686767,4.3021142204224816e-16
2016-10-21,47,4,0.6822489700462662,46,31.777704839545404,5.500015668439221,0.6244895569117848,9,9,0.9402974578338029,0.022679919381580475,0.06966036201755224,5.551115123125783e-17
2016-10-24,47,4,0.683333623256479,47,27.384843778287145,6.378458497528504,0.6247279610868135,9,10,1.0741442211308596,-0.005883900105250195,0.22853559443429722,1.8908485888147197e-16
2016-10-25,47,4,0.6827695530959668,46,24.70229716178556,7.071127371510672,0.611131341092421,8,7,0.8679207215101595,-0.04083060766457274,0.1601058858139194,9.020562075079397e-17
2016-10-26,47,4,0.6814855816068771,47,32.99750610785389,5.29352396905933,0.6112048078690062,8,7,0.9316794110332045,-0.06124648527164768,0.26517545254574376,1.249000902703301e-16
2016-10-27,47,4,0.6820422034008652,47,32.68995523007012,5.343326054494923,0.602683711846879,8,6,0.9104172487194436,-0.03622741895690342,0.3538788365940713,8.326672684688674e-17
2016-10-28,47,4,0.6820465265831288,47,32.50424569962777,5.373854576268679,0.5952761721681877,9,6,0.8876502129860635,-0.04195198570777532,0.20261629213349105,2.220446049250313e-16
2016-10-31,47,4,0.6838865796491592,47,33.76501965129062,5.173196737483006,0.5990218095191825,10,7,0.9773541826289448,-0.06251850536051999,0.2055263142029956,1.214306433183765e-16
2016-11-01,47,4,0.6835611229624005,47,34.329491121338016,5.0881351221817415,0.5952985736809195,10,8,1.034699909185914,-0.07695336922552741,0.19606659482394254,1.5543122344752192e-15
2016-11-02,47,4,0.6841491505843831,47,31.732360663397053,5.504572803579338,0.6037999669473698,9,8,0.9908253553334504,-0.052743610127341044,0.22081183561115733,1.249000902703301e-16
2016-11-03,47,4,0.6840675942169124,47,34.19954902571649,5.107467626832157,0.5966331056815275,11,9,1.1156775402144483,-0.07665105412836923,0.17246591932909464,2.0816681711721685e-17
2016-11-04,47,4,0.6831315612624691,47,32.53026829067531,5.369555760816632,0.5925236443657316,10,9,1.0867655392957172,-0.06137046944740704,0.20003314768170483,1.249000902703301e-16
2016-11-07,47,4,0.6842697113187223,47,30.133869832212532,5.796570121053088,0.6040289135890224,12,8,1.170122537400885,-0.05880824760779018,0.3244848279197372,8.326672684688674e-17
2016-11-08,47,4,0.6844999897189992,47,30.75549983870454,5.679409875214814,0.6036108595965233,10,8,1.0949811107218668,-0.05810099469062902,0.28181004794416425,1.5265566588595902e-16
2016-11-09,47,4,0.6788895120610229,47,31.418394745108305,5.559580332419816,0.5914002441874041,11,11,1.2775585293676286,-0.10877012879680233,0.23045978770671316,1.8457457784393227e-15
2016-11-10,47,4,0.6803703205215653,47,27.960769543437955,6.247077328460004,0.6066901419246701,12,10,1.3253999287753668,-0.1184590522876387,0.2696170245980975,1.734723475976807e-16
2016-11-11,47,4,0.6796512538945838,47,28.757383040292794,6.074025903412934,0.5979819504317025,13,9,1.234012265647179,-0.1173288425125788,0.35249870974031255,1.97758476261356e-16
2016-11-14,47,4,0.6791777587505505,46,29.26522928630615,5.973244076420233,0.5979784371697313,11,9,1.1462617836439475,-0.10548210350680759,0.25914116648480495,3.5388358909926865e-16
2016-11-15,47,4,0.6793359894516177,46,28.438750900469863,6.149413402804433,0.5988297315974029,12,8,1.1606332443735186,-0.11906991674807163,0.3601315211741977,1.0061396160665481e-16
2016-11-16,47,4,0.6788036510268719,47,31.539397753531947,5.538250630722503,0.597848953802675,12,7,1.104527628311271,-0.08761146559133029,0.3900801556445502,6.938893903907228e-17
2016-11-17,47,4,0.67705256520171,46,34.921585843794944,5.002561644070495,0.593598482074442,11,7,1.065198461652999,-0.1064470793158946,0.36087593406768975,2.220446049250313e-16
2016-11-18,47,4,0.6778341293852473,46,34.170442441928664,5.112393884642719,0.5902646513834638,12,8,1.1552733002232587,-0.08230403779028506,0.3543824424887281,1.8041124150158794e-16
2016-11-21,47,4,0.6776967548400217,47,33.86412479650948,5.1580571047006805,0.5876574153597053,10,9,1.0567363804105403,-0.06655388691927663,0.1836638674345281,2.5673907444456745e-16
2016-11-22,47,4,0.6765469521641043,47,30.848481605908276,5.6622913157467,0.5805242459802656,9,9,1.0132418316245544,-0.02747958201173018,0.18247547873564926,1.457167719820518e-16
2016-11-23,47,4,0.6768554112768502,47,33.389013486064414,5.23145404023421,0.5792966530807002,10,8,1.0340037461615337,-0.0554650319395554,0.20407133048609982,6.938893903907228e-17
2016-11-24,47,4,0.6767012607677398,47,30.359155508718352,5.753555610298339,0.5798766406060231,11,8,1.0816592874489892,-0.05717035439411681,0.2428297127254653,2.636779683484747e-16
2016-11-25,47,4,0.6719559795244081,46,31.137304171739984,5.616561620193889,0.5701973837375612,11,7,1.052465535565907,-0.05064110155630667,0.2839185448684852,9.71445146547012e-17
2016-11-28,47,4,0.6727481951545277,46,31.305449809600198,5.58707268139074,0.574316718988915,12,6,1.0764004782909846,-0.032246996383597674,0.36224242611750507,4.163336342344337e-16
2016-11-29,47,4,0.6720304082158383,46,33.61481160285834,5.200351710718172,0.5720032679238325,9,6,0.8684648105585443,-0.050072928931507096,0.20095000298026844,1.700029006457271e-16
2016-11-30,47,4,0.6702774233262299,47,32.47538123820792,5.378630914903622,0.5681563865186363,9,6,0.8747531618053178,-0.046047144022735687,0.19873829168357016,5.117434254131581e-17
2016-12-01,47,4,0.6709849038551171,46,32.4765028189156,5.3792224572396545,0.5693912603914058,7,4,0.7152664016282214,-0.021069536851237115,0.23800501577607966,9.540979117872439e-17
2016-12-02,47,4,0.6710248349989092,47,30.563639095631046,5.715061905899649,0.5665562024992303,7,3,0.6808012143016812,-0.0298862428343457,0.2699094588969957,2.0469737016526324e-16
2016-12-05,47,4,0.6700663818188621,47,28.033177193850722,6.2309415837253725,0.5665796835252231,7,3,0.6771309663011383,-0.032909282356139824,0.2539190298884134,9.020562075079397e-17
2016-12-06,47,4,0.6687687101977061,46,30.133953765056546,5.796687936793981,0.5721210243586488,7,5,0.7637375422193771,-0.03328826965329223,0.15427944582102765,1.4224732503009818e-16
2016-12-07,47,4,0.6656164095317172,47,28.331384365297367,6.165356667677007,0.5794823289654348,8,4,0.7454881986685495,-0.01986776729257233,0.19204193870900557,1.5785983631388945e-16
2016-12-08,47,4,0.6658068047046324,47,33.11342944662075,5.274992425133172,0.5813592415859237,9,4,0.8089927676391547,-0.01936898016059206,0.2410768533970951,7.806255641895632e-17
2016-12-09,47,4,0.6648254225939384,47,31.020909438452108,5.630817814921615,0.577365762270714,9,5,0.8137051460595999,-0.00863921919184931,0.21421062412374944,1.240327285323417e-16
2016-12-12,47,4,0.6638148518438879,47,30.088332946997998,5.805342881867234,0.5725934276750658,8,6,0.7924734838975263,-0.015170484933983389,0.10396037118086875,6.591949208711867e-17
2016-12-13,47,4,0.6637678957906863,47,30.382849005813615,5.74906880746053,0.5770098063732084,10,6,0.9613415599287765,-0.044290949080635536,0.2049293658682916,9.194034422677078e-17
2016-12-14,47,4,0.6639148988235781,47,29.896573179176002,5.8425789622862885,0.5796260009376434,11,7,1.0471949675762644,-0.04368487590846979,0.2043192599512056,1.942890293094024e-16
2016-12-15,47,4,0.6625552477698128,47,27.149880905963016,6.433659510555797,0.5667753773133066,11,7,1.035244528499207,-0.029288596106292985,0.20332050677344674,4.85722573273506e-17
2016-12-16,47,4,0.6621645339366538,47,29.975840120407828,5.8271290745972175,0.564790497594263,11,7,1.024786631566688,-0.03334680631460066,0.2208512724711167,1.4224732503009818e-16
2016-12-19,47,4,0.6616975754988906,47,28.31928471018509,6.167990868720094,0.549798017776369,11,7,1.023491447345549,-0.03367878797960725,0.22270364562651906,1.0061396160665481e-16
2016-12-20,47,4,0.6598237443027797,47,28.867709246480377,6.050812276433149,0.5477367400020583,11,7,1.0238252221744726,-0.03319550763403417,0.22369579120759236,6.19079440489223e-17
2016-12-21,47,4,0.6595860566762595,47,29.79575098598853,5.862348949796444,0.5481334119683211,11,8,1.059228065188833,-0.006684503035420562,0.18825217384997622,1.3877787807814457e-16
2016-12-22,47,4,0.6593969170843338,46,28.783095226007447,6.06925565742011,0.5517665845865287,10,9,1.046006466726012,-0.016946140905822096,0.1602177711088436,6.765421556309548e-17
2016-12-23,47,4,0.6562135682659194,47,30.759441684531573,5.6786820545233265,0.5523677653867067,12,8,1.1046892914909872,0.014327811349688939,0.23072113180754986,6.245004513516506e-17
2016-12-27,47,4,0.6566848087561745,47,32.67258140141572,5.346167398133333,0.5559657231012299,12,8,1.1028418723981024,0.015139988897808569,0.23136029138639125,1.1796119636642288e-16
2016-12-28,47,4,0.6566758784677365,47,26.53596473311449,6.582503830476152,0.5551379543019783,12,8,1.0952278156267357,0.012413542082402657,0.20386261777722836,1.43982048506075e-16
2016-12-29,47,4,0.6557594250575555,47,30.56621770192523,5.714579775766771,0.5543661199143172,12,9,1.1411895041866158,-0.00797062380401179,0.16258812450975874,1.3357370765021415e-16
2016-12-30,47,4,0.6559033839380521,47,31.879209959041628,5.479216383515338,0.5565061002858778,12,9,1.152862914681568,-0.025117623951103705,0.16889980632231955,1.5092094240998222e-16
2017-01-02,47,4,0.6568885058359822,46,34.22567062354927,5.103863965713597,0.5557656449260242,13,7,1.1421780379039095,0.026174654276862924,0.24439730574843332,1.1275702593849246e-16
2017-01-03,47,4,0.656501510174113,46,30.20747492592836,5.782586302254419,0.5487619277704355,12,6,1.0436695895043984,0.019887500184086245,0.27770914544296793,5.694771910980112e-17
2017-01-04,47,4,0.6566137930441381,46,28.87513045168024,6.04974362162813,0.5518873751203242,10,5,0.937670169550276,-0.02619089795027106,0.2800123229645256,1.1796119636642288e-16
2017-01-05,47,4,0.6555893100836172,46,30.768944789249502,5.692157031242219,0.5489240135786239,9,6,0.9434763921844052,-0.062212160637734326,0.23263698268350813,1.8561541192951836e-16
2017-01-06,47,4,0.6535418668218499,46,31.080162412586915,5.62049455052048,0.5408879485783998,9,5,0.9288676060995887,-0.06741282961586788,0.2759009273558885,1.2102406750369443e-16
2017-01-09,47,4,0.6534811450189115,46,29.329646987561176,5.956325574633533,0.5277056391336841,9,7,0.9121795023455309,-0.07178606777287429,0.20586720414227405,1.231653667943533e-16
2017-01-10,47,4,0.6519291456372411,47,29.648417582795688,5.891481021316467,0.5237257931920201,11,6,1.01412847734454,-0.060853411402926084,0.32062068148011486,3.0878077872387166e-16
2017-01-11,47,4,0.6489283878206596,46,30.629457796430508,5.705732663173869,0.5164166224341895,10,7,0.967601276739102,-0.024987884788691603,0.18820191927572766,8.326672684688674e-17
2017-01-12,47,4,0.6469672085016325,46,30.58833425459708,5.710966752970036,0.5171354612407715,10,6,0.9359017622595718,0.007064958773226139,0.24143663798959322,2.432407573971229e-16
2017-01-13,47,4,0.6437952441673602,47,30.34081914362335,5.757032750970298,0.5207102904179767,10,6,0.9331622787994405,0.0025056337970513765,0.24517966235569758,8.326672684688674e-17
2017-01-16,47,4,0.6418342526761005,45,37.28608944951021,4.684671738977462,0.5265034517734829,10,6,0.8812345755830504,0.0649329367246505,0.14949277499235514,2.7755575615628914e-17
2017-01-17,47,4,0.6441452649082563,47,33.535973611721516,5.208528952326416,0.5288741602199002,11,6,0.931397933293818,0.08134012926920475,0.1900353876647687,8.326672684688674e-17
2017-01-18,47,4,0.6445310161588224,47,31.331808866248902,5.574944308091535,0.5310962728351628,10,6,0.8808756725413509,0.0795872200605934,0.13937935071336108,2.7755575615628914e-17
2017-01-19,47,4,0.6429115737899882,46,33.273555727494966,5.2496069678139285,0.5373688499367302,9,7,0.9828407746590202,0.08703306709181523,0.2216613283740643,5.551115123125783e-17
2017-01-20,47,4,0.6405114014766883,47,31.41014910600035,5.561039806326104,0.5405801111163563,9,5,0.8896451984180614,0.10412738063666058,0.2562590579244786,1.124100812432971e-15
2017-01-23,47,4,0.6409125729303687,47,37.2378014132237,4.690746576651466,0.5417754769106872,8,6,0.8658731974609458,0.08661557411903825,0.17823657446008564,1.249000902703301e-16
2017-01-24,47,4,0.6391999403931328,47,35.69866173768403,4.892987047655032,0.5387751866989884,8,7,0.940254058079269,0.058121822398633366,0.25062968273535,1.1102230246251565e-16
2017-01-25,47,4,0.6392318584952493,47,34.21359048239839,5.105371492388938,0.5376074497540196,8,9,1.0212392771252332,0.10790797726065786,0.18492808830555718,4.163336342344337e-17
2017-01-26,47,4,0.6401770241635849,47,33.3035753481769,5.244874992398321,0.5244098193211256,9,8,0.9288682888420908,0.14079165213295472,0.07710374015571468,2.3592239273284576e-16
2017-01-27,47,4,0.6406783890081088,47,33.48536839243463,5.2164004126820425,0.5295012660823518,10,7,0.9147353227237347,0.10382335727020682,0.10532263461074287,7.632783294297951e-17
2017-01-30,47,4,0.6359207710241712,47,29.681454321647532,5.884923548834066,0.5395903499533589,10,7,0.9022127398091415,0.08178484412276041,0.07415873153847853,1.3877787807814457e-16
2017-01-31,47,4,0.6358870861285947,47,28.845616808439573,6.05544650548089,0.5303331237512645,9,6,0.8655304272073007,0.10635162301343333,0.15153916326885292,9.71445146547012e-17
2017-02-01,47,4,0.6368644537058011,47,30.235807345983982,5.777027466220671,0.527180044868402,9,7,0.8206829559269286,0.12484152464568284,0.02506213811083067,2.0816681711721685e-17
2017-02-02,47,4,0.6311843114061937,47,35.490220705985436,4.921724520908588,0.5237615917686395,9,8,0.933911097021113,0.15172230959961905,0.07634107245321806,6.765421556309548e-17
2017-02-03,47,4,0.6303148085076624,46,30.537313801431907,5.721733885537766,0.48624431237728355,7,9,1.036409738953707,0.07298688654340532,0.3503974189780552,1.5959455978986625e-16
2017-02-06,47,4,0.6262533397067453,47,31.13689247358783,5.609843360228524,0.4956801679557503,9,10,1.19553420971349,0.10913839622344054,0.28217365394605476,8.326672684688674e-17
2017-02-07,47,4,0.6263867429846657,47,29.74644094276116,5.87206684111274,0.4937494369683092,8,8,0.9363319343645394,0.10853519506762199,0.19350009279842484,1.3877787807814457e-16
2017-02-08,47,4,0.6221732712056153,46,32.26815496656144,5.414792687256048,0.49448719309461703,8,8,0.9058760006397875,0.046070600405250337,0.1741202813391816,7.979727989493313e-17
2017-02-09,47,4,0.6225407675263471,47,30.574766072251062,5.712982041737857,0.4960476476683591,6,10,1.0228863031406588,0.12101374491859009,0.3391846094816707,2.0122792321330962e-16
2017-02-10,47,4,0.622601951822104,47,32.0852795188371,5.444025800010768,0.49359383270343193,7,9,0.9808106440406174,0.11828096363631398,0.21969327424315682,9.367506770274758e-17
2017-02-13,47,4,0.6213249580148186,47,32.6375591968124,5.35190418032749,0.49526276818854537,5,8,0.8742396522227277,0.08292337246877014,0.25258661198105486,1.8735013540549517e-16
2017-02-14,47,4,0.6215871411982472,47,31.446788901870168,5.554560436875584,0.4974793684944453,6,7,0.8323318044929936,0.09753399144539102,0.16239940292841323,1.3183898417423734e-16
2017-02-15,47,4,0.6178553778391781,47,35.05042705214969,4.983479637529644,0.49690178384045164,6,7,0.7649596443678301,0.04354360738900559,0.12043930146152702,8.326672684688674e-17
2017-02-16,47,4,0.6165122418020967,47,32.80711188190761,5.3242446372560615,0.49593357503748675,7,7,0.8326045386408257,0.039670931579373805,0.150669198583307,7.892991815694472e-17
2017-02-17,47,4,0.6147033830662202,47,35.69288565561282,4.893778866367402,0.49586710668912876,6,7,0.8207462007767116,0.04549326544211038,0.16651688585433866,1.5439038936193583e-16
2017-02-20,47,4,0.6154740283228962,47,37.70449277458417,4.63268636301215,0.4914380405872932,7,9,0.9808502362530707,0.05218331090465609,0.18288785871987906,6.678685382510707e-17
2017-02-21,47,4,0.614451879930073,47,35.39655947992137,4.934747672303834,0.48603190429215315,8,11,1.1004039037699505,0.036490330519434414,0.17128122184908942,6.938893903907228e-17
2017-02-22,47,4,0.6134898639935299,47,32.69307746559844,5.342815759235496,0.4840733669796162,7,10,1.0413723506142187,0.014622526696990594,0.24886385419188528,1.9081958235744878e-16
2017-02-23,47,4,0.6133871503403632,46,33.497718047169265,5.21455963002205,0.4854040121158875,8,9,1.0177564268570232,-0.047420312178316895,0.21276994405905156,8.500145032286355e-17
2017-02-24,47,4,0.614334931692225,46,32.871909089336825,5.322491660032754,0.4804132569771087,8,8,0.9512801456681482,-0.10272194323875218,0.1988780949205331,8.326672684688674e-17
2017-02-27,47,4,0.6138062713088701,46,35.466660587957435,4.9251499286253075,0.47462644362273626,8,8,0.8867615724405854,-0.028109820869990185,0.1174367060244827,4.683753385137379e-17
2017-02-28,47,4,0.6146309437077164,46,35.6306049689253,4.903097265101909,0.4668273259983462,11,8,1.032212414811426,-0.014953809492115222,0.12914009153954584,2.7755575615628914e-17
2017-03-01,47,4,0.6166218112176322,46,37.17819223041262,4.698354761367031,0.48052322895082966,12,8,1.1831493724017421,0.018984231025316767,0.2933482687735456,4.163336342344337e-17
2017-03-02,47,4,0.6164246548014506,47,36.52204217052074,4.782675861485532,0.47231120066075366,11,6,1.0137747753626598,0.017099152777687025,0.2020400111024316,1.1102230246251565e-16
2017-03-03,47,4,0.6120561705928811,47,39.70599294367048,4.399161853197045,0.46890479136656016,10,8,1.0339612454721026,0.039420295152688675,0.20493715431809809,5.551115123125783e-17
2017-03-06,47,4,0.6129633358399589,47,40.265204069992244,4.338065422379961,0.4669218986399126,9,8,0.9593589282347554,0.05513587123641266,0.14460767138731975,4.163336342344337e-17
2017-03-07,47,4,0.6134719640563054,47,40.49244576055229,4.313720404393863,0.46985520514301843,8,7,0.897862346607786,0.05772427411843635,0.22375235229653584,1.0408340855860843e-16
2017-03-08,47,4,0.6129202061408028,47,40.38490171685475,4.325207740401803,0.4504909455127381,8,9,0.9790655036036191,0.08037426387436034,0.21172158919324105,1.457167719820518e-16
2017-03-09,47,4,0.612355011539268,47,38.83736048701677,4.497553060010322,0.44355916978060733,9,9,1.0122025381455448,0.06544428505198888,0.15913820201788947,8.326672684688674e-17
2017-03-10,47,4,0.6127109997883211,47,37.96317834641432,4.601118692097191,0.4316655512744128,11,7,1.0355447878177333,0.02302892923892133,0.1547345773010565,1.5265566588595902e-16
2017-03-13,47,4,0.61411032850783,47,34.84004394964192,5.013572593466877,0.4330644587276334,11,7,1.0251559488124304,0.06770210691620021,0.1421000687752511,5.551115123125783e-17
2017-03-14,47,4,0.6142937919430983,47,34.89745979433802,5.005323898372863,0.43450034815821514,11,7,1.0159886167570207,0.07912581195181975,0.14042135083506005,1.8041124150158794e-16
2017-03-15,47,4,0.6139739581028053,47,37.41332686991097,4.668739834563712,0.4331491957148851,11,5,0.9344011601409147,0.09833135762753162,0.18488331578191175,1.0755285551056204e-16
2017-03-16,47,4,0.6127855546845782,47,36.604154441390364,4.771947123673852,0.43541967622479155,12,4,0.972250508545795,0.07027262604608339,0.3529328860741872,1.1102230246251565e-16
2017-03-17,47,4,0.6127628088230793,47,34.662962994373665,5.03918518245132,0.434402550524208,11,4,0.9171366289042192,0.07341515805319605,0.29729347485984847,1.1449174941446927e-16
2017-03-20,47,4,0.6114207008423711,47,36.3032475854004,4.811500378587402,0.43152562277302225,10,4,0.8548794485756432,0.0877127194732695,0.251616352506955,1.1102230246251565e-16
2017-03-21,47,4,0.6107133423135461,47,35.63866449554126,4.90122432963108,0.43422169267067084,10,5,0.8949872991012044,0.09362896208523191,0.21775342586495153,4.579669976578771e-16
2017-03-22,47,4,0.6090861097551917,47,36.57983477938381,4.775119695170165,0.4327460628149153,9,5,0.8373331210588107,0.09026035966866078,0.16990781735123792,8.326672684688674e-17
2017-03-23,47,4,0.6094161483822953,47,36.81073168052854,4.745167551056899,0.43642096223602367,7,4,0.666626872928267,0.09224430854241025,0.11779066065032648,6.938893903907228e-17
2017-03-24,47,4,0.6050150992944144,47,35.18690729225719,4.96415010419352,0.4318650552416395,7,5,0.6859758232618137,0.08544057475042346,0.11191695945775469,4.85722573273506e-17
2017-03-27,47,4,0.6047233924461699,47,37.02386049601765,4.7178518706847,0.43015781660213237,7,4,0.643000229594502,0.053083019558669994,0.09680791855352558,5.984795992119984e-17
2017-03-28,47,4,0.6042756683835881,47,32.73765945396256,5.335539938239654,0.43100276125312276,8,5,0.7350183790526104,0.01310224379409422,0.12323017266703469,5.724587470723463e-17
2017-03-29,47,4,0.6055951912098455,47,33.748085691384176,5.17579252045398,0.4317671089645294,8,4,0.7461150801134836,-0.025112748187703662,0.2722915027727447,1.1796119636642288e-16
2017-03-30,47,4,0.6056147804732024,47,31.101875566162242,5.6161593576415845,0.4350026506748603,6,4,0.633397813261738,-0.00466104152620217,0.13924027963903612,1.5265566588595902e-16
2017-03-31,47,4,0.6056037404814469,47,27.237707951580955,6.412914398363232,0.4335278587086074,6,3,0.6063918456252138,0.0005494271085001515,0.19394730272374877,1.5265566588595902e-16
2017-04-03,47,4,0.6010244851644753,47,28.85669762700045,6.053121246197944,0.43825041348224847,6,3,0.6123495011623279,0.0032698169082114453,0.19609185706115373,1.0061396160665481e-16
2017-04-04,47,4,0.6012985438379778,47,26.97194699635891,6.476102356447841,0.4382924569009499,6,4,0.75716206756598,-0.035298476522226827,0.2220999029663992,1.1102230246251565e-16
2017-04-05,47,4,0.601598132063173,47,28.54201942745007,6.119857424423014,0.44302297563076576,6,5,0.7930252510437532,-0.0454941651297048,0.24001896706111353,2.1684043449710089e-16
2017-04-06,47,4,0.601716542568357,47,33.68088225863255,5.1861197744110985,0.4481953976764167,7,7,0.9020015547939939,-0.02177746168372128,0.17821085160885142,4.683753385137379e-17
2017-04-07,47,4,0.6003435941992292,47,28.074507286834205,6.2217686571126665,0.4391176984824337,8,7,0.9513953662704427,-0.01114723629239961,0.18555581192980455,1.4311468676808659e-16
2017-04-10,47,4,0.6011713225348035,47,36.18116462832912,4.827735405850941,0.4388335023577244,7,5,0.8543565780741429,-0.024980892447872147,0.2355125305901672,2.220446049250313e-16
2017-04-11,47,4,0.6017361622466298,47,34.07816682365514,5.125659792822483,0.4378296415078632,6,6,0.7351792633447182,-0.01749782304903605,0.1170259214583511,7.806255641895632e-17
2017-04-12,47,4,0.602119052364103,47,36.11440722326147,4.836659464497548,0.4405984129473743,6,7,0.8292867019609221,0.020086932343122164,0.20037436088542487,1.0061396160665481e-16
2017-04-13,47,4,0.6025115988386823,47,35.72684022171742,4.889127849457199,0.43577344707859456,7,7,0.8196176555797468,0.02317809370702757,0.13151826396417426,1.1644331332494318e-16
2017-04-18,47,4,0.6042449521491304,47,34.515674752455546,5.06068882482674,0.44142442891561307,8,8,0.9171370751209887,-0.03138774676059049,0.1076974083303606,7.28583859910259e-17
2017-04-19,47,4,0.6052570151754447,47,34.74367039087678,5.027479467079362,0.444813978777616,9,8,0.9199974368663201,-0.052473211093713654,0.10646568127299139,8.326672684688674e-17
2017-04-20,47,4,0.6063491575361633,47,34.85358586704048,5.0116246336158765,0.44444073153516217,8,8,0.8537740461016553,-0.0418712411729745,0.07456080490710446,6.938893903907228e-17
2017-04-21,47,4,0.6012613962710429,47,35.23113526915796,4.957918277871066,0.4373258378481068,8,8,0.8842527101476919,-0.03547905336762639,0.1029945422529512,3.122502256758253e-17
2017-04-24,47,4,0.6085332957147065,47,31.377995752208285,5.5667382608021825,0.5137739513849839,6,9,1.0043952555369247,-0.07822153528317814,0.3144041674771512,2.0122792321330962e-16
2017-04-25,47,4,0.6055688007323881,47,31.83836597083357,5.4862454204188875,0.5047691262564548,7,10,1.0705846416061524,-0.06521220106587344,0.2259005665790514,2.2898349882893854e-16
2017-04-26,47,4,0.6038879886352995,47,30.63838057563949,5.701120170822227,0.490680307960815,7,10,1.0265262677637383,-0.02377572698533389,0.29617903344250335,2.3592239273284576e-16
2017-04-27,47,4,0.6031088203017916,47,31.39828338740669,5.563141377695972,0.4856746419933878,8,9,1.014047612412666,-0.04701699188662256,0.24112855841231726,2.42861286636753e-16
2017-04-28,47,4,0.602886428292239,46,31.546535529335607,5.5443596854120045,0.48261484649691455,8,9,1.0137057739951487,0.0054101009675469915,0.17446840396135654,4.3281350725621337e-16
2017-05-02,47,4,0.6022176670050083,47,32.3127310651692,5.4057049262973385,0.4858166840653758,7,9,0.9053133005869723,0.013343999651946176,0.1443582060406046,3.7730235602495554e-16
2017-05-03,47,4,0.6023024682760275,47,34.874544433188426,5.008612795953206,0.4870616144946778,7,9,0.9154052403671625,0.01169250139883132,0.14589156319805674,7.160071147094271e-16
2017-05-04,47,4,0.6032570326118399,47,33.26498859751507,5.250958947094137,0.4852126431695872,9,8,1.00191622659155,-0.005094505138565342,0.22468668095541872,9.627715291671279e-17
2017-05-05,47,4,0.6024292175854465,47,33.03522028752254,5.28748069426619,0.4823058639696718,9,9,1.0816427895006009,0.00830056720659023,0.21091740678612564,2.970713952610282e-16
2017-05-08,47,4,0.60178341340813,46,30.70548732089545,5.694954535794014,0.48329157592534766,9,9,1.0253629650304008,0.044606942083329625,0.17433506678120173,9.755651148024569e-16
2017-05-09,47,4,0.6020435780972997,46,33.84857681088094,5.160583117499774,0.4845401034815066,9,7,0.8983813885683808,0.029886908122049857,0.13459471261211642,6.526897078362737e-17
2017-05-10,47,4,0.6023608606921405,46,31.88189515982969,5.478911873938495,0.4856482718170823,11,8,1.0309374626146914,-0.0035416920091110356,0.15286310118646493,2.8622937353617317e-16
2017-05-11,47,4,0.6020356404560624,47,29.442199398396767,5.932745958870783,0.48281031144878167,11,9,1.0712493957394753,-0.03289983958622175,0.12890267190587146,9.71445146547012e-17
2017-05-12,47,4,0.6013471898284056,47,29.837133271351558,5.85421822909577,0.4810905715434086,10,12,1.2036335770164008,-0.054691425977108216,0.23907939780221202,1.3704315460216776e-16
2017-05-15,47,4,0.5999746031061598,47,26.239353100781255,6.656912951710897,0.4814868666936901,11,12,1.282064525127035,-0.011186930738441854,0.218670527072932,6.938893903907228e-17
2017-05-16,47,4,0.5997347388467327,47,24.956629265076,6.999065765084774,0.4791151749582485,10,11,1.319697189438586,-0.0284519490164202,0.516392943920411,3.3306690738754696e-16
2017-05-17,47,4,0.5989986891922114,47,28.94232549374378,6.0352126693780646,0.4951748837415069,9,10,1.0338442004062731,0.024774279149375505,0.14239337578615663,1.0408340855860843e-16
2017-05-18,47,4,0.598708469904891,47,29.93843268849522,5.834409947860424,0.5029385347985401,10,6,0.941860568222459,-0.017258924219836037,0.2063202672052386,9.020562075079397e-17
2017-05-19,47,4,0.598842397286375,47,27.2781741141405,6.4034010770009315,0.5032185105035042,9,5,0.8600052858828653,-0.03889413822656371,0.24519068966459226,1.8041124150158794e-16
2017-05-22,47,4,0.5992876179372204,47,26.10192524795449,6.691961908625675,0.5072704749950026,5,4,0.6052464396573043,-0.01287590082734752,0.13475405963070808,1.0061396160665481e-16
2017-05-23,47,4,0.5985651875199218,47,30.986159911083202,5.63713251342993,0.5060049643434221,5,4,0.6427383183750325,-0.0397862892926532,0.19104956308327864,8.847089727481716e-17
2017-05-24,47,4,0.5984644432279095,47,34.91145620444525,5.003317205624474,0.5014479898829155,5,7,0.8191536041560694,-0.0034257658862805315,0.23947082479009335,4.961309141293668e-16
2017-05-25,47,4,0.5981898488680639,47,33.92236968001832,5.149200694077568,0.5024781717409638,6,6,0.7756641844826483,0.004217805836476186,0.1852329934923372,9.90960785651751e-17
2017-05-26,47,4,0.5984948369228079,47,32.92495386155628,5.305188588435879,0.5025932159967421,6,8,0.8858621564344691,-0.024463207139724698,0.25419284517364577,1.5569143196891844e-16
2017-05-29,47,4,0.5979122617327741,47,31.12849832856775,5.6113561167453545,0.4810382079044347,7,7,0.8078108439135167,-0.02261788899760759,0.13298904152248028,5.160802341031001e-17
2017-05-30,47,4,0.597997757410959,46,31.70295240163358,5.510392063333451,0.48060213384494793,7,7,0.8505272459420282,-0.03416271130236608,0.17411608376588714,1.0581813203458523e-16
2017-05-31,47,4,0.5963917852086958,47,32.8577884888164,5.316033048315428,0.47714482754223514,8,8,0.9062999337689769,-0.05573682895873929,0.13678402315320268,7.45931094670027e-17
2017-06-01,47,4,0.5959339047260601,47,35.73789724169047,4.887615192349348,0.4768931774635782,9,10,1.038875767332603,-0.0701706961909287,0.15991669084618332,2.983724378680108e-16
2017-06-02,47,4,0.5951907435774796,46,38.79553365283037,4.503120800035125,0.47469246078755684,8,8,0.9418004953623,-0.055947809560873134,0.2347202164691486,6.539907504432563e-16
2017-06-05,47,4,0.5913153423765455,47,37.11976338964781,4.705662793901864,0.4823743181748897,9,7,0.9806929272507788,-0.04985557018144039,0.2321351319098003,1.986258379993444e-16
2017-06-06,47,4,0.5892729583875561,46,36.31302749529145,4.8155398293396185,0.4909506820081459,8,6,0.9239950289681925,-0.05694917578701644,0.3105718238909573,8.309325449928906e-16
2017-06-07,47,4,0.5857939318462947,47,37.023316705313455,4.71792116550265,0.4918913622729853,8,6,0.8882284024292715,-0.05810804636188836,0.22734011505303317,1.0408340855860843e-16
2017-06-08,47,4,0.5857454990121523,47,33.60686576744272,5.197541797257513,0.49190939033713477,7,5,0.7426111764441775,-0.029482617684166035,0.12675166334238439,6.071532165918825e-17
2017-06-09,47,4,0.5855010180702892,47,33.1472393388675,5.269611979308623,0.49189629566204857,7,6,0.8169376877736299,0.004512239268457,0.18816716826512359,1.0061396160665481e-16
2017-06-12,47,4,0.5862144124931916,47,32.98069450597396,5.296222293604727,0.4980756245616281,7,6,0.815391640714291,-0.008956742212857912,0.1718766939054852,3.8163916471489756e-17
2017-06-13,47,4,0.5776642793131285,47,37.02824569195219,4.71729314303081,0.49927536081003454,8,8,0.8995651250350621,0.06702299952905567,0.13314692338522383,5.898059818321144e-17
2017-06-14,47,4,0.5779425898241992,46,39.24511704071117,4.451605787013927,0.4983205729325895,8,8,0.8800100110144998,0.0845975113454763,0.11095080799215185,5.204170427930421e-17
2017-06-15,47,4,0.5784787136029248,47,36.54363378727428,4.779850042223585,0.5033256045662693,8,7,0.881972667730045,0.12548440993753568,0.15102181831324937,3.642919299551295e-17
2017-06-16,47,4,0.5766757214241455,47,33.40724323400971,5.228599327324413,0.4989645658487481,6,7,0.8378006427268142,0.13774324899625007,0.1934972872483816,8.153200337090993e-17
2017-06-19,47,4,0.5353623887996768,47,36.30871263396824,4.810776169951358,0.5070689789717923,4,7,0.7939984991290068,0.08534938333728714,0.2934214802816014,1.1796119636642288e-16
2017-06-20,47,4,0.5239366330658347,47,36.34730468802487,4.805668288208856,0.5053002983047181,5,6,0.7312365657818015,0.09788983133177614,0.2037876051104806,1.734723475976807e-16
2017-06-21,47,4,0.5185524479445245,47,40.327444107386285,4.331370196335191,0.5089972189908775,4,7,0.727265813196888,0.09342507318269502,0.27403858317008367,4.163336342344337e-17
2017-06-22,47,4,0.5114275267151999,47,42.23128508778065,4.136106422952465,0.5066782506454365,6,5,0.6857177323838801,0.09899593645713034,0.16647812268540924,3.469446951953614e-17
2017-06-23,47,4,0.5109263931215934,47,41.56417261725655,4.202491677377591,0.5040915109012726,7,5,0.7370713225096265,0.10479412998284962,0.1885681451090127,1.1275702593849246e-16
2017-06-26,47,4,0.5105449038332872,47,39.54545458126928,4.417020650050643,0.5020251999945912,8,8,0.9262628697430225,0.12427773476971539,0.1609641387682584,1.43982048506075e-16
2017-06-27,47,4,0.5111118738698717,46,38.6762977868097,4.516561839828892,0.507253142800933,7,6,0.8070510233436324,0.17692601887707454,0.20252109937029206,1.6306400674181987e-15
2017-06-28,47,4,0.507989548416362,47,34.60054269162148,5.0482760070524355,0.5144873403726864,5,5,0.7498634977756918,0.12429994026843538,0.27103552605209136,1.3877787807814457e-16
2017-06-29,47,4,0.5105541239960311,47,37.04321234302369,4.7153872046413445,0.533253275026931,6,4,0.6438310349639543,0.05587549454995754,0.24120944448418313,1.1796119636642288e-16
2017-06-30,47,4,0.5105924461102695,47,35.19201549440988,4.963429546365492,0.5343345681498426,6,4,0.6212606829720091,0.02582941019720082,0.1617561661535855,1.249000902703301e-16
2017-07-03,47,4,0.5092034554657419,46,36.80349443537019,4.748528925052075,0.544704402796555,4,4,0.5091489434796186,-0.0019211631966406682,0.14837952519585912,6.591949208711867e-17
2017-07-04,47,4,0.5047336075031658,47,37.624001961990224,4.642597288761847,0.5451002001406045,6,6,0.7762870027071728,0.009203161238587733,0.2152099405203875,9.84455572616838e-17
2017-07-05,47,4,0.5023354724463515,47,40.05724243457175,4.3605869721664385,0.5477481658010076,7,7,0.8722238401769088,-0.011905881527812648,0.22905887764112642,1.6479873021779667e-16
2017-07-06,47,4,0.5033995032705565,47,35.795858084685314,4.879701139943822,0.5498603350776495,7,7,0.8676625015013644,-0.016233728895185616,0.21852926654207425,1.3010426069826053e-16
2017-07-07,47,4,0.502276271131784,47,36.353363426416344,4.80486736405191,0.5495619297853145,7,8,0.9020963508720792,-0.023796406807407387,0.1484083519996377,1.240327285323417e-16
2017-07-10,47,4,0.5024438753332097,47,35.68327904196008,4.895096364202057,0.5511167532384509,8,8,0.9516066764535323,-0.017446112044886303,0.1516236196357677,8.326672684688674e-17
2017-07-11,47,4,0.5029346269117528,47,38.798177354871385,4.502095237707726,0.5507835015445768,9,8,0.9726117732204083,-0.04654226198770628,0.14778703680579042,7.177418381854039e-17
2017-07-12,47,4,0.5060199700935165,47,32.46680075278548,5.380052405875567,0.5612928654094536,8,9,0.950765457349994,-0.1080308486766623,0.11462411983877312,9.71445146547012e-17
2017-07-13,47,4,0.5052962149400746,47,37.69771916560979,4.633518774272527,0.5620330943746872,7,8,0.8417957904888743,-0.11161993998941706,0.08750167232626208,6.591949208711867e-17
2017-07-14,47,4,0.5060332277836457,47,36.42699585767951,4.795154950014408,0.5636744890213726,6,9,0.8459189777120948,-0.1337375812953267,0.11838086560477534,4.163336342344337e-17
2017-07-17,47,4,0.506171993821373,47,32.1882441672384,5.426611299254735,0.5666605359435385,5,10,0.8821093296402844,-0.11943462443999785,0.19597762321149426,1.0061396160665481e-16
2017-07-18,47,4,0.5074186264656046,46,31.446182308800896,5.562794387194538,0.5099346129226681,6,9,0.8295885684448925,-0.13628270557597544,0.10642605796326038,8.326672684688674e-17
2017-07-19,47,4,0.5074241143251546,47,29.026045259493493,6.017805317242665,0.5151891274913781,6,10,0.875966290357682,-0.10655748178835948,0.09387777172268702,4.163336342344337e-17
2017-07-20,47,4,0.5082223833369279,45,32.90013871732041,5.3091900615345695,0.5191830412316539,5,9,0.8908958318171998,-0.04907573025144535,0.22106739359829403,4.371503159461554e-16
2017-07-21,47,4,0.5115084830826244,45,33.15802442299934,5.2678979686120275,0.5321954486056223,4,7,0.7482687592564631,0.02010756815391323,0.22455241626532066,9.020562075079397e-17
2017-07-24,47,4,0.513155922086099,46,29.8446084812568,5.852988550581225,0.5378455594134446,4,7,0.7594681026021456,0.04918743839427055,0.24095913144283793,1.3183898417423734e-16
2017-07-25,47,4,0.5128508511606187,45,33.04047537621698,5.286639720287997,0.5354068755146192,5,6,0.6858677390670396,0.029287697392425475,0.155181840099147,8.673617379884035e-17
2017-07-26,47,4,0.5091418844995108,45,36.21756750331074,4.822882969297673,0.5372496045543426,6,8,0.8350680226056044,0.06300271820494414,0.1927950682534299,1.7520707107365752e-16
2017-07-27,47,4,0.509335172091127,44,36.43116664071665,4.797575693981422,0.5264402541327114,7,9,0.9426013046197319,0.06826053699780896,0.2131801444592234,1.0581813203458523e-16
2017-07-28,47,4,0.5101516830891846,44,34.50430037736837,5.062370473437243,0.5262814592281742,8,6,0.8025759896155563,0.020225459397026052,0.12049608895429689,5.551115123125783e-17
2017-07-31,47,4,0.5086843820734372,45,34.349568273105646,5.085161132516135,0.5291137869709941,6,7,0.7287434317720045,0.016048890793653597,0.0913315292669997,9.194034422677078e-17
2017-08-01,47,4,0.5092763523493518,45,33.98380042260952,5.139892752692124,0.5334556677831387,6,7,0.726033984794326,-0.01669864230842177,0.09540427569024247,3.209238430557093e-17
2017-08-02,47,4,0.5065206751216457,45,32.81432955390451,5.323073543653194,0.5320922982831711,5,6,0.6759704083490697,-0.06211555457853062,0.14547894584811208,1.1015494072452725e-16
2017-08-03,47,4,0.5063530285181704,44,37.93803873686719,4.604195170152835,0.5319436637916143,6,7,0.797861293037628,-0.06487176758388065,0.16795634234360826,7.28583859910259e-17
2017-08-04,47,4,0.506561937293614,46,37.50403148921035,4.662026172104296,0.5428874134397085,7,6,0.8046585371496496,-0.06230911283131685,0.15761552759699987,7.979727989493313e-17
2017-08-07,47,4,0.5065070692596205,46,38.72360055099782,4.511554259518588,0.5447129344291657,7,7,0.8305481174687622,-0.060733776890616174,0.1755285532299467,6.938893903907228e-17
2017-08-08,47,4,0.5063091580631762,46,35.25669063513166,4.964706180539865,0.549908788612275,8,7,0.9045791020581396,-0.04783079425060556,0.21851751577952166,1.7694179454963432e-16
2017-08-09,47,4,0.5078178640159149,47,36.718886685339086,4.757036644328563,0.5430312612227576,10,6,1.0115547069937438,-0.12467610757503027,0.31542308431330524,2.914335439641036e-16
2017-08-10,47,4,0.5078474969605309,45,35.65516887243893,4.898955607979933,0.5502067460627712,8,4,0.7710624109497846,-0.06794442122946784,0.2516467815048711,1.8344700758454735e-16
2017-08-11,47,4,0.5083912519446799,46,35.56282092747604,4.934889902547798,0.5494352330323523,8,4,0.7920419261585632,-0.0308046478029952,0.24643349856618724,1.4224732503009818e-16
2017-08-14,47,4,0.5091949671127709,45,35.329421615431706,4.944125363909437,0.5594321508822729,7,5,0.8292768650165337,-0.010382383140374169,0.26659811210828527,2.3765711620882257e-16
2017-08-15,47,4,0.5089366292588651,46,34.67672217616564,5.038563161689815,0.566284014892828,7,6,0.845677360213014,0.0012321921765041655,0.2620841626651728,9.367506770274758e-17
2017-08-16,47,4,0.5086334564537971,47,33.677957647419404,5.186570139727302,0.5700348805210449,5,5,0.6526498817994337,-0.002403069163707496,0.1937955926761113,2.203098814490545e-16
2017-08-17,47,4,0.5092883015642317,46,36.12395280256548,4.835451544448479,0.573511679943214,5,5,0.6510050321520285,-0.005126515181647589,0.19078774538673132,8.326672684688674e-17
2017-08-18,47,4,0.5094577150736449,47,33.93049084018067,5.147968248495168,0.575958217326912,5,5,0.6460201807477333,0.006775566962902837,0.17641411003791868,6.245004513516506e-17
2017-08-21,47,4,0.509452945289566,47,32.60939301725547,5.356526857420401,0.5759007578737089,5,5,0.6474099685410093,0.006788201803622001,0.1782178934692614,9.367506770274758e-17
2017-08-22,47,4,0.510454718706263,46,33.8007073678329,5.168024080321093,0.5809211111906135,3,5,0.5297622227020645,-0.02631056940714276,0.09282497092307054,7.632783294297951e-17
2017-08-23,47,4,0.5099284465824075,47,31.6271255788315,5.5228885428025585,0.584575922118247,3,5,0.5388461245314715,-0.02972540945533026,0.10278563937403734,5.551115123125783e-17
2017-08-24,47,4,0.5089875309144438,46,32.71532828354925,5.345447107558038,0.581198040629549,3,6,0.7247373749277006,0.01972901128211288,0.2949931106322141,6.245004513516506e-17
2017-08-25,47,4,0.5093451942219624,46,33.110382355946285,5.2755893503967055,0.5799916301019544,4,5,0.7496526741536309,0.04548434563459865,0.3001779162125065,1.214306433183765e-16
2017-08-28,47,4,0.5060917441199293,46,32.2289778331064,5.419754973871487,0.5799096680063481,3,5,0.638821498677746,0.057964499216310764,0.2553046605849458,7.28583859910259e-17
2017-08-29,47,4,0.5074230301464158,46,31.393802790565207,5.5639428411409675,0.5807134863743536,5,6,0.8429912834302254,0.09623801884290506,0.30099840250822263,1.5612511283791264e-16
2017-08-30,47,4,0.5076241579698865,45,29.45143433764111,5.930885657336597,0.5872697558412127,5,4,0.7086069764806914,0.09105186967230128,0.26450596627334194,1.7433970933566911e-16
2017-08-31,47,4,0.5065855457962533,47,29.00544694812539,6.022078881028768,0.5845148013004242,7,3,0.6717027081188325,0.1106947919965846,0.15898323595399766,1.3877787807814457e-16
2017-09-01,47,4,0.5060459769159232,46,29.4518643188651,5.930966834992053,0.5864537493191383,7,3,0.7527426888314098,0.10505571701125024,0.31276755854646887,1.960237527853792e-16
2017-09-04,47,4,0.504664774942611,47,27.330321122217562,6.391183210764022,0.5859863848758462,9,5,0.9274194784458746,0.09002213421989533,0.3040153423852291,1.7607443281164592e-16
2017-09-05,47,4,0.5028923379649944,47,26.653485423056633,6.553480219513994,0.584267465952579,9,5,0.8784612238269961,0.09147613586583674,0.21574222103148286,9.974659986866641e-17
2017-09-06,47,4,0.5033082147355245,46,27.11327550397465,6.447204374587612,0.5899208415987044,9,5,0.917722152846244,0.06490463982096809,0.3065895387974424,2.697495005143935e-16
2017-09-07,47,4,0.5051013514330712,46,26.147699047026002,6.691988683422965,0.5900122061100739,10,6,0.9428883901380117,0.06007275919348707,0.15329155700488523,7.632783294297951e-17
2017-09-08,47,4,0.5051250262733037,47,26.58723974971666,6.5698090943407434,0.5841533352500922,11,8,1.0886286595278354,0.06063578044016174,0.22347868898528317,2.3314683517128287e-15
2017-09-11,47,4,0.5047570366694758,45,26.33019129811337,6.633946845407918,0.5868519314290747,9,10,1.1063787234189695,0.06931390637247052,0.18697901523355412,8.326672684688674e-17
2017-09-12,47,4,0.5031886975628991,44,29.637976281760157,5.903484006760755,0.5869984551801821,8,6,0.8338723928044238,0.01922097732605868,0.19968531474763399,2.255140518769849e-16
2017-09-13,47,4,0.5032624716973713,46,29.60680406585166,5.9186430274744986,0.5872573599821239,8,7,0.8536988320210348,0.0387585835570973,0.152020126304738,9.194034422677078e-17
2017-09-14,47,4,0.5032074529838225,45,30.59045223024433,5.710052541440022,0.5872093600496785,8,6,0.8420733401594679,0.008453133801149463,0.21292366204031526,1.3183898417423734e-16
2017-09-15,47,4,0.49633541931132913,45,29.995411353488198,5.823327023011248,0.586311685075392,7,7,0.8366947701215639,0.013269167204403954,0.21818536145970358,1.457167719820518e-16
2017-09-18,47,4,0.49614341973952414,46,28.612968703961812,6.1131753430243165,0.593474646120957,6,7,0.7688438197098285,0.01748683771646043,0.16691815553367442,2.0816681711721685e-16
2017-09-19,47,4,0.4909515353809257,47,33.06765972937244,5.2822936648870975,0.5852051088840795,7,6,0.74623563142105,0.06572605608232462,0.14566283328361979,1.1102230246251565e-16
2017-09-20,47,4,0.490640822914054,47,30.516237781813064,5.723939194274044,0.5821352613968227,7,8,0.8780552308230802,0.050935380131886324,0.29674291473777237,3.95516952522712e-16
2017-09-21,47,4,0.49037823196754127,46,33.27141131875166,5.2499601255643515,0.5630416138841237,8,9,0.977380351404136,0.08109083209976979,0.29805259557373276,4.649058915617843e-16
2017-09-22,47,4,0.49109837176472587,47,34.9337575698853,5.0001231373885595,0.56121453198754,8,10,1.0435668916028642,0.06423101080379906,0.28025572562633316,2.636779683484747e-16
2017-09-25,47,4,0.4908760559260387,47,32.99207605291958,5.294395212381575,0.5460562446249565,9,11,1.134368787726316,0.03393234799505043,0.24469171069258333,2.5587171270657905e-16
2017-09-26,47,4,0.49101861987995465,47,32.44532748158207,5.383613082662248,0.5415555790264727,9,10,1.0833438128274109,0.050467919635072925,0.15316996209231049,7.042977312465837e-16
2017-09-27,47,4,0.48999442376066904,47,33.925039860610106,5.1487954094909325,0.5406374223539884,8,7,0.795394138172032,0.007784227663353316,0.05310567136455223,5.4643789493269423e-17
2017-09-28,47,4,0.4881758457680678,47,34.1873086790349,5.109296292990244,0.5349481957998931,8,6,0.8198144890246688,0.026394815205314552,0.1328050113928107,5.377642775528102e-17
2017-09-29,47,4,0.4885926570100105,47,35.57486423651679,4.910014226331419,0.5396745280777158,8,6,0.8688106779394283,0.061900054388790746,0.19023829389255606,9.280770596475918e-17
2017-10-02,47,4,0.4875792343974243,47,33.72434028672712,5.17943681080256,0.5359428574167959,8,5,0.842163089927044,0.05941587093671751,0.24690442417056258,6.245004513516506e-17
2017-10-03,47,4,0.4858959276366925,47,33.2413549745326,5.2546922240362814,0.5327029094634459,8,3,0.7748194089021079,0.04362253807883524,0.32594388111026873,3.710681935331639e-16
2017-10-04,47,4,0.48772146834025426,46,27.830219780210857,6.288902867409207,0.5165342513154432,8,3,0.7266867954559166,0.036319442673882874,0.22860251239399235,1.0755285551056204e-16
2017-10-05,47,4,0.48713421472000923,47,28.453506028450818,6.138895126894015,0.5149999111176949,5,3,0.5418274480765772,0.031247313397416588,0.10922257283727234,4.85722573273506e-17
2017-10-06,47,4,0.4857825026458621,47,27.283087967418236,6.402247784770651,0.5169276217892496,5,5,0.6410502205240574,-0.023003292972819375,0.12410258203972824,9.71445146547012e-17
2017-10-09,47,4,0.4820596980560887,47,28.426505103821604,6.144726158321288,0.5178778455426909,6,4,0.6242579697614463,0.001536294930895632,0.14463321292786424,2.7755575615628914e-17
2017-10-10,47,4,0.48090749670993993,47,29.41381437098246,5.938471199214,0.506854229686755,7,5,0.7422399447785885,0.009996685783829687,0.15039820407497573,2.42861286636753e-16
2017-10-11,47,4,0.47915115350200377,47,31.542052568896963,5.537784490073044,0.5053047808762332,6,5,0.7217273623156605,0.01703265749279527,0.1771862252768273,1.1449174941446927e-16
2017-10-12,47,4,0.4796319749607364,47,30.795493984398473,5.672034018665153,0.5086075687000521,6,5,0.6660533770027409,0.002568718335149607,0.11366170669031714,1.0061396160665481e-16
2017-10-13,47,4,0.47918400575139447,47,30.962968569808325,5.6413547398497235,0.4869802680381009,6,7,0.752902534027246,-0.007913290959252674,0.13465078597282748,2.1510571102112408e-16
2017-10-16,47,4,0.48066890092328785,47,30.35883809214444,5.7536157665501735,0.4863559350785422,7,8,0.8210394120948306,0.017090199661954353,0.07222296428793619,2.7755575615628914e-17
2017-10-17,47,4,0.47971851502014157,47,30.98550322777771,5.6372519825502225,0.4840793996874077,7,7,0.7647740449005274,0.018269016945262277,0.07259977135747653,9.020562075079397e-17
2017-10-18,47,4,0.48018267714159774,47,29.35976687884529,5.949403148257424,0.48519484520325773,6,9,0.8811277901577546,-0.0031402534802778548,0.19519761407996908,8.326672684688674e-17
2017-10-19,47,4,0.481821802747314,45,29.630435777794048,5.895056380912614,0.4921581599484532,9,6,0.9755641013318662,-0.04165107665448067,0.2851213471875729,2.706168622523819e-16
2017-10-20,47,4,0.4830677049121633,46,29.987430604249795,5.827576208914213,0.4909457063262347,11,6,1.0421565687588152,-0.02790536804646577,0.30123748794984484,1.3877787807814457e-16
2017-10-23,47,4,0.48377751602472996,47,30.998157622370147,5.634950684135226,0.48813370135887435,11,7,1.0492415631824468,-0.07093921964023117,0.2654650844383291,1.2836953722228372e-16
2017-10-24,47,4,0.4830557098499685,47,29.726549844104127,5.875996051245427,0.4848169360354449,12,9,1.1690882269270633,-0.07220328257285129,0.19127457583985863,8.326672684688674e-17
2017-10-25,47,4,0.4795991746085683,47,29.542707033680433,5.912562085186322,0.480413530635019,12,9,1.210709169516401,-0.08759537154633568,0.21348406885808593,1.1796119636642288e-16
2017-10-26,47,4,0.47328438140012746,47,30.985841665435487,5.6371904106110815,0.4831332335453005,12,12,1.3218282588907047,-0.031339880994296646,0.17371738785309418,8.326672684688674e-17
2017-10-27,47,4,0.473448316480938,46,28.268689569814015,6.192107552841848,0.4772548477252535,10,11,1.1152709777180276,0.02165795052459079,0.13410718231293914,9.020562075079397e-17
2017-10-30,47,4,0.4730620179406596,47,27.06211160082313,6.454525503316352,0.47647810494249876,10,13,1.2850926461668064,0.03893421600705138,0.3174467365741096,2.0469737016526324e-16
2017-10-31,47,4,0.46867854521495617,47,26.2672312587188,6.6498477810876055,0.47423418405726675,10,13,1.2733039878746066,0.023022400840578133,0.29943217581906245,9.020562075079397e-17
2017-11-01,47,4,0.46874903148964026,47,27.984167040716446,6.241854161567864,0.4611366476044251,9,14,1.2794520242262764,0.03097212800281301,0.33315933145677745,2.0816681711721685e-16
2017-11-02,47,4,0.46939559423362903,47,25.823291853981853,6.764168197021415,0.45189777855905583,10,13,1.3054738932038552,0.008905722845688371,0.3057918112232286,1.1796119636642288e-16
2017-11-03,47,4,0.46351514248614745,46,30.364030856411105,5.760769224261878,0.4480596839041537,10,10,1.094934999558243,0.09593804579769874,0.11976076429596798,1.3877787807814457e-16
2017-11-06,47,4,0.46347367402844886,47,25.801297167652177,6.76993440934818,0.43968698314565724,11,11,1.17157457930219,0.07620671176247894,0.07364174280385563,1.1102230246251565e-16
2017-11-07,47,4,0.46408043793419135,47,26.168256482629552,6.674999139398299,0.4404771682693443,11,9,1.1067326797703185,-0.02070084528410094,0.18484173748846422,5.551115123125783e-17
2017-11-08,47,4,0.464801270559388,47,29.19572888017385,5.982830235819963,0.43691655369995486,9,9,0.9870221297559834,-0.009319558882918681,0.1035848347469871,3.469446951953614e-17
2017-11-09,47,4,0.4675940925452075,47,28.724698763499333,6.080937208054014,0.4475711292979108,8,9,0.9367064910633653,-0.03660244837534419,0.09805202292177931,4.85722573273506e-17
2017-11-10,47,4,0.4677109629982637,46,28.964337115447808,6.0354381809025694,0.44489340426537033,8,6,0.8908330294170512,0.04979720859123426,0.22480830154782067,5.551115123125783e-17
2017-11-13,47,4,0.4676079863770286,47,28.602028377909846,6.107017558097773,0.445612990543141,8,6,0.8269949170975472,0.015369863301697088,0.13930335287225237,1.6653345369377348e-16
2017-11-14,47,4,0.46850142632551517,47,28.61852749749893,6.103496747565767,0.4415266498503367,7,7,0.7867078854419265,0.0764110568658462,0.0843188813219091,8.326672684688674e-17
2017-11-15,47,4,0.46979425793447455,47,26.46996456975902,6.598916634012571,0.4424551407971356,7,7,0.8202605538916079,0.06691861433509669,0.11233197856617502,8.326672684688674e-17
2017-11-16,47,4,0.47054296973588616,47,25.097796284437376,6.959698274761174,0.44429991926095647,7,9,0.9803678910319031,0.11528865878505618,0.22920870511541877,9.71445146547012e-17
2017-11-17,47,4,0.4715854088525351,47,26.176454785337302,6.6729085712152685,0.4463788587719709,8,8,0.9893945244509372,0.0759830970670957,0.20677517921613034,1.3877787807814457e-16
2017-11-20,47,4,0.47141848010774756,47,27.072758717840184,6.4519870812427245,0.44240926419693066,8,6,0.8548665857200838,0.14229941467859902,0.24170681856866644,7.632783294297951e-16
2017-11-21,47,4,0.46957357509786296,47,28.614310232486787,6.10439629968064,0.43300663373988824,7,5,0.7153728510023896,0.12250329033775817,0.1428078489579488,6.938893903907228e-17
2017-11-22,47,4,0.4702217780859304,47,29.12040931313963,5.998304749868015,0.43562504047727674,8,4,0.7165373147992513,0.06883166440325239,0.16202787836388866,1.3877787807814457e-16
2017-11-23,47,4,0.4712558552389241,47,31.21130074391598,5.59646939851282,0.4369157194604628,7,5,0.6960553910968118,0.08502930602879732,0.1476983879556206,8.326672684688674e-17
2017-11-24,47,4,0.4687530854127227,47,33.04666945472072,5.285648822809106,0.43113775654990855,8,5,0.7776145603538863,0.09259484668301184,0.1739406641931161,8.586881206085195e-17
2017-11-27,47,4,0.4690274387004044,47,35.172762795292456,4.966146404753981,0.43171204640439653,7,5,0.7340505023630391,0.11996691536625291,0.17362183359522748,3.0531133177191805e-16
2017-11-28,47,4,0.4672124712015369,47,32.837246916865475,5.319358530370361,0.4315648634923493,8,5,0.8744427613840822,0.07954344005310585,0.2908177775955089,1.5612511283791264e-16
2017-11-29,47,4,0.46400686661920487,47,35.510965956375955,4.918849284913463,0.4307994254745213,10,3,0.8274894867957634,0.07089121593061729,0.25956546804755765,1.4224732503009818e-15
2017-11-30,47,4,0.46160235148659146,47,35.626901281320016,4.902842605418822,0.42983459943465435,10,4,0.8679422261492334,0.047729969277837854,0.27832079178189406,7.632783294297951e-17
2017-12-01,47,4,0.46313407339308194,47,32.21181592305398,5.422640248483873,0.4425943412750065,9,3,0.8039347808147419,0.06385295566536861,0.2590085265842147,1.734723475976807e-16
2017-12-04,47,4,0.46421532412389377,47,35.510852141136056,4.918865050235263,0.4451310816070263,8,4,0.7434232129518684,0.05060924860548197,0.16520069095146064,1.1102230246251565e-16
2017-12-05,47,4,0.4650612627162295,47,37.26542467975128,4.687269526704667,0.4453134083072319,7,5,0.7899491494627844,0.011290199425429352,0.26840805166417087,8.326672684688674e-17
2017-12-06,47,4,0.4634265033318424,47,37.36613982001392,4.6746356552342725,0.4473814317581854,6,5,0.7168690483817342,0.020099811296056494,0.2164179373600729,3.469446951953614e-17
2017-12-07,47,4,0.4622108063291793,47,39.06316938559591,4.471554465458066,0.4457506264936634,5,6,0.691655594657163,0.00273419025120622,0.2032901488897592,9.71445146547012e-17
2017-12-08,47,4,0.4608542606726791,46,39.4025911896753,4.433171616741744,0.4473109310961411,5,8,0.7984039962291726,0.05726901508405561,0.19951526417717078,1.3877787807814457e-16
2017-12-11,47,4,0.46113381358309347,47,38.28312164140671,4.562665791396208,0.4453685009076762,6,7,0.809929213064905,0.0490477359485814,0.28473424916499734,1.3183898417423734e-16
2017-12-12,47,4,0.46070736137063906,46,35.81282679487018,4.877434630673735,0.44608718852441454,8,6,0.8370011626757565,0.04493287624002859,0.17894971050046748,7.008282842946301e-16
2017-12-13,47,4,0.46041615993073143,46,38.715620718700606,4.514046286232957,0.4467652728331451,7,5,0.7190120106179319,0.004449569444363148,0.1319593902052671,5.898059818321144e-17
2017-12-14,47,4,0.46072127991579903,46,37.55175519608345,4.651607865598016,0.4453222279879833,6,6,0.6938374286014989,0.06304947944744425,0.10185251237610378,7.649046326885234e-17
2017-12-15,47,4,0.460308897788152,47,38.40434668680853,4.548263531875273,0.44664604387758416,6,7,0.8106649923112301,0.10879491438436091,0.1782546993898131,9.992007221626409e-16
2017-12-18,47,4,0.4630706629587483,47,35.52429890649832,4.917003146518225,0.45811493593605074,6,6,0.7873348823299592,0.020652562884270427,0.24896600956514486,2.192690473634684e-15
2017-12-19,47,4,0.46337537101063886,47,38.54123301425713,4.532109531537078,0.4634809682425918,5,3,0.5598458297116784,0.022000664425438764,0.17554362781971056,6.245004513516506e-17
2017-12-20,47,4,0.46421114767891586,47,39.09636929185828,4.46775730495981,0.465964897345417,4,3,0.46552673356476665,0.023104306241157512,0.10401653170106286,5.551115123125783e-17
2017-12-21,47,4,0.46431281645169137,47,35.39685813584274,4.93470603607705,0.4692925985206232,4,3,0.46584952043947175,0.02131724474736999,0.10472515092588974,7.19910242530375e-17
2017-12-22,47,4,0.46404634210364154,47,38.33733554307246,4.556213597704485,0.4662999614376983,5,5,0.6600278060893519,0.023395415152395335,0.20814719096336853,1.3530843112619095e-16
2017-12-27,47,4,0.4638205874452175,47,39.10168580613707,4.467149840217145,0.46704228862112046,5,6,0.7261012248157938,0.03726162899727587,0.23499128264029567,2.467644144577008e-16
2017-12-28,47,4,0.46489158257931135,47,38.191179176337506,4.573650074919137,0.4717820751135238,5,7,0.7703202751662431,0.04324464548599596,0.20161323517804522,1.8041124150158794e-16
2017-12-29,47,4,0.46567565386837867,47,38.456960120740234,4.5420409973305,0.47483631508643287,5,8,0.7783154878101454,-0.014581299605667735,0.18459325666053056,9.71445146547012e-17
2018-01-02,47,4,0.4661856366042638,47,36.039946135190284,4.8466523464237685,0.47739751327698593,6,6,0.6593444252258758,0.022972139038950092,0.06172133054167304,7.632783294297951e-17
2018-01-03,47,4,0.46747772177309793,47,36.61750384480484,4.7702074461825505,0.4804927706040154,7,6,0.8009616708838182,-0.004375488489455085,0.18737254210054016,9.71445146547012e-17
2018-01-04,47,4,0.4716006249441948,47,34.41889432707882,5.074918672320145,0.5042599333031518,7,5,0.7334592318763753,0.018913050197189446,0.10069299647541789,1.734723475976807e-16
2018-01-05,47,4,0.4735673182318502,47,34.7482373729204,5.0268187023849,0.5130357151752004,10,6,0.9553717736158225,-0.041236302527083525,0.232966210654781,1.457167719820518e-16
2018-01-08,47,4,0.4741218443846364,47,34.59499601504579,5.0490854060263155,0.5138445614249628,11,6,1.0090118266506953,-0.03474173290742411,0.289273917432351,1.1449174941446927e-16
2018-01-09,47,4,0.4734429071918278,47,34.70745378450429,5.032725551855143,0.5155906609766899,11,6,0.9670649558689269,-0.02226635607566458,0.2750472728352519,7.632783294297951e-17
2018-01-10,47,4,0.47324488952049515,47,33.280690082302485,5.248481599063695,0.5254266372676278,9,8,0.9973984111824598,-0.04514186180345281,0.17543252058011688,1.6479873021779667e-16
2018-01-11,47,4,0.47384528939310444,47,36.33969619826012,4.8066744572693825,0.5235187048347995,12,8,1.1607985713301943,-0.06043745966231541,0.26866655343076756,2.688821387764051e-16
2018-01-12,47,4,0.4737059507833409,47,33.52018286073152,5.210982595973054,0.526313460281679,13,9,1.2101734044697179,-0.06030478487236987,0.27757531652612033,1.2663481374630692e-16
2018-01-15,47,4,0.4740578114926068,47,30.544215235077523,5.718696262345235,0.5263971680224727,13,10,1.286846649519335,-0.10634221414799855,0.2640491412511665,5.186823193170653e-16
2018-01-16,47,4,0.4748606566112093,47,37.99246902110825,4.597571413536181,0.5256924238330744,16,8,1.3617265996993233,-0.12983285632190453,0.5256472732732155,2.1163626406917047e-16
2018-01-17,47,4,0.47464015907364343,47,33.95821923305866,5.143764703982482,0.5234632665864015,14,8,1.3210095036213296,-0.1471251030950251,0.4528184477580738,1.3877787807814457e-16
2018-01-18,47,4,0.47467398429254226,47,35.01509748139381,4.988507874179797,0.5224220299278335,16,9,1.455404918480918,-0.05823530743511695,0.40254130867357685,2.7755575615628914e-17
2018-01-19,47,4,0.476106687168074,47,31.516731044806257,5.542233718743847,0.5249278586357812,17,7,1.3141116607861336,-0.04431044440178142,0.5661861536809022,2.203098814490545e-16
2018-01-22,47,4,0.47449028410758876,47,40.71800474378136,4.2898243811365315,0.5251545372092131,14,6,1.2894584587857811,-0.049652891069837474,0.4454532159230782,1.8041124150158794e-16
2018-01-23,47,4,0.47430298188213194,47,43.102637819312875,4.052491873776712,0.5196557138044119,15,9,1.345459588408379,-0.030944597369606724,0.3354208564012272,2.914335439641036e-16
2018-01-24,47,4,0.47522789831300116,47,37.88700596566757,4.610369308659317,0.5257749957104121,16,10,1.4071667539290655,-0.006357617114668937,0.31652088428238,2.636779683484747e-16
2018-01-25,47,4,0.47367364935225703,47,39.353719394403655,4.438540808570837,0.5286382838175914,13,11,1.2901308818067756,-0.015706272468243743,0.17155233429646125,4.85722573273506e-17
2018-01-26,47,4,0.47284880578859534,46,39.25413403581953,4.452765795109161,0.5329107272629101,12,9,1.1708372911514087,0.0032047663540337515,0.17350438242477428,9.71445146547012e-17
2018-01-29,47,4,0.473972967396197,47,38.69635492481049,4.5139416836678095,0.5278144222338603,12,8,1.1253039791363149,0.001827469595930907,0.19069613193111098,1.1102230246251565e-16
2018-01-30,47,4,0.4757057435838754,47,39.3361346093319,4.440525009279068,0.533499938392796,12,9,1.1446710811265326,0.015549593404622093,0.13023577392239355,5.551115123125783e-17
2018-01-31,47,4,0.47548811712532085,47,42.108476216698705,4.148169328241736,0.5319476452469064,10,8,1.0062657646237088,0.09126040164003262,0.18206462033656773,8.326672684688674e-17
2018-02-01,47,4,0.4734023644289264,47,41.968466041479864,4.162007954459586,0.53265319947161,13,9,1.213776291950237,0.07605728001314117,0.21098142751373228,1.3877787807814457e-16
2018-02-02,47,4,0.4774287210956637,47,38.84768669441668,4.496357553414135,0.5410780388444323,13,9,1.1959169608031304,0.018340528559900107,0.17869294730930768,9.71445146547012e-17
2018-02-05,47,4,0.48126242855565926,47,45.240661420228015,3.860975591815869,0.558734137648734,11,7,1.0904600756734661,0.020187865184946474,0.2205057919628945,1.1102230246251565e-16
2018-02-06,47,4,0.48815539759594617,47,42.353376858534865,4.124183299115307,0.5779299334712424,11,7,1.0652298895814658,0.024193111652854454,0.1888619017320834,8.326672684688674e-17
2018-02-07,47,4,0.49318958177065997,47,32.478069397031035,5.378185734065641,0.5937998616166131,11,5,0.9721937979897268,0.012344042884629924,0.28881966577102774,6.938893903907228e-17
2018-02-08,47,4,0.4997928213498308,47,37.767918192247045,4.624906477820186,0.6095944373916992,13,5,1.075675029716715,0.05856538758220208,0.3622326236058449,2.0816681711721685e-16
2018-02-09,47,4,0.5019582378037927,47,35.22481927383261,4.95880725868948,0.6136544371018916,15,5,1.1626460850709925,0.07029423962176118,0.4520860015171657,4.440892098500626e-16
2018-02-12,47,4,0.5052507027020073,47,35.712126043777914,4.891142277191288,0.6215824873703664,14,6,1.1649992766662958,0.0895313494085398,0.3156215592368026,3.3306690738754696e-16
2018-02-13,47,4,0.5062872082056055,47,38.72834964862362,4.510212572595744,0.6210154305946255,14,6,1.1591758360011861,0.057726136979821624,0.35369402676810674,2.498001805406602e-16
2018-02-14,47,4,0.5086636469577076,47,34.86077729816626,5.010590785372257,0.6241907315020165,13,9,1.3237601855637704,0.09600808454303857,0.36296878342853367,2.220446049250313e-16
2018-02-15,47,4,0.5084253355227456,47,33.61077958061298,5.196936568584066,0.6174592011156694,13,8,1.1343105571725063,0.08994416478202544,0.17885841602762625,1.214306433183765e-16
2018-02-16,47,4,0.5100767516141862,47,35.05461960198897,4.982883610900613,0.6232448714290125,13,7,1.1449469054816412,0.03178561672869233,0.2992982209783195,2.1649348980190553e-15
2018-02-19,47,4,0.5115819208065779,47,32.79240188634246,5.326632983656342,0.6215115011569401,12,6,1.0444799610013886,0.04167049838930498,0.29098473313972,1.457167719820518e-16
2018-02-20,47,4,0.5122944668489544,47,30.484500806612147,5.729898305017325,0.6201752300582004,14,4,1.032452351097749,0.03193160157457137,0.504940232188825,1.491862189340054e-16
2018-02-21,47,4,0.5105367031864668,47,33.60321949020149,5.1981057812642,0.6187424949672242,15,5,1.1229143959049663,0.015652569308380434,0.5086286803193466,2.5673907444456745e-16
2018-02-22,47,4,0.5112499876952271,47,34.02193825798392,5.134131047343128,0.6168011920800891,13,6,1.0949157690030318,-0.007966031600176438,0.3723019160799084,2.220446049250313e-16
2018-02-23,47,4,0.5095898024377,47,33.37740491668527,5.233273525521681,0.6109429662023701,13,7,1.1423020978680765,-0.03975417014150217,0.34471065673657486,2.4702462297909733e-15
2018-02-26,47,4,0.5048476860220446,47,30.97350651437988,5.639435412971785,0.6132056658130711,12,9,1.1917150974766,-0.007096544734974938,0.31618850717371483,3.885780586188048e-16
2018-02-27,47,4,0.5046246341127287,47,34.40386663208559,5.077135409489216,0.6139520079108983,13,9,1.2641220586440838,-0.016180375850376516,0.21199711750643346,1.8041124150158794e-16
2018-02-28,47,4,0.5039333035338521,47,35.18823698720469,4.9639625186286445,0.6090113260053689,12,7,1.0958473144184626,-0.0623236661325763,0.31619025110254373,4.458239333260394e-16
2018-03-01,47,4,0.5042305926246599,47,37.09878969075176,4.7083231274428865,0.6062808690737203,12,7,1.0833124590100287,-0.030524455186246365,0.28438796329296556,1.0408340855860843e-16
2018-03-02,47,4,0.5098934955805812,47,35.86593436090559,4.8701669875218006,0.6214376090581,11,8,1.0648698662049245,-0.0018541792395493962,0.15278029049494402,6.591949208711867e-17
2018-03-05,47,4,0.5091653259947304,46,34.892669142019045,5.00620320603584,0.6184690854898267,10,6,0.9414341029377875,-0.0004628915632277519,0.19273492469105097,3.7816971776294395e-16
2018-03-06,47,4,0.5091166806303831,47,38.85332336680272,4.495705241275484,0.6194115898945013,14,6,1.141286625252228,0.00808784209145746,0.3913580422987995,9.367506770274758e-17
2018-03-07,47,4,0.5096058216989249,46,37.707211781939456,4.633942627390345,0.61845921460421,13,6,1.1183914992551767,0.005825705646368602,0.3504686188895712,9.71445146547012e-17
2018-03-08,47,4,0.5109981637380986,47,36.776988652194014,4.74952126050934,0.6216845904625367,14,6,1.183515705793253,0.02071348159027192,0.3776615445383345,3.95516952522712e-16
2018-03-09,47,4,0.5101462643567279,47,39.06041182442541,4.471870145308579,0.6221326928127666,11,7,1.0459382812244726,0.00762151631276437,0.19385815623059655,1.6653345369377348e-16
2018-03-12,47,4,0.510259554126161,47,39.40202521799905,4.4330992768695205,0.6232703175213747,10,6,0.9943602925771295,-0.012705005148288647,0.28676938189927736,1.5265566588595902e-16
2018-03-13,47,4,0.510958070597631,47,40.377275324027316,4.32602467846966,0.6241474457356573,9,6,0.9659093226532747,-0.02912130229610352,0.3428471695412334,1.249000902703301e-16
2018-03-14,47,4,0.509235294925013,47,40.194890984678835,4.345654017762772,0.6197914208111076,8,4,0.8382595526554791,-0.002881629838633031,0.25733345149280124,1.700029006457271e-16
2018-03-15,47,4,0.5102809165537333,47,40.52951831634809,4.3097746224792814,0.6148371591607349,8,5,0.8605190802917517,-0.009875823387876114,0.2371218118598646,1.5439038936193583e-16
2018-03-16,47,4,0.5104042307390225,47,40.71006713636722,4.290660806723819,0.6155288026052341,6,6,0.8909126754527023,-0.09689718051899632,0.2887965538266597,1.5959455978986625e-16
2018-03-19,47,4,0.5127797872294019,47,43.16655021576101,4.046491754101986,0.6149673206311861,7,5,0.9466336584702454,-0.10603926679376496,0.33843997657234637,1.27675647831893e-15
2018-03-20,47,4,0.512235771469329,47,39.36489848456818,4.437280323981567,0.6141029259381062,7,4,0.8904196016797944,-0.09517835499081193,0.2918931604695596,9.71445146547012e-17
2018-03-21,47,4,0.5129347673577342,47,37.77970011716109,4.623464160896357,0.6109684451951168,4,5,0.66815074536922,-0.08468819039855756,0.20807903108285675,9.367506770274758e-17
2018-03-22,47,4,0.5153773512096875,47,37.264772898699576,4.687351509586196,0.6149048619715727,4,6,0.7153229889904971,-0.10486398420816116,0.18347311300128144,5.863365348801608e-16
2018-03-23,47,4,0.5163664192066517,46,35.72237004576347,4.889750856858026,0.6140194109984711,4,6,0.7178446807412923,-0.10540506801937888,0.17983361008197038,2.3245294578089215e-16
2018-03-26,47,4,0.516741220404632,46,37.22387956428328,4.692844083347902,0.6127845490916235,3,6,0.6321554477325878,-0.09730378204974947,0.13961708115318777,3.0878077872387166e-16
2018-03-27,47,4,0.5185978781876426,46,36.83217792176774,4.742431357267657,0.6175278716800255,4,5,0.539295328741737,-0.08824468009750401,0.0730898573694071,6.418476861114186e-17
2018-03-28,47,4,0.5205757791059652,47,38.09573247290223,4.585109096546509,0.6170713510065455,5,7,0.737533263727141,-0.09230667883641183,0.15840686820859795,2.181414771040835e-16
2018-03-29,47,4,0.5207121752228749,47,33.79067638525342,5.169268809822796,0.6105418591997204,6,7,0.7965307653970566,-0.07248392591491788,0.21943702978371935,2.237793284010081e-16
2018-04-03,47,4,0.5195646701375853,47,38.35797790634385,4.553761669282829,0.6015857546360277,5,5,0.5908448412853534,-0.03319132179470182,0.10233321711824972,6.938893903907228e-17
2018-04-04,47,4,0.5190185758100808,46,38.11839932143073,4.585724000923056,0.601218427066853,5,3,0.507148828916862,-0.020874579231023736,0.12666840007716113,7.719519468096792e-17
2018-04-05,47,4,0.5261344969087705,47,40.45759349461772,4.3174364665150895,0.6202841084690746,6,4,0.6145808077647045,-0.014616422024161174,0.1587477787515541,6.591949208711867e-17
2018-04-06,47,4,0.5263853183958583,47,35.011731811795244,4.988987418276176,0.6205241314769423,6,6,0.7140875673026824,0.007680422092581957,0.1617609903897111,8.326672684688674e-17
2018-04-09,47,4,0.5241595484499918,45,39.790236644800586,4.389847968494825,0.619160641171627,6,5,0.6891600870449178,0.018790196796366586,0.1940485891168369,1.3097162243624894e-16
2018-04-10,47,4,0.5241902421365192,46,30.757208607573645,5.71157417878764,0.6188755107922427,8,7,0.8684273237231775,0.01020431468177702,0.19765240941197634,1.1188966420050406e-16
2018-04-11,47,4,0.5238541483118776,45,34.57339102587577,5.052240590758818,0.6178841043544491,7,8,0.8348253993415097,0.04634132778193071,0.1040534191663314,4.163336342344337e-17
2018-04-12,47,4,0.5236917398742178,45,31.093478333109122,5.617676080810487,0.6231125435604247,8,8,0.8497750863159013,0.015957008343709396,0.08269879185383927,5.551115123125783e-17
2018-04-13,47,4,0.5228697747111127,46,32.903596740678196,5.308876388065761,0.6225323389811771,7,10,0.9337196090485521,0.023698519044924683,0.17705143924517336,1.3877787807814457e-16
2018-04-16,47,4,0.5234465939514177,45,31.149262409499556,5.607615589890705,0.6233663676897994,7,11,1.0010043835494202,-0.01216334841298183,0.22496508551866692,1.0408340855860843e-16
2018-04-17,47,4,0.5252564631352297,45,34.05075886111861,5.129785512667661,0.6263256869454156,7,12,1.021948159788028,-0.02142129870796072,0.24964379592171587,1.4289784633358948e-16
2018-04-18,47,4,0.525508479795576,46,31.48184944885268,5.549005573024266,0.6254279053591982,6,12,0.998185631823942,-0.008448203779206746,0.30925600750356463,1.8561541192951836e-16
2018-04-19,47,4,0.5096995021409199,46,37.2056703805913,4.7293706849025945,0.6264609467992811,7,14,1.1551199288343754,-0.007973566164268545,0.3380132652792779,1.6306400674181987e-16
2018-04-20,47,4,0.5113712542151476,45,36.935236215025,4.729172123990651,0.625107486781347,6,12,1.0411184783406056,0.006859398165998287,0.30987639400182254,7.979727989493313e-17
2018-04-23,47,4,0.5137052003654258,45,39.92238908040727,4.375316546043849,0.6260341484695545,6,12,1.0252070118108698,0.03804188454517063,0.3422715113770348,1.3357370765021415e-16
2018-04-24,47,4,0.5124533325282404,44,41.55155082950241,4.205941098897883,0.6214762491846362,8,10,0.9996951584775786,0.0026373835927707753,0.20600778133731548,1.0061396160665481e-16
2018-04-25,47,4,0.5134628855185089,45,38.60708087416189,4.52437960980385,0.6164536637075918,8,10,0.961964997164211,0.004580142555636395,0.09608948386971837,8.847089727481716e-17
2018-04-26,47,4,0.511724292199544,46,34.5841624563216,5.051031484480498,0.60860391390793,9,10,1.0093157934049752,0.010131105835804864,0.09237900396346377,1.1449174941446927e-16
2018-04-27,47,4,0.5099978812400232,45,37.444398484159116,4.664865682780345,0.6050688771403442,8,10,0.9922452329194945,0.01145683235984879,0.14573671643646186,1.491862189340054e-16
2018-04-30,47,4,0.5080699681893336,44,36.07832358543376,4.8435443542199454,0.6099914550777038,7,10,0.9257003045386338,0.01898394891886225,0.1678281747992393,4.683753385137379e-17
2018-05-01,47,4,0.5090358584574858,44,35.67232403234071,4.896625909610032,0.6076853856848761,7,9,0.8944848101501703,0.020550214789587264,0.10981607392422249,6.938893903907228e-17
2018-05-02,47,4,0.5093489408395304,45,32.01291259837062,5.456332314792147,0.5999001422339841,6,10,0.9446545511493206,0.006256853112716728,0.20158476778629286,1.5027042110649091e-16
2018-05-03,47,4,0.509359965035304,45,30.934283213187758,5.646585967333499,0.584034182727047,7,12,1.105682280833258,0.05079506283722765,0.3311530924912237,3.95516952522712e-16
2018-05-04,47,4,0.5084891009533629,45,30.17496886831074,5.788675052604447,0.5709568925803294,6,9,0.9408300494501551,0.07624508375345232,0.2259352876859183,1.4224732503009818e-16
2018-05-07,47,4,0.5084809710683765,46,31.98145473725986,5.462765166584372,0.5475365609659096,7,7,0.8606480823254025,0.054451292159209776,0.17899657203000136,1.734723475976807e-16
2018-05-08,47,4,0.5070249109661561,45,31.916772616660396,5.472767926727269,0.5335009124538347,8,9,0.9361269349377398,-0.005723232267991044,0.11969464071498587,1.7520707107365752e-16
2018-05-09,47,4,0.505765559721117,46,29.66463158224178,5.888493021114836,0.5205711964847138,7,8,0.8365948890628304,-0.02864207900291472,0.16554512000410088,6.071532165918825e-17
2018-05-10,47,4,0.5063356009082363,46,27.14059559939907,6.437045834370349,0.5145105485323911,8,9,0.9490402181865831,-0.01799762032526895,0.22930188669595655,9.71445146547012e-17
2018-05-11,47,4,0.5015352776466082,45,28.87322284846075,6.049656819325874,0.5078777173762322,8,9,0.920951864759482,-0.018500322470692197,0.11264278105497626,6.938893903907228e-17
2018-05-14,47,4,0.5017441894860553,45,31.814431130502605,5.490372868356447,0.5121494172827183,9,9,0.9640220370972409,-0.032582357414538285,0.10414028445300633,1.3877787807814457e-16
2018-05-15,47,4,0.5005606908442178,45,31.16603034767743,5.604598582254903,0.5047230427536187,7,8,0.8596467962816716,-0.03365563334488299,0.19390104009248865,5.273559366969494e-16
2018-05-16,47,4,0.5005586463462226,45,31.49972288891078,5.545226226818599,0.5021509910099273,8,8,1.0384216303542642,-0.06425199644407856,0.32502067850168087,2.220446049250313e-16
2018-05-17,47,4,0.5030881750124696,46,27.126518412102556,6.443773238131648,0.5029156206786755,10,8,1.1006547800232749,-0.0268724933754664,0.3256541922523436,1.734723475976807e-16
2018-05-18,47,4,0.5029140096330916,46,28.013503436377142,6.235847024707314,0.5042174703461725,12,10,1.2990900373432304,-0.028743621484146647,0.43653923750847984,1.970645868709653e-15
2018-05-21,47,4,0.5029975346170392,46,26.815291257013826,6.531712024619737,0.5051557150880545,11,11,1.307546234423553,-0.014925003628399918,0.42321505387263264,1.5265566588595902e-16
2018-05-22,47,4,0.49987902823535646,46,27.12829035266521,6.438925655263766,0.4972444115855027,8,10,1.0689817355134592,-0.004505801327709141,0.236558806262526,1.8735013540549517e-16
2018-05-23,47,4,0.5023867274087159,46,28.270374138091746,6.183285319677113,0.5051214443069157,7,9,1.019851250331836,0.05746263788447845,0.25970529041503587,1.8041124150158794e-16
2018-05-24,47,4,0.5025143198079489,46,25.605289044367144,6.822031503982219,0.5055862743937466,8,8,1.0459779501588968,0.10816730493100968,0.3017187860480186,4.753142324176451e-16
2018-05-25,47,4,0.5042552437935747,46,27.390723597096564,6.377318005957397,0.5063319834782383,9,8,1.1022948111182103,0.0963528188505441,0.29204660327284515,2.7755575615628914e-17
2018-05-28,47,4,0.5043562999833043,46,30.032363321575723,5.8171599049037255,0.5060340517224086,9,9,1.1210654946838399,0.06461211506004254,0.32018790314005513,8.716985466783456e-17
2018-05-29,47,4,0.5071374862203173,47,24.858074428973588,7.026814969123842,0.49447570832922483,9,9,1.1170244457442096,0.05806852831728795,0.3569771399215746,1.8735013540549517e-16
2018-05-30,47,4,0.5068930548491197,47,28.549080037068876,6.11834389319397,0.4960374414242918,3,6,0.670514292745645,-0.007975711478975604,0.17486928692516363,1.491862189340054e-16
2018-05-31,47,4,0.5044091486837742,47,30.08672556830077,5.805653031419975,0.48978661131840545,4,5,0.6044864492630937,0.0071604346361017175,0.12754350022425054,1.2836953722228372e-16
2018-06-01,47,4,0.5067037486224798,47,29.126936887932636,5.996960482771318,0.4978584715922529,3,5,0.5354148007798669,0.011757062207683015,0.1299102181385948,5.551115123125783e-17
2018-06-04,47,4,0.5061977814367427,47,30.712177037949267,5.687421288476969,0.4906216595483955,4,5,0.5508183491559825,0.030412135513492602,0.09979493044785578,6.245004513516506e-17
2018-06-05,47,4,0.5062740200411047,47,28.482613054555774,6.132621651199498,0.49155492957410185,4,6,0.6105836586532568,0.04340614524324623,0.13352815061687054,2.2551405187698492e-17
2018-06-06,47,4,0.5051459901429847,46,28.691963631513897,6.088710384410642,0.49353975626004687,8,6,0.7875830715339682,0.05815946141358037,0.13888145339187907,5.551115123125783e-17
2018-06-07,47,4,0.5046954825075957,46,29.617043968258756,5.897767183766381,0.4895692739032822,10,8,0.9921695317860992,0.04822197698574246,0.19863844033996844,8.326672684688674e-17
2018-06-08,47,4,0.5048035743883732,46,29.97665541665884,5.8328251343036275,0.4941037109455536,9,7,0.9144940161740054,0.020383754960726624,0.22780369595741026,4.0245584642661925e-16
2018-06-11,47,4,0.5052202047485602,46,34.60746404271221,5.052185379793691,0.4948624755497421,12,5,0.9952575361357275,0.0076751041650596485,0.3219074214760861,1.8041124150158794e-16
2018-06-12,47,4,0.5047648597878406,45,34.90583966911173,5.00412226598505,0.4919211712502518,12,7,1.0923542160343689,0.07285591872091936,0.34970004757733514,2.393918396847994e-16
2018-06-13,47,4,0.503232344911684,46,31.688560983342747,5.516219129541305,0.48451361778541124,11,8,1.0658236101102498,0.11636352079503716,0.20465013994071948,7.979727989493313e-17
2018-06-14,47,4,0.5054878096625617,46,32.644588401170196,5.350751782316129,0.49290002653357906,11,9,1.1169189970848308,0.1132831186741434,0.27325252814175677,2.172741153660951e-16
2018-06-15,47,4,0.5062743959491888,46,31.928527249516307,5.472724569560304,0.49422348285882756,10,9,1.0829652279226765,0.08593995181410091,0.2659672825306278,2.5673907444456745e-16
2018-06-18,47,4,0.5083384025111636,46,34.83669971749092,5.014289195345132,0.4931407474912754,10,8,1.0386960792776625,0.0834130114150677,0.26693049394144996,2.914335439641036e-16
2018-06-19,47,4,0.5099552882536508,46,33.588692805574865,5.201008625463633,0.4936829647904851,11,9,1.1098133457806532,0.11772371018032222,0.3219378177234252,1.6306400674181987e-16
2018-06-20,47,4,0.5096465205898982,46,32.57193641247279,5.362724787194355,0.4881925205659869,12,10,1.199738233094807,0.11140768008668483,0.2761503390338054,6.938893903907228e-17
2018-06-21,47,4,0.5102566412667583,45,33.30934193721937,5.2439669877095065,0.4872597803067306,10,10,1.1833826503642204,0.061036354485397695,0.43378650214404363,5.551115123125783e-17
2018-06-22,47,4,0.5100746058977381,46,32.43867695141387,5.384725231716921,0.48382726502978346,10,8,1.1206465872259954,0.1107819189141388,0.3909904818809975,1.8041124150158794e-16
2018-06-25,47,4,0.5108744839208407,46,32.221157372441915,5.422182135535392,0.5064384380705589,10,7,1.0454086760570598,0.11650620368938502,0.3761840758716855,2.0816681711721685e-16
2018-06-26,47,4,0.5104793698236071,45,37.68710398351285,4.634823879742027,0.5094376137852363,10,6,1.029649345107511,0.06925301882086611,0.42052701944871257,3.95516952522712e-16
2018-06-27,47,4,0.5081003803553128,46,35.76640278949496,4.883893068315633,0.513022979423582,12,5,1.052377194636076,0.025440056315718072,0.3683165811170178,4.649058915617843e-16
2018-06-28,47,4,0.5094151745341321,46,34.28790885678269,5.094335722172948,0.4913559027409451,11,5,0.9980562224800161,0.05535184287572982,0.4034107845210454,4.0245584642661925e-16
2018-06-29,47,4,0.5102733942621275,46,33.826861499813624,5.166539065618867,0.49452977805857257,11,4,0.9600802787851777,0.06302415135522228,0.32813484437137175,1.3183898417423734e-16
2018-07-02,47,4,0.5102950873550707,46,34.404602876097556,5.080494102485194,0.5027836566071642,9,5,0.8419746458046845,0.021590480522239552,0.2203465854729152,6.938893903907228e-17
2018-07-03,47,4,0.5113047343982102,46,35.23741403801776,4.957693063412171,0.5082024781751542,9,5,0.836597933829997,0.02843784665822651,0.2103902348956002,1.249000902703301e-16
2018-07-04,47,4,0.5108698081442428,46,38.56163765122875,4.530047385327695,0.5109628590739115,10,6,0.9222404210020719,-0.014906104385956145,0.21987507075684792,9.540979117872439e-17
2018-07-05,47,4,0.5106471477977017,46,40.474785714853155,4.315602746769252,0.5113396012454615,10,4,0.8819536829527652,-0.04357090840417217,0.34137940012646895,1.3010426069826053e-16
2018-07-06,47,4,0.5076231746309194,46,39.86148844862334,4.382371996034998,0.5135004527032881,9,6,0.9145493896643043,-0.04743771584260889,0.2332877909279409,1.6219664500383146e-16
2018-07-09,47,4,0.5074692893761042,46,39.0250488942515,4.476146894498336,0.5143268232463982,8,6,0.7969744666026491,-0.03210367654157852,0.12916903032185628,5.898059818321144e-17
2018-07-10,47,4,0.5079214296096809,45,40.33405449219674,4.330660324141216,0.5103927678574036,7,5,0.6786266148517467,-0.017779992954913754,0.1134616277979002,3.642919299551295e-17
2018-07-11,47,4,0.5100339027715578,45,42.42121205194931,4.1175883727037395,0.5200179488846634,7,5,0.6804351911536431,-0.025285590180312765,0.11478935187468006,9.020562075079397e-17
2018-07-12,47,4,0.5095160167895918,46,39.226640555560145,4.455301800917022,0.5242400903940028,9,7,0.9007609213078084,-0.03317385840853386,0.1900876123361279,6.938893903907228e-17
2018-07-13,47,4,0.5097803798872197,46,38.50870486350347,4.5381809403237705,0.526172312358634,10,8,1.0028209762674414,-0.08887993788263307,0.17588590002621565,6.938893903907228e-17
2018-07-16,47,4,0.5105933699399152,46,38.68921996590755,4.514887569135908,0.5256314294364673,11,8,1.0744951596429706,-0.0960412245095039,0.2370455390468243,1.8041124150158794e-16
2018-07-17,47,4,0.5078252511486412,46,38.953663021035084,4.484192182809469,0.529494454550365,10,9,1.0151197740611977,-0.05664418102859733,0.10765714192132186,6.418476861114186e-17
2018-07-18,47,4,0.507723438544042,46,41.34715805504801,4.2246240542995706,0.5290137034193123,11,9,1.0790797554378224,-0.017031417943195133,0.11855919187850235,1.8041124150158794e-16
2018-07-19,47,4,0.5075481947515046,46,37.20603160316571,4.695567359017494,0.5291043173623823,12,8,1.1010938205753609,0.012609238385485742,0.18681233165448952,7.632783294297951e-17
2018-07-20,47,4,0.5076435600994648,46,38.38920468359562,4.550157217798716,0.5367551476604442,12,7,1.0828413834390984,0.0101456830369279,0.2403064796986713,6.938893903907228e-17
2018-07-23,47,4,0.5093234655365717,46,35.81723173514089,4.879226601751348,0.5378562325185455,11,7,0.9846873157568068,0.01567557304722464,0.16789178833753443,1.3877787807814457e-16
2018-07-24,47,4,0.5099520389549262,46,36.799931299756295,4.7555943051014244,0.5378272974957943,11,9,1.055102081322918,-0.023433616582848454,0.13140733740208735,3.469446951953614e-17
2018-07-25,47,4,0.5097866698351002,46,34.09265222049919,5.123499512726742,0.5386872941581496,12,11,1.28020806459273,-0.02657732545762727,0.17073673187697122,8.456776945386935e-17
2018-07-26,47,4,0.5105113698850118,46,33.21246262024083,5.259270957920213,0.5409467001148573,12,13,1.3586668521638574,-0.015746784897695116,0.21267200883588921,7.632783294297951e-17
2018-07-27,47,4,0.5095774290223206,46,35.51369332024204,4.919464859577543,0.5423332951632371,9,10,1.0901774683155216,0.023938538076343236,0.2812377625911134,8.326672684688674e-17
2018-07-30,47,4,0.5099964363900953,46,30.58349531116467,5.71142526178939,0.5417876741901301,8,9,0.9346050943144265,0.03384607583141774,0.07368508692279152,5.551115123125783e-17
2018-07-31,47,4,0.5086227622103461,46,29.770455519104793,5.875990429176214,0.5447572036570811,6,10,0.9695331220358225,0.04857247855785187,0.2129224310575497,9.020562075079397e-17
2018-08-01,47,4,0.508316362515649,46,32.31509839463192,5.4061407584259875,0.5499294138449049,6,8,0.8259943082402439,0.03581156500152269,0.14126128514934472,1.3877787807814457e-16
2018-08-02,47,4,0.5084276669022578,45,30.937561635803252,5.645987604238386,0.5491863738599305,7,10,0.9269865033021424,0.000992080265173655,0.1566449876719993,1.0408340855860843e-16
2018-08-03,47,4,0.5061982607767087,44,31.32678916108736,5.578377788192128,0.550934766364376,9,9,0.9714363996982458,-0.013556203916299003,0.08442825044079269,7.632783294297951e-17
2018-08-06,47,4,0.5053070029970177,45,33.18147547513469,5.26417487468276,0.5561835697228797,9,9,0.9731724855615412,-0.01518704327905563,0.09625069344123707,1.0408340855860843e-16
2018-08-07,47,4,0.5040021522909865,46,28.72960517556671,6.084985676585584,0.5550795411769837,10,8,0.9750058388144213,-0.002011716267545639,0.11390013029234602,4.85722573273506e-17
2018-08-08,47,4,0.5023727325655876,46,30.94977767744536,5.646033512914777,0.5545780315788332,11,8,1.0386108796252185,-0.013937832893880437,0.15708833311663997,1.0234868508263162e-16
2018-08-09,47,4,0.5014557037265184,45,34.09502805817958,5.123124967166619,0.5496489828198241,11,9,1.0740822661427956,-0.002405108653437339,0.1002644737276793,9.020562075079397e-17
2018-08-10,47,4,0.504249176109807,46,34.19859422191332,5.109714275494067,0.5631843030393037,10,7,0.9446740017054968,0.019816918440489686,0.17770072339322746,3.5561831257524545e-17
2018-08-13,47,4,0.5015577423225323,45,31.33500992249133,5.574374794620094,0.5587679490506011,10,8,0.9939715359044887,0.054574050610368435,0.1703046886585508,5.5294310796760726e-17
2018-08-14,47,4,0.5009758155533259,46,30.529897762833876,5.7247543667971765,0.5659553937109393,11,8,1.0166954849136656,0.07238244497341968,0.11611807658520931,7.556889142223966e-17
2018-08-15,47,4,0.503146286683145,46,32.55983327982864,5.36472423434051,0.5680651922096472,10,9,1.089878243461208,0.08799511506510413,0.18880354383742382,4.156831129309424e-16
2018-08-16,47,4,0.5015278189032197,46,34.465111049407255,5.0683004575984345,0.5664268135798337,11,11,1.2256713348601214,0.07470467654823724,0.18548009538337515,1.7607443281164592e-16
2018-08-17,47,4,0.5012866803216303,46,30.354101752179005,5.754517722010059,0.566752158770379,13,12,1.3913149830487679,-0.003909704846843352,0.22307009985426213,2.3592239273284576e-16
2018-08-20,47,4,0.5022905080539031,45,32.377251508779345,5.394932594996281,0.5686667635265259,12,11,1.3247919157286105,-0.03327089309818987,0.3588784519038899,1.8041124150158794e-16
2018-08-21,47,4,0.5030462792981076,44,35.111367633038725,4.975064751704611,0.5632441523798813,10,10,1.1476417397876937,-0.036076651963065566,0.26923686319787965,1.1102230246251565e-16
2018-08-22,47,4,0.501792419059713,43,34.90917098851459,5.003644731597182,0.5641262079349427,9,9,0.9914763264204861,-0.11552766805639256,0.13200766914251416,8.673617379884035e-17
2018-08-23,47,4,0.5006430242630133,44,30.666683851941343,5.6974283036304065,0.571609105239419,9,8,0.97431117514386,-0.14252986275621402,0.17735996839391116,9.020562075079397e-17
2018-08-24,47,4,0.5002149321085633,44,31.47564153518968,5.550165404379202,0.5684489123850148,10,6,0.9781064235094454,-0.12797557043692873,0.30881141583770444,3.16722559637328e-16
2018-08-27,47,4,0.5017524389190821,43,35.08269428823779,4.97889609235825,0.5748490948026587,10,5,0.9468185640002158,-0.10097645354656212,0.35070097407519396,1.734723475976807e-16
2018-08-28,47,4,0.5011174709523722,46,33.18978884543938,5.262886986979291,0.5728801688731989,10,8,1.0556648991091857,-0.16457853062089262,0.22579951438388862,2.255140518769849e-16
2018-08-29,47,4,0.5005466750847707,46,36.02503313081521,4.851664567900852,0.5740969855459063,7,6,0.8259333951503608,-0.08782014444819229,0.2289823462722128,1.9949319973733282e-16
2018-08-30,47,4,0.5011934678941778,44,39.03403348693805,4.4750325075180335,0.5758615492337354,7,7,0.8941468150651825,-0.06844854201142253,0.2590416877664529,8.109832250191573e-17
2018-08-31,47,4,0.5023815404006378,46,37.337485164073385,4.680022257846133,0.582966897748136,6,7,0.7756619610605107,-0.08532057717651922,0.1399444523990617,9.237402509576498e-17
2018-09-03,47,4,0.5021119497429509,46,39.18434797425641,4.4578324030447956,0.5763892285090019,6,7,0.7574634982741494,-0.08992125023582731,0.10881419511179731,9.421716878899034e-17
2018-09-04,47,4,0.5038091274431863,46,34.68912489908486,5.035887892344446,0.5817642700012265,6,7,0.8099624316745404,-0.03999531175251611,0.2102631674831107,1.6046192152785466e-16
2018-09-05,47,4,0.5046649917326141,46,33.477252652054084,5.2241591996049,0.5895163886052777,6,5,0.73651476638916,-0.06186266656019867,0.24437909768847113,2.3592239273284576e-16
2018-09-06,47,4,0.5024982664333563,47,33.96173807537398,5.1432317484293755,0.5729258824102899,6,6,0.7495744250048902,-0.05074998049683804,0.22359360727219524,6.591949208711867e-17
2018-09-07,47,4,0.5018278414863603,46,35.514375113951985,4.926705346743249,0.5671048246866537,4,3,0.48155218135840866,0.004035848098809734,0.1867357952328431,9.71445146547012e-17
2018-09-10,47,4,0.5018901510610989,47,34.64287656023785,5.042106973922345,0.5619351625203567,5,2,0.5323211344900498,0.012897566058248825,0.19768049022037137,1.1275702593849246e-16
2018-09-11,47,4,0.501208802228062,47,32.2752559627612,5.411981540987371,0.5551396284842051,6,2,0.611624067089172,0.02350803426887743,0.2746107763354442,7.892991815694472e-17
2018-09-12,47,4,0.49928399198725504,47,31.459224134213656,5.552364824888975,0.5513531898670619,6,5,0.7313526684435829,0.03528295213544881,0.19139251320977424,1.0755285551056204e-16
2018-09-13,47,4,0.49889761757031226,47,30.843657712981482,5.663176887985947,0.542711933719387,5,5,0.6872774433312355,0.05945234687410949,0.19776179857196535,9.384854005034526e-16
2018-09-14,47,4,0.4991757139320086,47,31.650164895440916,5.518868229538583,0.5364037603677971,6,5,0.7321720596234943,0.10915054770913302,0.2199028203315748,3.434752482434078e-16
2018-09-17,47,4,0.4994895661857409,47,31.559349288987182,5.534749398716513,0.5161291127144053,8,5,0.8838319042242304,0.12486162658100353,0.23043018093008996,1.8127860323957634e-16
2018-09-18,47,4,0.49991443177205114,47,31.029369812635743,5.629282533155928,0.516727827030756,9,5,0.9511019884768448,0.15209855319815638,0.28118274261224463,1.5699247457590104e-16
2018-09-19,47,4,0.5003479810689304,47,30.210598728561433,5.781847988863867,0.5155545536142258,10,6,0.9844163583564353,0.16779387204051702,0.19054557566947777,1.249000902703301e-16
2018-09-20,47,4,0.501574690298961,47,32.212035815242025,5.422603231381444,0.5134713149905955,11,6,1.049653593179638,0.13436113245022452,0.27248112118997,1.1102230246251565e-16
2018-09-21,47,4,0.5016652775785215,47,30.705421659551845,5.688672555544239,0.5102273894799749,11,10,1.2563619776215047,0.14340799175646315,0.35916805131154944,6.938893903907228e-17
2018-09-24,47,4,0.5014702029936684,47,30.77070701402816,5.676603056974736,0.5062168236281522,11,11,1.2036173731894442,0.1383273153134451,0.24685733657085368,5.551115123125783e-17
2018-09-25,47,4,0.4989264188181412,47,30.469407465967873,5.732736670255352,0.4964215520316647,12,14,1.3806790437889584,0.16939660000774223,0.35632245085729475,1.457167719820518e-16
2018-09-26,47,4,0.49866576091651027,47,30.847407052338276,5.66248855875443,0.4954671040114661,11,11,1.1938157159431524,0.09524269774065486,0.23234242313339018,1.249000902703301e-16
2018-09-27,47,4,0.4985992742238473,47,30.092554489468956,5.804528477708131,0.49399002517667223,10,7,0.9741095089480156,0.06698650106852214,0.1703736501154115,1.8041124150158794e-16
2018-09-28,47,4,0.5017889634229911,46,30.101717357844525,5.825647449332668,0.5029836838410178,9,7,0.8857256480785259,0.1057768439556693,0.0980782282386434,2.229119666630197e-16
2018-10-01,47,4,0.5013416759678362,46,29.300647653529644,5.961593259754546,0.5030343096656995,9,8,0.9723487323606765,0.12056518913613934,0.14663754198004977,4.927698873946618e-16
2018-10-02,47,4,0.5010696585948401,47,30.876491108972708,5.657154787590039,0.502261869917935,9,7,0.908824726313443,0.11593347925009231,0.13042187125341737,6.245004513516506e-17
2018-10-03,47,4,0.5011594636705097,47,33.049979873947606,5.285119390913645,0.49011874363054403,8,8,0.8444032898746889,0.04257979224337863,0.04228224801643703,9.107298248878237e-17
2018-10-04,47,4,0.5026464010591624,47,31.2429528025957,5.590799647035737,0.48930979270908287,8,8,0.9112730024057132,0.06816358381845232,0.1323690012299755,2.0816681711721685e-17
2018-10-05,47,4,0.5035821092244057,47,31.885060479668713,5.478211013978955,0.49288448793027173,7,7,0.8413479608470746,0.05590004246144588,0.21330553331301172,1.3877787807814457e-16
2018-10-08,47,4,0.5043165532547783,47,31.700770418050798,5.51005818463154,0.49546555034880074,8,8,0.9370048714196757,0.0669762718714496,0.28416388136447807,9.020562075079397e-17
2018-10-09,47,4,0.5039376392320453,47,30.532487085008977,5.720892930038059,0.4941349317054907,7,6,0.8206922365477162,0.061588248191742946,0.2518811325699162,7.632783294297951e-17
2018-10-10,47,4,0.5094490873441911,46,34.58916488088332,5.050238023494604,0.513206171437855,6,6,0.7769754327216482,0.04921584185612036,0.25518784490204743,1.1102230246251565e-16
2018-10-11,47,4,0.5130929369070913,47,32.5914837795155,5.359470304659535,0.5278727908276888,6,3,0.5391807859695398,0.045563304531404385,0.09316946232562262,2.7755575615628914e-17
2018-10-12,47,4,0.5131248730872138,47,31.11092956755402,5.614524925133544,0.5250642963885133,7,2,0.5866273655264542,0.06620441323777748,0.16686131519968958,8.326672684688674e-17
2018-10-15,47,4,0.5137569453007389,47,29.901833870119756,5.841551065389779,0.5251965167512348,7,5,0.7196665709793681,0.04859477543206675,0.14788639728020844,6.25584653524136e-17
2018-10-16,47,4,0.5166150334894107,46,36.31080423327279,4.810514682772007,0.5355333522993115,11,3,0.8302236346502953,0.029643394090292867,0.32866701246794094,1.5265566588595902e-16
2018-10-17,47,4,0.5158821794740706,47,36.05331949986824,4.844854563301573,0.5308972378353451,12,6,0.9971200626063786,0.022937569055722973,0.2657479330068455,1.6653345369377348e-16
2018-10-18,47,4,0.515742531492112,46,35.930074232618004,4.86209755536078,0.5277091376908627,13,6,1.1057213877413299,0.005998328229171828,0.36396797458030183,2.5673907444456745e-16
2018-10-19,47,4,0.5163357143038481,47,33.6766617581708,5.18676972068724,0.5291242834256071,15,6,1.214834182784638,-0.005391442105617268,0.46424513539647577,2.220446049250313e-16
2018-10-22,47,4,0.5172524909247938,47,35.589533473500765,4.907990424520855,0.5350727411772163,11,6,1.0485097821890144,0.0855880315673063,0.31607530558763286,1.5265566588595902e-16
2018-10-23,47,4,0.5183045744420721,46,38.08481882669933,4.587133031652556,0.533543736039214,12,7,1.0744384441676813,0.08963506335263571,0.20403203327169359,1.5265566588595902e-16
2018-10-24,47,4,0.5179753947668436,47,35.35774599035057,4.940164725114999,0.529953399031547,12,9,1.1534137809217162,0.05852234279536911,0.305070315380261,2.7755575615628914e-17
2018-10-25,47,4,0.5176781940435736,47,34.943018394916145,4.9987979723731994,0.5440235334480542,10,9,1.0819471482355547,0.04594913057878075,0.2585917605543147,1.5265566588595902e-16
2018-10-26,47,4,0.5175699845774623,47,33.78862227237787,5.169583065359285,0.5421954007362183,10,11,1.1677837982106642,0.041603282722851215,0.25782197075126734,7.28583859910259e-17
2018-10-29,47,4,0.5184288070624021,46,36.00129102865726,4.851857282003786,0.5466052606341137,10,10,1.077550350163939,0.026958522428118855,0.16357448287764775,3.0357660829594124e-17
2018-10-30,47,4,0.51701747099489,47,30.591764420208445,5.709807616906199,0.5420082900727032,8,9,0.9692223939689113,0.03617565344299428,0.1659368052771338,6.938893903907228e-17
2018-10-31,47,4,0.5178449180397613,47,33.68759325799748,5.185086633033323,0.542728622554214,11,9,1.154903033363977,0.07956499488845539,0.30339439739329443,2.7755575615628914e-17
2018-11-01,47,4,0.5159410004046039,47,37.04891769040573,4.714661058677564,0.5479134594902978,11,8,1.0621940098771356,0.1129391203777245,0.1941785534489978,6.938893903907228e-17
2018-11-02,48,4,0.5110495816289683,48,34.11724422195924,5.122296957669322,0.5247675869022913,12,8,1.1172800373175278,0.09877286084590485,0.21057521837165205,7.979727989493313e-17
2018-11-05,48,4,0.5100734430504392,48,33.30205254466575,5.2454111287096055,0.5216110984432286,10,9,1.0660070914496789,0.09523262456918102,0.14444757055034851,6.938893903907228e-17
2018-11-06,48,4,0.5092927378017792,48,38.20879888989533,4.5720634994393965,0.517900811269759,11,10,1.171786958725653,0.10485611293545816,0.15009556755757103,1.2073675392798577e-15
2018-11-07,48,4,0.5104158922937141,48,38.63002274141184,4.521974197922296,0.5166827989069708,8,10,1.063471322216681,0.07721609459564227,0.21418613869520214,1.5959455978986625e-16
2018-11-08,48,4,0.5101312684906604,48,34.018832311605735,5.1347120761898495,0.5172101532566517,10,9,1.0883935161297755,0.0782536734034264,0.19218831925733207,8.326672684688674e-17
2018-11-09,48,4,0.5098586905705823,48,37.0794757631188,4.7114165972006905,0.5138747659823731,11,9,1.217556849422115,0.09523790195819797,0.3285954351756087,1.6653345369377348e-16
2018-11-12,48,4,0.50949206280207,48,35.6899464910406,4.894192776597567,0.511952537242814,12,9,1.2587244999810467,0.10119245255958564,0.36725282492909606,2.914335439641036e-16
2018-11-13,48,4,0.5098058496675295,48,34.66608722372686,5.038855437043392,0.5122615889066912,10,10,1.216309464415551,0.07909748863894228,0.33926797897424366,1.8041124150158794e-16
2018-11-14,48,4,0.5092600728821532,48,39.891614260893675,4.37917076332936,0.5126651102332328,10,10,1.2328827461793679,0.10302148964422941,0.42215719945486285,9.71445146547012e-17
2018-11-15,48,4,0.5085808676819198,48,37.577570275430816,4.648388688435665,0.5103878960623106,10,9,1.184912517832616,0.10975183267234845,0.35905399611707967,1.8041124150158794e-16
2018-11-16,48,4,0.5081036746203722,48,37.91970806060867,4.610499197093133,0.5093243405995609,10,10,1.1820017642356369,0.07317265869605366,0.28577259344361583,1.1449174941446927e-16
2018-11-19,48,4,0.508300283283682,48,39.79855775812224,4.38990609080395,0.5066585386315788,10,9,1.0902288100737294,0.061709767898351364,0.20123209078182264,1.2836953722228372e-16
2018-11-20,48,4,0.5094584785821596,48,37.267250614224054,4.688903045605833,0.508079619255874,10,10,1.086243271389292,0.03007912174933927,0.12507075599334466,5.551115123125783e-17
2018-11-21,48,4,0.510387455307615,48,42.33450938765063,4.127043471195224,0.5133824729977522,11,11,1.2002684820789296,0.013765760832345375,0.17189717809004962,5.551115123125783e-17
2018-11-22,48,4,0.5104731624049322,48,42.33594697177715,4.148413251133136,0.5134788038473133,10,9,1.0971220502987644,0.016016384435045633,0.27715638382333524,1.249000902703301e-16
2018-11-23,48,4,0.5107346559213106,47,39.94194035859896,4.373174861633918,0.5104075524553974,10,8,1.067753984494793,0.000685415799882183,0.2735978607086458,2.7755575615628914e-16
2018-11-26,48,4,0.513375951963198,48,35.505479244276344,4.9220649860481505,0.5193161855739329,11,8,1.1058163749854053,-0.005862165808335096,0.28752884887489893,1.249000902703301e-16
2018-11-27,48,4,0.5116731028477195,48,34.08246074592309,5.12758345425325,0.5162761499327576,15,10,1.400765379668381,0.014223592058273116,0.3259558095744503,9.71445146547012e-17
2018-11-28,48,4,0.5102519048942881,48,34.19812743610351,5.107800681456338,0.5111478003908574,15,8,1.2779334194768635,0.02519708545778271,0.31873893395308694,1.0824674490095276e-15
2018-11-29,48,4,0.5095724285902485,48,37.74421623248556,4.628515005545228,0.5136162809886413,13,6,1.0929544095396948,0.0317958120270459,0.30726459290542096,2.220446049250313e-16
2018-11-30,48,4,0.5090942960900783,47,36.22306037628444,4.822151626245977,0.5132222202659659,13,6,1.0796747396313626,0.09100087141643728,0.24607518837883527,1.249000902703301e-16
2018-12-03,48,4,0.5114070147207548,48,38.793117134873796,4.509823555763896,0.5188847262940166,14,5,1.1321026617792107,0.0795401502247941,0.3422351195171282,1.1102230246251565e-16
2018-12-04,48,4,0.5124219207090068,48,38.096061011954546,4.587577328672232,0.5252563563737126,13,6,1.1107355926134608,0.0421562926390639,0.343962473312517,2.914335439641036e-16
2018-12-05,48,4,0.5139522973367392,48,36.589548066707614,4.779248818756517,0.5346716511303865,13,7,1.2370214636400503,-0.02237565749583728,0.51362651646276,1.3877787807814457e-16
2018-12-06,48,4,0.522090521244882,48,37.80507098332943,4.620495175308322,0.56032705070806,14,6,1.2393870259908344,-0.052215110344473264,0.4852913412333596,1.6653345369377348e-16
2018-12-07,48,4,0.5217618733957696,48,40.141330861249806,4.351616547659258,0.5591135223740382,11,5,1.0530653200710893,-0.0638545227611037,0.4055295390708803,2.636779683484747e-16
2018-12-10,48,4,0.5231877661963759,48,39.110888174224975,4.48041980445926,0.5628606843019136,11,7,1.096333896550528,-0.04886559174909447,0.3427560629850265,1.5959455978986625e-16
2018-12-11,48,4,0.5240020011239281,48,41.76205790486521,4.182583194942498,0.5648431521785635,12,7,1.1363352881816864,-0.068645465904838,0.2946394663294749,1.6653345369377348e-16
2018-12-12,48,4,0.5232204804167244,48,43.85127887417828,3.9834027586430825,0.5680693441937434,8,7,0.9253412236086705,-0.050569967789062975,0.20552783114638434,1.457167719820518e-16
2018-12-13,48,4,0.5224474765045043,48,42.12735484440453,4.146310533526152,0.5658834468589261,6,7,0.8170089151260047,-0.03654566229305525,0.18111017230637813,9.540979117872439e-17
2018-12-14,48,4,0.5219040894804972,48,38.54909586501758,4.531532187183901,0.5650426972235588,5,7,0.795243811818069,-0.04949091666174474,0.34157081081402363,2.220446049250313e-16
2018-12-17,48,4,0.5216900012441442,48,38.79743414461186,4.502268487380267,0.5667298506716154,6,8,0.9449120112072679,-0.05480225583897283,0.40762091003407397,3.0704605524789486e-16
2018-12-18,48,4,0.5214927593672481,48,39.296151804978905,4.445728270043866,0.5706461324566882,6,6,0.817571817741414,-0.04298863967996444,0.36055588709353914,5.724587470723463e-17
2018-12-19,48,4,0.520637275034285,48,41.49815494213741,4.209373004210817,0.5686699098075536,5,6,0.7602884493330198,-0.02056930768759082,0.3128901919614422,8.326672684688674e-17
2018-12-20,48,4,0.5214468368508924,47,40.93817760328694,4.266752936434612,0.5703505020634135,7,7,0.878512110034129,-0.039098030403933726,0.22968212508298108,1.1102230246251565e-16
2018-12-21,48,4,0.5203409460656356,48,38.22447990484889,4.575009093114373,0.5638630131065265,6,7,0.8472973819609431,-0.04239108877425377,0.35121961040297217,7.45931094670027e-17
2018-12-24,48,4,0.5205506026292941,48,38.42924648984147,4.548492737333017,0.5650585368071154,9,8,1.0097594662447096,-0.049031062508494275,0.27772819878297317,1.6653345369377348e-16
2018-12-27,48,4,0.521679521389606,48,34.40917490091188,5.08002283099384,0.5689493321010178,9,8,0.9542617670165454,-0.02297511717586903,0.19973455392878164,7.632783294297951e-17
2018-12-28,48,4,0.5216580392166918,48,32.97958284848531,5.296589638670605,0.5771728801693127,8,7,0.8593263437822601,-0.035077404416735014,0.17357017809485525,8.326672684688674e-17
2018-12-31,48,4,0.5210005120905526,48,39.131612503828165,4.4638108241283545,0.5796925123353874,10,7,0.9499244834993071,-0.03191284784029022,0.17801413657096635,1.1102230246251565e-16
2019-01-02,48,4,0.5203828510650138,48,38.403056087943945,4.548527368317496,0.5770256908143313,7,8,0.860687404243798,-0.032080448967484826,0.2598355286998255,2.1510571102112408e-16
2019-01-03,48,4,0.5220958973777557,48,38.876395852056284,4.493332775681886,0.5795406378744815,6,9,0.9041488773510664,-0.003040867450700341,0.30788226668587054,8.326672684688674e-17
2019-01-04,48,4,0.5313538324985531,48,36.66423165456718,4.764737426072072,0.6054181092117278,6,8,0.8178009648588745,0.009266925231732975,0.1810433365030985,1.8735013540549517e-16
2019-01-07,48,4,0.5315671245004566,48,40.2352775155719,4.342635935635988,0.5964372506256659,8,10,1.0228359938850582,0.016298851961609767,0.1828192460175606,1.8735013540549517e-16
2019-01-08,48,4,0.5321986828021232,48,36.0599132314248,4.882529615744424,0.5897993665643072,8,10,1.0299142476561376,0.029298372383981572,0.21184430402483245,1.1796119636642288e-16
2019-01-09,48,4,0.5324316364146914,48,35.92425793913553,4.874506918092825,0.5911029020048798,9,8,1.0093438939050188,0.0685830530087605,0.2229137904739362,1.1102230246251565e-16
2019-01-10,48,4,0.532789011585676,48,36.93187624376839,4.7412475229900055,0.5893018285562599,8,8,0.9819213727612217,0.07985410923457584,0.26570493522412575,8.326672684688674e-17
2019-01-11,48,4,0.5324556517571549,47,31.850850564621428,5.484094974064073,0.5819736061676434,9,8,0.978338768008973,0.05759949053883945,0.22180990534575068,1.3877787807814457e-16
2019-01-14,48,4,0.5329342313807158,48,32.16653627210609,5.432631813071123,0.5846430772524625,9,9,1.0004078942428303,0.05808005040660619,0.18772352237233858,1.3877787807814457e-16
2019-01-15,48,4,0.5329354616904705,48,32.292913973412006,5.410060850979065,0.5889614493454219,10,8,0.9674630112794237,0.05414311318319073,0.07256445781068512,5.551115123125783e-17
2019-01-16,48,4,0.5331331622703498,48,29.183025551787225,5.986438352027054,0.5886146743538206,10,10,1.0752003212754313,0.025653118207979192,0.14353646189532893,1.1102230246251565e-16
2019-01-17,48,4,0.5333514937215295,46,28.58957141947546,6.111236768189531,0.5886777825276255,11,9,1.071664620746243,0.017244795875579588,0.10780593296910099,8.326672684688674e-17
2019-01-18,48,4,0.5367403132099748,47,30.983685655308292,5.637582676390866,0.5994073545622637,9,9,0.9845676077544742,0.0375980984182286,0.10770375941605537,8.326672684688674e-17
2019-01-21,48,4,0.5368840694597435,46,25.61883329881376,6.844719094068612,0.6027637616088323,10,10,1.0473881976921522,0.021487918023661248,0.09556038843665204,9.020562075079397e-17
2019-01-22,48,4,0.536773388024018,47,26.172032711154532,6.67403603796737,0.6089944988068372,10,9,0.9628476210450782,0.04006433895789634,0.016886305169015403,5.551115123125783e-17
2019-01-23,48,4,0.5363903441087992,47,25.559255798514208,6.834044421248767,0.6098654874947439,10,10,1.0623959911934484,0.029603643026121812,0.11457479559164577,8.326672684688674e-17
2019-01-24,48,4,0.5353462241007816,47,24.82204089618184,7.037015619774225,0.6068336535249469,9,9,1.0208794513129011,0.01966137368188664,0.19521396278607314,1.3877787807814457e-16
2019-01-25,48,4,0.5361073408931112,46,25.45596237366478,6.862122300637127,0.6095016815140959,8,10,1.0221268577217666,0.02195474199259498,0.1480956293703914,1.1449174941446927e-16
2019-01-28,48,4,0.5380855194320131,46,25.48945321542326,6.856186739618952,0.6089593131622486,7,8,0.9275803625591708,0.08193283612601276,0.19554564768390223,1.8041124150158794e-16
2019-01-29,48,4,0.5368953305551503,47,25.55340489565268,6.835609196284555,0.6136976038231873,6,4,0.6453900549795387,0.06283896637446788,0.17809745189346754,5.551115123125783e-17
2019-01-30,48,4,0.5355565080688355,47,24.861878793942477,7.025739725819305,0.6138499535787764,6,4,0.7088369445279277,0.01872068997597498,0.24960272370028153,6.245004513516506e-17
2019-01-31,48,4,0.530075394024994,47,24.595612317070106,7.101798778145391,0.6117576016923126,5,3,0.5454289192742701,0.019210684913737203,0.1800013501581695,1.5959455978986625e-16
2019-02-01,48,4,0.5259474539821632,47,24.8973034771734,7.015743277630519,0.6075880399757215,6,3,0.6623435063211967,0.001926196194242169,0.18651744451828137,2.0816681711721685e-16
2019-02-04,48,4,0.521162944303825,47,23.519336448356807,7.426786460776611,0.6069686275368361,8,4,0.8105991191094813,0.012140240327002554,0.266464859301223,1.942890293094024e-16
2019-02-05,48,4,0.5212555455669157,47,24.996793301627335,6.987819893271458,0.6117871968666667,8,5,0.8785231445118084,0.05000365874813082,0.31415846565611966,2.498001805406602e-16
2019-02-06,48,4,0.5189422263237686,47,24.686594359646634,7.07562521408913,0.6132776997211423,7,7,0.8476995325136606,0.06460594009473544,0.19479275920785377,1.8041124150158794e-16
2019-02-07,48,4,0.5216746100448376,45,24.8293210368288,7.034952314725697,0.6210903990305425,8,6,0.8778282134148554,0.0003168337081777828,0.2628250296771945,1.1102230246251565e-16
2019-02-08,48,4,0.5208689846459442,47,24.292054316392612,7.190544168314098,0.6230262867205628,8,8,0.9696973670756615,-0.014936061333194958,0.3059706525868452,2.5673907444456745e-16
2019-02-11,48,4,0.5226860955188141,47,26.270426002622003,6.649039093757841,0.6282400355203678,9,8,1.0071229359704819,-0.011398277836235413,0.2844259096280408,2.220446049250313e-16
2019-02-12,48,4,0.5213117103812773,46,25.749764210070218,6.802856421570208,0.6305392200603624,11,10,1.224766673821178,-0.04569162719835648,0.46824091483824637,2.42861286636753e-16
2019-02-13,48,4,0.5208613397605022,47,24.885488464826167,7.019074178431095,0.6312374430985787,11,11,1.221465876468697,-0.028064901529501113,0.314693838829811,1.1102230246251565e-16
2019-02-14,48,4,0.5200527441198607,47,23.677184808789548,7.377274406215021,0.6283065609203148,11,13,1.2830454685996937,-0.0265318497314721,0.16576063607048497,5.551115123125783e-17
2019-02-15,48,4,0.5228794230705329,45,28.049393420487025,6.227339282621583,0.630985124401017,10,12,1.2742502551232238,0.012701358085178735,0.44504753087815085,9.71445146547012e-17
2019-02-18,48,4,0.5231854106417865,47,26.20519572930159,6.665589958017136,0.6296921594659121,9,13,1.3045296845236338,-0.0012864295498487,0.3919135943378742,1.0408340855860843e-16
2019-02-19,48,4,0.5235943344905201,47,25.92280855704433,6.738200805546593,0.6261673192738483,9,12,1.1745174184683416,-0.0354140834007462,0.21346071336279004,8.326672684688674e-17
2019-02-20,48,4,0.5233036548026944,47,25.207923451046124,6.929293078833802,0.6263178333627483,10,10,1.1712049074853423,-0.05107239550366541,0.2384093864912586,8.326672684688674e-17
2019-02-21,48,4,0.5231074894241005,48,25.857524991939375,6.763076159060704,0.6223598347477163,11,9,1.1356957846323208,-0.05756448318113988,0.177460761553381,5.551115123125783e-17
2019-02-22,48,4,0.5230511951511525,48,26.39322152242896,6.619370606278624,0.6254198929142208,10,10,1.1126771318025561,-0.06693487353297747,0.1557074536758592,2.0816681711721685e-17
2019-02-25,48,4,0.5226534983588027,47,26.676544296642376,6.547815472601949,0.6264933317017137,9,10,1.0799924886195749,-0.09435492303459413,0.1939708913073418,1.249000902703301e-16
2019-02-26,48,4,0.5182416905623585,46,26.683083311337743,6.546249810024461,0.6286701948802466,9,9,1.0599453796438199,-0.07468127157509527,0.22421764008568468,4.163336342344337e-17
2019-02-27,48,4,0.5198504330924846,44,23.435061792558948,7.4557825915927864,0.631830301308229,6,7,0.7856007732416523,-0.04963166149635442,0.16174180306467184,5.551115123125783e-17
2019-02-28,48,4,0.5202416550366685,47,25.92506082883459,6.737615416000485,0.6298536903171525,6,7,0.8056813887892661,-0.06037325519710264,0.19833738615326688,9.020562075079397e-17
2019-03-01,48,4,0.5197052723873221,47,25.153274995267594,6.944347785088411,0.6234245943350337,6,8,0.8386986620798282,-0.06465170385751359,0.17868123485338633,1.033895191682177e-15
2019-03-04,48,4,0.5181212712868245,47,27.026368628176797,6.463061756620822,0.6175744945487965,5,8,0.8248267437166937,-0.03764314933519033,0.1749083875327452,6.938893903907228e-17
2019-03-05,48,4,0.5182829717410629,47,28.54464250878744,6.119295046253715,0.5891905716933091,5,5,0.6764337351724387,-0.07103824149906242,0.20196288917135474,3.469446951953614e-17
2019-03-06,48,4,0.5182565551389018,48,29.01642551202962,6.020531271749304,0.5902276003516783,6,8,0.9508002453681954,-0.10309262746472003,0.35546651896809284,1.1796119636642288e-16
2019-03-07,48,4,0.5188388352835632,47,30.96232067620224,5.641472786481429,0.5883149359226808,7,9,0.9394696302728741,-0.04534662849958356,0.22484981671171944,6.591949208711867e-17
2019-03-08,48,4,0.5195150411510193,47,33.69265109456002,5.184308263866738,0.5870622038244179,9,8,0.9671026068973638,-0.018607758367358083,0.15564408429471488,6.938893903907228e-17
2019-03-11,48,4,0.5191582595852429,48,31.492677187622146,5.564702440523373,0.5896380667001179,9,9,1.040202639981957,0.0069073603413562085,0.21550050900726986,6.765421556309548e-17
2019-03-12,48,4,0.5191338721584722,48,31.91055838093812,5.473837370530955,0.5941101353385551,9,9,1.0107954605882057,0.011694470894370645,0.16623658494002808,5.898059818321144e-17
2019-03-13,48,4,0.5177162286532974,48,32.35393497221007,5.398939518514698,0.5911113430994542,10,8,1.00269635108413,-0.030929623844609525,0.10215196879823997,1.1102230246251565e-16
2019-03-14,48,4,0.5178516099922,48,30.861894440882104,5.659926555690857,0.5877382962273069,10,9,1.1176578205076877,-0.07225404955188625,0.24047774962158425,1.1102230246251565e-16
2019-03-15,48,4,0.5187811650625684,48,31.55321025165398,5.53711349161225,0.5882788607039523,11,11,1.233991795577759,-0.10916487998839616,0.2239555229789114,1.5265566588595902e-16
2019-03-18,48,4,0.5168002590441367,48,32.200197129243044,5.424854935869642,0.5902735584460459,11,10,1.2439915118680096,-0.10536093214656267,0.3150888424369188,2.1510571102112408e-16
2019-03-19,48,4,0.5157816443007014,48,33.669208796757964,5.18859184264111,0.5801345285036859,8,9,0.9966636881805713,-0.06513007561141003,0.24548284532298165,2.654126918244515e-16
2019-03-20,48,4,0.5151871094318199,48,31.736607486121354,5.504172853669047,0.5843130485215298,7,9,0.965531887955899,-0.052286328109344096,0.23801874952769245,6.349087922075114e-16
2019-03-21,48,4,0.5123709565120341,48,31.884211120940755,5.482166384232688,0.5784030824798346,7,9,0.9440111274522401,-0.06246329682223827,0.22666536177046412,7.979727989493313e-17
2019-03-22,48,4,0.5142016907061201,48,31.39519405322566,5.566437465855578,0.5732877026135466,8,9,0.9724659943066956,-0.010970403812085194,0.1863272023897049,1.249000902703301e-16
2019-03-25,48,4,0.5139760971281082,48,30.523385285578975,5.722603056079924,0.5646309590834195,7,9,0.9476873528428356,-0.02324413482619992,0.21629345171489042,1.1102230246251565e-16
2019-03-26,48,4,0.5149639519427599,48,28.113439828815896,6.213827819766287,0.5642849705295954,8,10,1.0719944450456471,-0.06829271548709695,0.3183216232088423,1.3877787807814457e-16
2019-03-27,48,4,0.5148191724787089,47,30.453282798866212,5.735772089162399,0.5645790025300045,9,11,1.2058259142051555,-0.032925037681940064,0.3192764574447537,1.3183898417423734e-16
2019-03-28,48,4,0.5084904638299436,48,33.80573400217516,5.168522956427028,0.553525060239341,9,11,1.2195383180771322,-0.022381164022627777,0.34762578752537837,1.0408340855860843e-16
2019-03-29,48,4,0.5088837738142622,48,36.07745887960798,4.841667742506541,0.5183581020236018,9,9,1.136526919666948,-0.026224920334040475,0.30646203745683587,2.0816681711721685e-16
2019-04-01,48,4,0.5096077488778702,48,32.79106514745411,5.334223346792543,0.5216068375059816,9,8,1.1272122331870558,-0.06940586560793695,0.3524906929476674,9.020562075079397e-17
2019-04-02,48,4,0.5096984750659165,48,33.404292008571545,5.2405481186733525,0.5193106604575384,8,9,1.1062419797119032,-0.09008244339224067,0.320590239519211,5.551115123125783e-17
2019-04-03,48,4,0.5116801147668817,48,31.55540961192669,5.55451018743617,0.5209892245180324,9,8,1.0205721816072124,-0.0920510913190119,0.18126139941612548,1.3877787807814457e-16
2019-04-04,48,4,0.511475523772185,48,31.174981578615977,5.616808964436148,0.5236274336584249,8,8,0.9477601994873949,-0.06187360405441501,0.17149745947590594,1.249000902703301e-16
2019-04-05,48,4,0.511621512654671,48,31.782371371335206,5.509711653057982,0.5261028493039416,6,7,0.7354372251313223,-0.04176874787834164,0.08672705392271116,2.7755575615628914e-17
2019-04-08,48,4,0.511640410558919,48,38.62151087927175,4.52390268316168,0.5229993210051854,4,7,0.7028603356878244,-0.012492481330220753,0.15979612111622882,9.71445146547012e-17
2019-04-09,48,4,0.5106628315784185,48,37.69062412200124,4.634422425285917,0.5264414904655391,5,4,0.5680950314940375,0.029646353491252483,0.10914415610239371,9.71445146547012e-17
2019-04-10,48,4,0.5109063285683396,48,33.962564041526434,5.143186839205835,0.5251182860258864,5,5,0.6464801996278846,0.016098912230788187,0.13208526539927257,1.1102230246251565e-16
2019-04-11,48,4,0.5112988938228605,48,34.415171735713145,5.07555337099776,0.5261836762217951,5,6,0.7939324990082942,-0.005408123247193891,0.2588334559415493,1.1102230246251565e-16
2019-04-12,48,4,0.5118459665316305,48,33.13882640640931,5.276107521154438,0.50900024650993,5,7,0.8247652582249287,0.019851675729596084,0.23285883059101076,1.457167719820518e-16
2019-04-15,48,4,0.5117098738604757,48,36.253929355683056,4.83515680582303,0.5087715204557861,7,7,0.9663197280839676,0.003789438815573032,0.3547240952607241,2.636779683484747e-16
2019-04-16,48,4,0.5123691913193533,48,36.34838216742027,4.805679128679351,0.5082578696386318,9,10,1.2410298431640117,-0.028969712195926228,0.532745048644251,1.3183898417423734e-16
2019-04-17,48,4,0.5133606933364683,48,39.4263868016559,4.430464915396688,0.5089990887275672,11,10,1.3454293256524783,0.01209809896928149,0.48188732850619764,5.551115123125783e-17
2019-04-18,48,4,0.5130836000306563,48,39.32580722895602,4.442935446876675,0.5070267272355372,11,9,1.2809772833277124,0.0304100909375965,0.3513447294855742,1.3183898417423734e-16
2019-04-23,48,4,0.5137487129573511,48,39.8344164806105,4.385042533609137,0.5043447444180039,12,8,1.1923043389253938,0.017836475307343308,0.27271677576394404,9.71445146547012e-17
2019-04-24,48,4,0.5117914075476957,48,40.20832360354667,4.344422942696234,0.5007639582329431,13,7,1.2263228910323247,0.054717928772893915,0.2652760811377344,1.942890293094024e-16
2019-04-25,48,4,0.5105845943828877,48,35.0083137396943,4.991482664379015,0.4971619148255142,13,7,1.2058459741729188,0.019194156365147555,0.2916656564634722,2.636779683484747e-16
2019-04-26,48,4,0.509960013639253,48,39.79319881578415,4.389620719057847,0.5003496518089993,12,7,1.1394941762745059,0.08421402918071896,0.23648890084842245,4.163336342344337e-16
2019-04-29,48,4,0.5099370864720173,47,39.85294978150035,4.382940044809156,0.5010003410973459,12,7,1.1090602089306185,0.08088996831777995,0.2322828040507408,1.249000902703301e-16
2019-04-30,48,4,0.5115442108062767,48,41.36679678741618,4.222664943587493,0.5068054993173604,13,7,1.118966343799844,0.0769753283785401,0.2639713084665438,5.551115123125783e-17
2019-05-02,48,4,0.5108510727650696,48,41.537714175413925,4.205285111265454,0.5042677477307224,15,9,1.3030507219394591,-0.022192896383020078,0.2448985565379192,1.3877787807814457e-16
2019-05-03,48,4,0.5095217673388038,48,42.255428724113315,4.133866704027253,0.48583556586701465,15,10,1.340102328268859,0.009573091556896562,0.22649287429214165,8.326672684688674e-17
2019-05-06,48,4,0.511559920224412,47,42.85674851982751,4.075742923434669,0.49362641983793626,14,10,1.275422870664321,-0.006085940441193011,0.17158708020386798,9.020562075079397e-17
2019-05-07,48,4,0.5130781889263213,48,40.55162705019539,4.307506516702196,0.49018749670739564,12,8,1.1298501832519834,-0.07507829584441983,0.30726664979914226,3.5735303605122226e-16
2019-05-08,48,4,0.5133643414498725,48,39.21083992852482,4.4547172183093355,0.4869666389273912,10,4,0.8779874179790915,-0.03405565180824861,0.3208354769963231,7.632783294297951e-17
2019-05-09,48,4,0.5171970896861321,48,40.215772181580675,4.343468027980389,0.5003725151810067,9,4,0.832320814981936,-0.028676585579546193,0.2763948571163185,2.0816681711721685e-17
2019-05-10,48,4,0.515056323251617,48,42.52417469742034,4.107620948706504,0.4912085557657598,11,4,0.8985493566711318,-0.014024621819762662,0.3337426405750866,1.8735013540549517e-16
2019-05-13,48,4,0.5162483002522672,48,39.61318351811846,4.409546638924583,0.49942656360586346,11,5,0.9413006328416371,-0.0003185713010045721,0.2789114005662483,6.938893903907228e-17
2019-05-14,48,4,0.5168912306769434,48,40.34811482100413,4.329186739072375,0.5061137075195399,10,6,0.911306974197208,0.0426977556381615,0.16034720400906433,2.3592239273284576e-16
2019-05-15,48,4,0.5172453677527772,48,40.32003551855497,4.332236165107862,0.49267539438327573,10,6,0.9005664879183262,0.05861217777612299,0.13161356765376808,8.326672684688674e-17
2019-05-16,48,4,0.5185397247447439,48,42.5338131770778,4.107089757395333,0.5021303080981225,8,5,0.8285823683121643,-0.02250505707992284,0.27746464403477167,6.245004513516506e-17
2019-05-17,48,4,0.5195308569860708,48,39.42812388350231,4.430592108273382,0.49935859592124365,8,6,0.8610312810848444,-0.018547723752556283,0.28485865562124324,4.163336342344337e-17
2019-05-20,48,4,0.517740621668508,48,38.49573057818279,4.537710789751065,0.5024235624506679,9,6,0.9155980822827878,0.004119262302019477,0.2540947152954902,9.71445146547012e-17
2019-05-21,48,4,0.5159425153527291,48,38.68842255930518,4.514881993410372,0.4953390988672442,10,8,1.0504229865426224,0.003638932990402466,0.182137754060196,1.0928757898653885e-16
2019-05-22,48,4,0.5155945684413386,48,39.63932297081428,4.406755633065332,0.4966347378526233,11,8,1.0547761820354005,0.003972234676349579,0.15077760605501953,1.3877787807814457e-16
2019-05-23,49,4,0.5107872017710542,49,38.76809836701352,4.505588276409495,0.4992342340577283,12,7,1.0473486025152647,0.06972916713491575,0.1714612833693957,1.2284159626820516e-16
2019-05-24,49,4,0.5089013818596739,49,38.51056166925975,4.535719084059356,0.502590833012361,12,9,1.1266187472543956,0.05003453813322043,0.13235663060188269,5.265613106248347e-17
2019-05-27,49,4,0.5095315550141823,49,36.82111577864764,4.743829343770136,0.5031321942784955,12,9,1.1297774713396491,0.038441004319333213,0.13869302228206867,1.2147596052495562e-16
2019-05-28,49,4,0.5106028773471819,49,34.4035518903815,5.07718185778199,0.5022818995715891,12,9,1.127506203120508,0.066571248029237,0.12013540639216566,1.0910854852449206e-16
2019-05-29,49,4,0.5119278729168923,49,36.38289885791157,4.8009667999042085,0.5124450978121289,12,10,1.1716292902781233,0.10126342439566637,0.10764282084523322,6.031742016170725e-17
2019-05-30,49,4,0.5107558144537498,48,36.27677194126127,4.8162285494010675,0.5090374642434936,12,7,1.0898175074074479,0.0887405758259801,0.20110962814384487,8.921658355325033e-17
2019-05-31,49,4,0.5117498375333213,49,37.1471723807982,4.702190726942025,0.5120915262070102,11,7,1.060387091775776,0.10176107535423876,0.1884411049494409,1.7308171733975208e-16
2019-06-03,49,4,0.5121200348066259,49,37.54903589542081,4.65186616209254,0.5105256977710522,11,7,1.0561438904283404,0.1258202495099432,0.2036747560383825,4.87538701671388e-17
2019-06-04,49,4,0.5137665473628065,49,43.19443254837418,4.043879713096979,0.5108024693956046,12,7,1.086456630487522,0.049173586150275575,0.19336537768918982,1.931023183069064e-16
2019-06-05,49,4,0.5140652768600305,49,39.151137489273104,4.461507396789285,0.5095466455585038,11,6,1.0201105459516524,0.022028307257121113,0.2539268255713982,1.3693601541062916e-16
2019-06-06,49,4,0.5131429053221347,49,39.824616817189494,4.38605825896389,0.5080712949851408,9,8,0.9716578856786204,0.013958351616623448,0.22402935557864062,8.114053700663992e-17
2019-06-07,49,4,0.5145809998716466,49,39.05378070979378,4.472629443973456,0.5144385572289277,9,8,0.9732408955948563,0.0028268659533834117,0.2220064867157805,1.0890429464458924e-16
2019-06-10,49,4,0.5150448625361131,49,41.871876343567585,4.171608839973557,0.5170742274359316,9,6,0.8804076127431754,0.05477704239564726,0.16619295551587937,1.602319933659097e-16
2019-06-11,49,4,0.5138017176038735,49,40.57109116739771,4.3053584331858135,0.5170091120517111,9,6,0.8833775085327998,0.06337065281273513,0.16952550110315298,9.183550003282401e-17
2019-06-12,49,4,0.5132247419296865,49,40.82447383409282,4.278636638673232,0.512397740374031,5,6,0.7095926041034636,0.10662193985691645,0.15727652169607814,1.1491592758449294e-16
2019-06-13,49,4,0.5121399555690752,49,42.57209837954613,4.102994593872975,0.5113679270612284,4,5,0.7617590827917227,0.09061377102610953,0.33879688347148734,3.6723913239007084e-16
2019-06-14,49,4,0.5114053084758756,49,39.21086375756115,4.454711596793719,0.5131329042822986,5,3,0.7272284641399337,0.07275271703484813,0.34963403690020944,1.2450033378545108e-16
2019-06-17,49,4,0.5112036623723242,49,40.13728809671319,4.3518906678553115,0.5109288181518855,6,3,0.7133782116356946,0.044909859411741915,0.2595958770209667,9.872255236714457e-17
2019-06-18,49,4,0.5133368066686559,49,42.37602090836769,4.121979500595695,0.5278191024673249,6,3,0.7196501416051492,-0.01769219343775318,0.27507588029040314,1.9516202129801366e-16
2019-06-19,49,4,0.5128310414037623,49,43.29924001481989,4.034091347592277,0.5186573033866434,4,4,0.6293219786984999,-0.015530197030078716,0.25573213278327617,1.9965650535614958e-17
2019-06-20,49,4,0.5086116030366696,49,48.502897306197234,3.6012918650694328,0.5185041471175447,3,4,0.4910586777913357,-0.015958275070319997,0.11347484586344621,4.952877999323247e-17
2019-06-21,49,4,0.508563396932958,49,44.06175823058912,3.964278696891456,0.5146681572891276,5,4,0.5459683044228439,0.023442197122395536,0.110786427347491,4.513477689382608e-17
2019-06-24,49,4,0.5079510419669803,49,43.05949613266012,4.056552100910878,0.5151367391994331,6,5,0.5842800289261408,0.05291661744535158,0.037697985514116183,4.258096881751329e-17
2019-06-25,49,4,0.507354128048093,49,44.64109022878437,3.9128320703170867,0.5152585378465256,4,4,0.4770005445821387,0.059038046291300016,0.06348793836774601,4.6855927999263033e-17
2019-06-26,49,4,0.507155585867248,49,46.95398824466601,3.7200905829538167,0.5118356372261582,4,5,0.5980482247181829,0.08781940544243619,0.12248190247521817,6.153839305879613e-17
2019-06-27,49,4,0.5058780733404107,49,42.329841279916934,4.12647636323594,0.5065540932661493,3,6,0.6273026315063591,0.0582290070008206,0.24493686024775363,1.2760723346702423e-16
2019-06-28,49,4,0.5056030730652414,49,41.56382006565844,4.202527323647701,0.5089673961106873,4,5,0.5988214060207282,0.059433540173665554,0.17546743643175636,9.936737355278477e-17
2019-07-01,49,4,0.5057108650451572,49,43.284972990502276,4.035421011800874,0.5060479940774267,4,5,0.5657647387493175,0.050763437465768925,0.13235922393023675,9.283945831527119e-17
2019-07-02,49,4,0.5052346964819168,49,50.95701657702782,3.427851574415984,0.5062452501715563,3,5,0.5120307124728799,0.040604839384435924,0.13673232633046994,4.198574071595112e-17
2019-07-03,49,4,0.5062544346258473,49,48.98385892328051,3.5659315811496737,0.5124277303809326,3,6,0.6405725948504485,0.09104572540986462,0.2228093328519324,8.462209208343232e-17
2019-07-04,49,4,0.5066643035002721,49,50.265843574238176,3.474985737444744,0.5134456595586003,3,6,0.6393118467982757,0.08901661206275366,0.22232841073687767,4.57630726537036e-17
2019-07-05,49,4,0.5068295928839004,49,50.9199709827147,3.430345424988572,0.5121804306393652,4,9,0.8774004604576179,-0.008494465469105546,0.31554002109655843,8.907396132978533e-17
2019-07-08,49,4,0.5053961888221984,49,46.37026142366318,3.766920524885566,0.5129399294219047,5,10,1.0292648771657,-0.002315646876159174,0.37357082869313957,2.324214309315312e-16
2019-07-09,49,4,0.5047105014180989,49,41.706326136646425,4.188167735724505,0.5142749512337833,4,9,0.885639954429143,-0.04756438988318409,0.2839344272928417,2.1795820443506988e-16
2019-07-10,49,4,0.5044341088211604,49,42.61138577282819,4.099211662167749,0.5126973503409455,6,8,0.8632514481715157,-0.035868577117309015,0.24492693356466017,1.2686841165815778e-16
2019-07-11,49,4,0.504077218260608,49,39.60586297968431,4.410283638831557,0.5112069088238682,9,8,1.0773883992544981,-0.06410758830558978,0.2263510645682949,1.1707542051734643e-16
2019-07-12,49,4,0.5042200135659315,49,43.608112643880766,4.005518214639287,0.5120057208718176,9,8,0.9395870565549898,-0.01032552328986669,0.10319451789024285,8.823035711755356e-17
2019-07-15,49,4,0.5043428272976347,49,37.3433755162212,4.6774852858502785,0.5095683167003108,9,9,0.9788504407244549,-0.015827823831546052,0.16366148807485204,4.71583322195756e-17
2019-07-16,49,4,0.5044168095651869,49,37.23935664478984,4.690550676458713,0.5127443790657248,10,10,1.0632229319677493,-0.0501902417597116,0.13539379280065805,1.02251813917993e-16
2019-07-17,49,4,0.504274313637609,49,36.53866441030221,4.780500117345737,0.5165015345596816,11,10,1.1036831724882479,-0.03649974843541676,0.09302879576571303,3.963167058856453e-17
2019-07-18,49,4,0.5032525763512452,48,36.08618838680236,4.841099393642483,0.5130243170170993,11,11,1.2182972631278688,-0.020878794407183036,0.15067385530576274,5.864521365190835e-17
2019-07-19,49,4,0.5022974790394559,48,34.6425447004965,5.042158446478284,0.5135408637350315,12,10,1.1946890939027812,0.012160287814378952,0.18833972487599088,6.043402207390688e-17
2019-07-22,49,4,0.5026493956062343,48,37.33486940122687,4.678556386105333,0.5174527608954159,11,10,1.1380122644428101,0.05451427865764289,0.1561828562979647,6.880630517021828e-17
2019-07-23,49,4,0.504175541191964,48,33.55248997799153,5.2094241731241455,0.5236835826995849,13,11,1.3387418769084405,0.08901969330552059,0.22702866009066291,1.4790442499043076e-16
2019-07-24,49,4,0.5048693651014596,48,32.665375054697435,5.347510913009003,0.5239958192459178,12,10,1.2681604468946188,0.07319252809815102,0.30468220229071796,1.5399501589886827e-16
2019-07-25,49,4,0.5035009440269324,49,33.24104074709526,5.254741896622772,0.5161782647474594,12,8,1.1756957026149175,0.02946915680780817,0.3107409445910373,2.245974909695094e-16
2019-07-26,49,4,0.502696730260921,48,35.35107354514511,4.9421088361510765,0.5214859851119149,12,11,1.2674261877145547,-0.023268988988364755,0.26658808437863357,1.2678047982783212e-16
2019-07-29,49,4,0.5028934930848951,47,34.56998005038193,5.052739088843542,0.5179443010168377,11,11,1.2205975025156963,-0.0198086146590799,0.2497923343565266,1.1546983483728078e-16
2019-07-30,49,4,0.5057174314057417,48,33.44337851681195,5.222951539417242,0.5195080936051933,12,12,1.3081411999273416,-0.015537008007048507,0.21538462284544893,2.2076881504112204e-16
2019-07-31,49,4,0.5048543968844211,48,34.303669790110106,5.092110815025749,0.5166038507593854,11,11,1.2425556144246552,-0.0554845706563747,0.2821813298448916,1.0218980385434348e-16
2019-08-01,49,4,0.5051507628092459,49,34.23514871422967,5.1021565864705645,0.5027329912584948,11,10,1.1660280201149025,-0.051502260903379504,0.2529466554288349,1.6924511384379515e-16
2019-08-02,49,4,0.5138948116278472,48,34.598522652286164,5.0485992030023565,0.5512176330403433,13,10,1.2773999496608979,-0.05344284049125968,0.19297807927746344,1.6292596982312085e-16
2019-08-05,49,4,0.5178966531182089,49,33.800837578002394,5.167714826533872,0.5614986525240723,11,12,1.2650188622022565,-0.03908191627890188,0.1624803852357542,1.3431373578048424e-16
2019-08-06,49,4,0.5181944737717553,49,36.79922472273116,4.746651344347733,0.5544945459194245,13,10,1.2673242154290105,-0.028485392824672086,0.1873972119629843,3.2525867054841526e-17
2019-08-07,49,4,0.5158804141323877,49,32.822370581047394,5.321769464207061,0.5559027958984883,13,7,1.1233288701162878,-0.03369641666033664,0.3095406148113212,2.514145734618959e-16
2019-08-08,49,4,0.5187845114893832,48,32.33877307597205,5.401606937507443,0.5637538190849951,16,6,1.1919616701857159,0.02276450678155756,0.48171935602670307,1.705025788714605e-16
2019-08-09,49,4,0.5195119395146227,48,32.98277241678716,5.295888642214821,0.5695270328208093,16,8,1.2788868837396936,0.024451021284130244,0.32462446069328443,4.138757101802312e-16
2019-08-12,49,4,0.5177795105471937,48,31.766767252711432,5.540462492742577,0.566450532020509,15,9,1.2695733781331267,0.044988851311918675,0.22769242514706095,1.7247295588982778e-16
2019-08-13,49,4,0.518693172792564,49,31.48486183400235,5.547843608843997,0.5772060020518897,15,7,1.277994098553526,-0.02765945721748843,0.3595435683925383,3.1988854101974543e-16
2019-08-14,49,4,0.5223817211511128,49,35.48961462752011,4.921808572293076,0.5913863546043583,13,8,1.2164395946805966,-0.0165232444858099,0.3837285897509109,8.569447592332784e-17
2019-08-15,49,4,0.5220456750131607,49,35.65205039972071,4.899384117960143,0.5839699853372597,12,9,1.2717676858190512,-0.03529513679915105,0.47593904866236925,1.6638036678880382e-16
2019-08-16,49,4,0.5237664032524454,49,36.28015530657145,4.814562893270403,0.5933112974689855,12,9,1.2663398536909372,-0.014137845288106474,0.3375407912294731,1.4369200681253805e-16
2019-08-19,49,4,0.5244442996768698,49,33.91121286013611,5.150894785790481,0.5950527084645346,12,7,1.2311127080462536,-0.032129772972363024,0.3494453412883924,2.501790823704478e-16
2019-08-20,49,4,0.5248792563415278,49,36.90332827800271,4.733261135289663,0.5987286207685377,12,6,1.2068724409394995,-0.030754686931718428,0.3419412708256059,1.506749598158304e-16
2019-08-21,49,4,0.5262655652919264,47,35.998030923628185,4.852295667829299,0.5949505350416909,11,6,1.1698878985144705,-0.06698605000822384,0.4819677712211291,3.435784870188588e-16
2019-08-22,49,4,0.5265193743462783,49,35.166371039334635,4.967049039712661,0.6046554797294839,10,7,1.198249813144432,-0.05568447709798639,0.4033241416177902,1.6981936843541453e-16
2019-08-23,49,4,0.5273859224343362,49,31.027098804101396,5.6296945648691015,0.6054179752926543,10,7,1.2102456743840926,-0.055747111785399615,0.42229129440147684,1.3894712093278756e-16
2019-08-26,49,4,0.5278738716520194,49,32.301900583553966,5.407517401314721,0.6075343424177059,9,6,1.022388297658343,-0.0246956561373861,0.25251115791203477,1.544349546996103e-16
2019-08-27,49,4,0.5276834828306645,49,33.70729671072687,5.182055713341111,0.6028567721775148,9,7,1.0841625301428592,-0.03236627214398992,0.25458399650737573,6.806966089986613e-17
2019-08-28,49,4,0.5266709267394021,49,34.581042461231306,5.051122727052883,0.601353366971149,9,8,1.1473087207889612,-0.038608552424574234,0.3145388279544562,1.0406797865695258e-16
2019-08-29,49,4,0.5281872131460087,49,33.862321797288956,5.158331745435444,0.6075774834198517,9,6,0.9168289898817061,-0.01081063695668673,0.1832451245680942,7.344615558157701e-17
2019-08-30,49,4,0.527698796369375,48,31.17360681938206,5.604194639186563,0.6022959361703261,9,4,0.7932624980687975,0.027998892520120923,0.1850215772655513,2.169967390728551e-16
2019-09-02,49,4,0.526471318107805,49,32.49233584336248,5.375824328024984,0.6025354214790114,10,7,1.0375193006894778,-0.024494969066662094,0.2022399611239184,1.9076430177746882e-16
2019-09-03,49,4,0.5276538843929857,49,32.56643958881188,5.363591835845473,0.6024907808478819,9,9,1.1560996237341477,-0.04511670759207467,0.2503692760360745,1.1865028132396997e-16
2019-09-04,49,4,0.5289795573721947,48,30.163536115351924,5.794374167965654,0.6055409048240066,8,7,0.9859733229962337,-0.0531186580403847,0.1969926638542282,5.865332629410198e-17
2019-09-05,49,4,0.530156383487881,49,29.711231754581732,5.8790255127733,0.610047544963188,6,8,0.8978123174313476,-0.045698811902674566,0.20655553188123685,1.1390083039476472e-16
2019-09-06,49,4,0.530300786489827,49,32.076575974240264,5.445502962703404,0.608430845000774,7,9,1.0001850874144682,-0.03047648302247874,0.22007987975805646,2.334912390509118e-16
2019-09-09,49,4,0.5332622943622526,49,29.794324123998745,5.862629700010898,0.6156818589115992,9,9,1.0713913648626314,-0.04795838330973904,0.23210749053208196,8.308673609927275e-17
2019-09-10,49,4,0.5343069326625155,49,31.804339903083285,5.492114913668511,0.6063287432973287,9,10,1.0400346882255282,-0.04143634887863884,0.14481190894420215,6.117882742111279e-17
2019-09-11,49,4,0.5341487218923677,49,32.94091199121511,5.302618505149133,0.6039727878960766,11,12,1.2295837499194713,-0.024599845233669173,0.1413741310117936,1.1726808689725224e-16
2019-09-12,49,4,0.5338841770242,49,35.86392844458779,4.870439382316636,0.6038999276798517,7,11,1.0447849292284987,-0.018454241377769562,0.2158903852058108,1.2144801891798573e-16
2019-09-13,49,4,0.5348206868658173,49,30.20083467111218,5.783717284747272,0.6075330085760718,6,12,1.0706728895671227,-0.020060862030012575,0.31737259568164883,2.871313998221721e-16
2019-09-16,49,4,0.5347446061509658,49,33.13524832902688,5.271518950654444,0.6065453372784961,7,11,1.0607615243952602,-0.03422279988858438,0.21599134121532385,3.149619210130387e-16
2019-09-17,49,4,0.5356681900441014,49,30.94383424914423,5.644843108152859,0.6097884260821963,7,10,1.029799667957135,-0.0462140907284181,0.20032851292368795,8.734941447611408e-17
2019-09-18,49,4,0.5354819172067078,49,29.640785986029364,5.892997897675019,0.6091566822343456,7,10,1.032900377142013,-0.05158503504001714,0.2109883267624508,1.0169097316692388e-16
2019-09-19,49,4,0.5359490870737461,48,27.2101763721379,6.42038320698382,0.6142173659721322,6,8,0.8502989038879606,-0.03736501658718167,0.13032705722886767,1.2652552892394018e-16
2019-09-20,49,4,0.5365436204199566,48,30.39826448256367,5.746213156693113,0.6092494321850157,7,8,0.8190406024617829,-0.019842334392600625,0.08805519535868678,7.361429674229506e-17
2019-09-23,49,4,0.537359795096065,48,31.316478030940218,5.580616713805755,0.611603895884499,7,8,0.8778315647491857,-0.03979924267992599,0.1264428062011374,5.20433502319625e-16
2019-09-24,49,4,0.5372166077783684,48,27.01422661258033,6.470469307407195,0.6119791356277245,7,7,0.8273078792962227,-0.045120355576002955,0.13647360873410208,1.3127115333478661e-16
2019-09-25,49,4,0.536060866247937,47,29.545562105770873,5.911990737417342,0.6098852710780572,9,6,0.9654109087778163,-0.01531444723462435,0.2402096036730067,1.9845947792347907e-16
2019-09-26,49,4,0.537193077900415,47,28.74769165254174,6.076073571829285,0.6103471075608978,10,6,0.9697602550888248,-0.03956412856517194,0.27256276160334564,8.482770556313966e-17
2019-09-27,49,4,0.5375191305003789,48,30.2147027723595,5.792626959615079,0.6115993756866507,11,6,1.0331995457113627,-0.05598123305429076,0.3223972200711347,1.0646685331838365e-16
2019-09-30,49,4,0.538015795245296,48,30.048425173450674,5.81373449749366,0.6119413170083787,10,8,1.0352326876540954,-0.05381154703368851,0.1609098495249311,1.7464994795640169e-16
2019-10-01,49,4,0.5395270229916853,48,32.037677469779354,5.454912084557221,0.6168625850475005,10,8,1.0285031702991212,-0.058019438935282025,0.16025160566912888,1.0280520040484913e-16
2019-10-02,49,4,0.5448987534659789,48,32.94918582291078,5.30131955969096,0.6377165121524133,11,8,1.1254843350578683,-0.0691468856086238,0.24808883049194874,1.1013386027269528e-16
2019-10-03,49,4,0.5439438784968929,48,32.48731077707603,5.3768657524054895,0.6392817736595248,11,7,1.0781242187998907,-0.08107043300626178,0.23952666315454094,2.4861387831412023e-16
2019-10-04,49,4,0.5452750445566459,48,32.74883364045016,5.333739743902874,0.642977470268924,10,7,1.0265455821650942,-0.07776339389396394,0.2211678346100453,2.0430074763397987e-16
2019-10-07,49,4,0.5410574752132009,48,31.267616230067713,5.586394392352499,0.6452973091815386,10,7,0.9844387938630083,-0.08986212371110847,0.19006138468540107,5.419720446354285e-17
2019-10-08,49,4,0.5389133123447349,48,32.3618616398207,5.398731888332936,0.6482428269892545,12,8,1.1433068872295917,-0.05337830655471998,0.20636734107017185,1.6298727933808536e-16
2019-10-09,49,4,0.5396450610725435,47,31.17333822282701,5.603284712485491,0.6518967502679919,13,9,1.2654305106710455,-0.04867211952146089,0.28462200982947894,8.374239878069325e-17
2019-10-10,49,4,0.5404008813129759,47,35.19894509204422,4.962452398625617,0.6574348910065169,13,9,1.2922836896231003,-0.016074693384388748,0.2619290675956641,3.736826031074039e-16
2019-10-11,49,4,0.5406584057669774,48,28.93384606995067,6.040676666738622,0.6639278329784365,13,9,1.278239100901935,-0.018938416625032956,0.24328082642169346,4.840283791535198e-16
2019-10-14,49,4,0.5419738113960046,48,27.0026177289357,6.468780813997569,0.6649243827950476,13,9,1.3278724562631627,0.01581427530011569,0.38793950188694937,2.2635359626879344e-16
2019-10-15,49,4,0.5435797424341994,49,28.149279337409567,6.205241967561521,0.6670705223368651,12,12,1.4384048430757634,0.02037170344776542,0.44131115358404,2.225071338317096e-16
2019-10-16,49,4,0.5433083887680371,49,27.28056898644381,6.402838943275132,0.6668671189603241,13,11,1.4376327922462215,-0.004090877535526019,0.32266454702223957,9.062833443260787e-16
2019-10-17,49,4,0.5430472396883123,48,27.866266287781244,6.2727161558068385,0.6741675129714509,11,9,1.0927192511117119,-0.04359488235374356,0.1434164000746833,7.2748512602868e-17
2019-10-18,49,4,0.5394503563137364,48,30.071643905848,5.809128521762582,0.6702609226138118,9,11,1.1011773819485438,-0.07352090110181281,0.14150957637089925,5.375284384635966e-17
2019-10-21,49,4,0.5410901888964913,49,29.973232068758747,5.82763610879218,0.6706399432518145,11,11,1.2167461158788626,-0.05589888652804241,0.1790621284423964,1.301520234471757e-16
2019-10-22,49,4,0.5415763651286316,46,30.223248486278578,5.784368658773046,0.6630932093826891,9,9,0.9641257520811479,-0.03350274942173346,0.07532244282552884,5.011511644615116e-17
2019-10-23,49,4,0.5414975070520814,47,32.221723194792176,5.420972939440362,0.6671803144208708,9,10,0.991770849257822,-0.022129189459698564,0.06061068864350824,1.166470881797182e-16
2019-10-24,49,4,0.5375041420561446,49,29.767437045428217,5.8679250495948585,0.6582259889578201,8,9,1.0174349963972236,-0.025682569868127128,0.17540277282419178,1.0736591614017976e-16
2019-10-25,49,4,0.5365529650688334,49,31.024443396093186,5.630176415126347,0.6264526106611461,9,12,1.1727581702922927,-0.06395127013898093,0.14661578668195482,2.6951888227361742e-17
2019-10-28,49,4,0.5363817165915047,49,28.49715005129785,6.129493271666689,0.6159050676668925,11,12,1.280711147198775,-0.0951419058808897,0.1675885015790003,8.972189102686819e-17
2019-10-29,49,4,0.5367931721713146,48,29.166325020113625,5.988866449962442,0.6169015153475779,9,13,1.209823556608628,-0.03224063428668395,0.1822009602306724,5.048252590856812e-17
2019-10-30,49,4,0.5348785291702552,49,36.39554158727357,4.799299086737156,0.6061582198112359,10,12,1.2071390239025024,-0.047111938941917335,0.16941891387415303,8.607062751641108e-17
2019-10-31,49,4,0.5332330596304907,49,38.0827435623759,4.586672943219239,0.5944201917778943,9,8,1.0366632002127658,-0.0344402256195021,0.23095918152677336,2.2494775295191432e-15
2019-11-01,49,4,0.5345383368905946,49,40.71833222015599,4.2897898803095185,0.5943682277674863,11,7,1.1045247801667457,-0.03540242920832603,0.2133415046931721,2.8925009651528603e-16
2019-11-04,49,4,0.5352815350587857,49,36.221399859275984,4.822372690722331,0.5977156198200557,11,7,1.1123082924649206,-0.03146478054524685,0.24164888881463045,1.353558962729809e-16
2019-11-05,49,4,0.5355574457723123,49,34.03797633510809,5.131711937908059,0.5982239827669151,10,6,1.0360041448032746,-0.024337827668263742,0.2668003593340821,1.5674694621824242e-16
2019-11-06,49,4,0.53579678878706,49,34.72214455153156,5.03059623065251,0.5761730506565007,11,6,1.028884183351214,0.00021597639172861493,0.21163372825971874,1.1868662838161002e-15
2019-11-07,49,4,0.5360535162606785,49,36.9551495878779,4.726623798010625,0.5775709753238498,11,5,0.9782144193347516,-0.008922390008224293,0.2466315734616183,1.658687502629288e-16
2019-11-08,49,4,0.5355192680652331,49,33.80835788154138,5.166565324264798,0.5718984181168164,13,7,1.1744717168141567,-0.036493077726083525,0.25740528367342663,2.0817831768408643e-16
2019-11-11,49,4,0.5358056609767272,49,36.73462613948651,4.754998426766291,0.5716244901341059,12,6,1.077756032114718,-0.043228636370894684,0.2668765853546023,2.1301746558783584e-15
2019-11-12,49,4,0.5352700260471656,49,38.41796640873485,4.546651107003725,0.565737843065541,9,6,0.8841018402817565,-0.00023079246777312368,0.20479835512955272,1.4735456241069923e-16
2019-11-13,49,4,0.5353076077014945,49,31.68591976095864,5.512640656129136,0.5605799909356929,11,10,1.1359769768300318,0.019995389472275887,0.12908856153639914,5.232946920703116e-17
2019-11-14,49,4,0.5347637339808209,49,39.207509086235454,4.455092750649353,0.5551536653061924,9,11,1.1081259459781445,-0.01272196275081925,0.11312504832179089,1.0102197650259572e-16
2019-11-15,49,4,0.5339188236448835,49,37.01972465304126,4.7183789490113455,0.5512462821670114,9,11,1.109949685458552,-0.014605655069105437,0.12318018927768105,9.953691484530406e-17
2019-11-18,49,4,0.5337211152731033,49,38.018289491625254,4.594448930680681,0.553072317195274,9,13,1.221681396217714,-0.01307966594943149,0.18439845784178588,1.126844241054069e-16
2019-11-19,49,4,0.5331934413636233,49,36.759979529974544,4.7517189001336515,0.5544228063454436,9,13,1.2084081070023045,0.011584975684543076,0.16028661896472407,9.87151698928656e-17
2019-11-20,49,4,0.5334976674619858,49,34.661922256330186,5.039336485996713,0.5558144243222035,8,10,1.0691386614124445,0.05974571421776062,0.22167610129484877,6.872771555481768e-17
2019-11-21,49,4,0.5324954815644036,49,36.33987566158697,4.806650719659567,0.5512690415172714,8,9,0.999195475971828,0.0659757720995777,0.1855464078719829,2.275666929430052e-16
2019-11-22,49,4,0.5330778434723699,49,34.395719393686775,5.078338019386416,0.5517487296253902,9,6,0.8803512974982078,0.06109216459353538,0.130040372750732,6.486946042645316e-17
2019-11-25,49,4,0.5337008661309423,49,34.9686795900382,4.995129686019563,0.5536059507943817,8,7,0.8546724349389049,0.05603745566113093,0.14493698152133244,3.704479327525011e-17
2019-11-26,49,4,0.5344664800514513,49,36.402798192062555,4.7983423850969995,0.5551005182236444,7,6,0.71559399572876,0.04543670545612114,0.0771870928410206,2.687394444999346e-17
2019-11-27,49,4,0.5348136393889231,49,35.61865509716987,4.903977677556532,0.5520812914631175,9,5,0.8213861033663944,0.017136611325084754,0.1869271865550885,1.0606696227234658e-16
2019-11-28,49,4,0.5341339102712815,49,35.52677591470239,4.916660321794625,0.5503974017037697,8,2,0.6571190034719868,0.025545372777121107,0.27720601551939106,8.313811156215814e-17
2019-11-29,49,4,0.533517502019818,49,38.67988688060423,4.51586350395184,0.5530880117415091,9,2,0.7242685124853578,0.02782456332986915,0.2894228004820214,1.1149674615809754e-16
2019-12-02,49,4,0.5371991406336252,48,34.973347116920635,4.994465725760039,0.5685680332058718,10,2,0.7663536138402576,0.02587256020371056,0.3109751477530965,1.1899951210360302e-16
2019-12-03,49,4,0.5283740059303867,49,33.856326051214516,5.159245254103412,0.5665430994106737,12,3,0.9385526738470776,0.06692895665049153,0.3231564873501509,1.945188551673142e-16
2019-12-04,49,4,0.5297754590968385,48,38.57398580176987,4.529024701668634,0.5747534502638567,11,2,0.8610372762213675,0.04813362918766667,0.36998162176494437,4.479176486839489e-16
2019-12-05,49,4,0.5279377946771721,48,38.38281112300147,4.551494463865941,0.5757203936402098,11,1,0.8342906793656681,0.07173313105813833,0.4192422784934057,3.047884219891294e-16
2019-12-06,49,4,0.5284330274871066,48,38.14172166880827,4.579582805511894,0.579026970624569,10,2,0.7906278770791113,0.0854850850840572,0.29296920977218377,8.319681903755526e-17
2019-12-09,49,4,0.5289987390005199,48,35.06371655689788,4.98168169212747,0.580336684283081,10,3,0.90720206450929,0.0920216025203367,0.2839387159140526,2.6471879813546316e-16
2019-12-10,49,4,0.5292926147544396,48,35.65133180794239,4.910280804949229,0.5740692225617205,9,3,0.8255058498251544,0.09814714968910457,0.2369189976537481,7.936919247096275e-17
2019-12-11,49,4,0.5286130847324407,48,32.0704354679876,5.452034487958269,0.5731387474321471,10,3,0.880124035648567,0.11252006520360504,0.2581909625289536,3.2043694060842834e-16
2019-12-12,49,4,0.5283130395348838,48,32.548741358909226,5.366594683023672,0.5730898596971601,11,3,0.9312928791825966,0.11537041050649005,0.30906615641253177,3.980509711828318e-16
2019-12-13,49,4,0.5284436910166848,48,32.24239659624628,5.428292772815295,0.5742758438298052,9,5,0.8578413770949191,0.1294046832207797,0.15406138352049112,2.3462873331146834e-16
2019-12-16,49,4,0.5293833549879048,48,31.444023425116615,5.555856297170116,0.5712738915680041,12,4,0.9382615228505596,0.1317379713201601,0.25523074481288066,1.0149926180572939e-16
2019-12-17,49,4,0.5272427807364317,48,32.83889672037277,5.319257238662969,0.568362525913178,11,5,0.9465546945714347,0.04677466366248523,0.23389639444959737,6.541688284980487e-17
2019-12-18,49,4,0.5275059875563668,48,31.72562404503546,5.505934574093002,0.5660886008149927,13,5,1.0123106600705747,0.06479764875710226,0.27892024600676135,1.2785188826109424e-16
2019-12-19,49,4,0.5270422528163792,48,33.20743152531296,5.280549317170122,0.5644851335918913,15,9,1.2595794374843554,0.08377474696696112,0.15895252537235446,1.0700569198089369e-16
2019-12-20,49,4,0.5261459174835263,48,29.75098722536057,5.8759644315508925,0.5642541160939124,13,9,1.1491376428316546,0.08353581419109388,0.1547192337374666,4.423227513196273e-17
2019-12-23,49,4,0.5238036979659102,48,31.66676355850955,5.535345758249851,0.5638687120933279,12,8,1.143967081169238,0.11963629518521807,0.15668240106179837,7.695607692233736e-17
2019-12-24,49,4,0.5238148937213194,48,28.237160950335973,6.191621545746854,0.5553322375538908,12,9,1.1792619797664168,0.1002870517948094,0.14474030373056845,3.5666053638513544e-16
2019-12-27,49,4,0.5243001739139195,48,28.948913813016098,6.038659824609831,0.5102662269253593,12,9,1.1875547040703662,0.09431391504678807,0.19768734806852634,1.4472815547050337e-16
2019-12-30,49,4,0.5232557698008313,48,32.32983959795073,5.402848797046991,0.5181644265721347,11,9,1.0907533722450802,0.0986488901377883,0.14552530017875973,7.038491714349778e-17
2019-12-31,49,4,0.5146712510022784,49,28.27664842949705,6.177291128990179,0.5144370540313007,13,9,1.1882270966977622,0.11561554536742272,0.0960202981297598,1.8896233846652842e-16
2020-01-02,49,4,0.517114054905088,48,27.996934942531826,6.270395678017415,0.5193137777576864,12,10,1.2177725862557829,0.12072087526062628,0.11919565980954588,8.379781827380159e-17
2020-01-03,49,4,0.5171187969027904,48,30.505943914951935,5.748485147653128,0.5136585112862317,14,9,1.4496089047819318,0.12095852706588953,0.2514322232731328,3.6616089965565403e-16
2020-01-06,49,4,0.5174461740338989,48,31.74128035880079,5.503027807852149,0.5145971545275309,14,11,1.4462206368977564,0.08483334219454039,0.24688013446061607,2.637779058066052e-16
2020-01-07,49,4,0.5178745382718879,47,33.26347610813599,5.251197708058616,0.511530636542237,17,10,1.571377698238996,0.062151764525505804,0.2764116065926588,1.4098770425392863e-16
2020-01-08,49,4,0.517847448412571,48,31.419336715167873,5.565678736882905,0.4905372874224867,18,10,1.6775077359707775,0.11008033279922774,0.34158940151465017,2.401853729440144e-16
2020-01-09,49,4,0.5174476765481426,48,31.057095414626303,5.624280662040366,0.4883151744725581,15,10,1.5616117625860442,0.09979829402117851,0.31855813148076384,1.8784604864327161e-16
2020-01-10,49,4,0.5172328636138714,47,27.97936544609667,6.242925338589993,0.48012798966857734,15,8,1.454887148349052,0.06196701526592544,0.3206642391821016,2.5894687368601526e-16
2020-01-13,49,4,0.5176805398949642,48,31.794881538192094,5.4973065842191104,0.48249131762246716,15,7,1.4097125139842117,0.08642835481679495,0.3464200598797721,1.913708591998093e-16
2020-01-14,49,4,0.5173674722443634,48,32.40994072740116,5.390827191944171,0.4835888241307101,14,6,1.2444604330119402,0.03378266476896992,0.4246162330471973,1.4484090722927483e-16
2020-01-15,49,4,0.5139552601533989,49,29.67841270551638,5.885526669983918,0.49377656601450687,13,7,1.2953126574125833,0.08188589537404121,0.27899045544598927,2.7475156183534095e-16
2020-01-16,49,4,0.5141183965035385,49,35.50728122530884,4.919359733366545,0.49104901720663224,13,8,1.3352063254025996,0.11577860103799656,0.3472564672477708,2.755065403656728e-16
2020-01-17,49,4,0.5146643651472299,48,32.56730780115879,5.3775690484656655,0.49689472186735245,13,8,1.3386496814031665,0.13100597543832063,0.37192470730265537,1.1896041801757074e-16
2020-01-20,49,4,0.5148311781842584,47,30.675206509670787,5.6942759112652785,0.49893860047230665,9,8,0.8843777682078923,0.05858757644263907,0.05245172540886673,3.902819152736599e-17
2020-01-21,49,4,0.5157708427831587,49,30.137368549284908,5.795897183772231,0.5092896886855107,9,10,1.1141638196603094,0.10531277127434406,0.20762888020711703,1.2906419196160037e-16
2020-01-22,49,4,0.5154385730091782,49,28.665758439486122,6.093440362648835,0.5099148225832367,9,13,1.2935354051587984,0.07922105322962855,0.398819577616001,3.06715556360922e-16
2020-01-23,49,4,0.514931025313655,48,28.056953429747168,6.225664295353125,0.5119884400543944,9,12,1.2655357285465667,0.07584083047301035,0.422910328470645,1.365260619914522e-16
2020-01-24,49,4,0.5152837523449684,47,28.416443458876056,6.146901872287116,0.5188940051632841,10,9,1.1076442205185415,0.10213627715439991,0.23210733114801213,1.366826693467423e-16
2020-01-27,49,4,0.5242179582570297,46,29.301312286358275,5.962063475929792,0.5702175271514204,9,9,1.0208809042864546,0.11876385118770745,0.22242648033264056,8.985141623184268e-16
2020-01-28,49,4,0.5258356897246036,48,32.37707871573548,5.395778414025381,0.5864795673008182,10,12,1.2236754442408766,0.12894466893507242,0.22594070721502496,1.9531849433848813e-16
2020-01-29,49,4,0.5265573488195662,48,36.26336325660509,4.818699224764499,0.57875149998282,11,12,1.2897545669875077,0.10140618973428982,0.20741653160952178,6.745651159983837e-16
2020-01-30,49,4,0.5280062359135794,47,34.789212034787354,5.0208981257305405,0.5795849258043162,11,14,1.3775082087211372,0.11799225716088184,0.26226726534838884,7.512180713814162e-17
2020-01-31,49,4,0.5278945630193077,48,31.266102447807473,5.586732638079247,0.5842166244897176,11,10,1.210557964809665,0.12372954795250159,0.25575341749693936,3.163741374986087e-16
2020-02-03,49,4,0.5290567513483234,48,33.70234794108531,5.182816647243255,0.5892841771830214,11,8,1.1008434120935582,0.11581950167244537,0.21300379708914896,1.1790687412983973e-16
2020-02-04,49,4,0.5279268896615948,48,33.39413575704258,5.230687323395781,0.5976166327186615,11,9,1.1030835808474195,0.12378934491634377,0.13172504374034605,5.076262889291048e-17
2020-02-05,49,4,0.5283082495110352,48,36.229030413792685,4.821920890568991,0.6065058955473455,11,7,1.083509848401648,0.10764070656193708,0.2817143493639862,8.14549307568012e-17
2020-02-06,49,4,0.5276519410116469,48,32.29962229139271,5.4079706250590975,0.6072217085993629,11,7,1.0566109699736643,0.1369454924579492,0.19083441254336198,6.369599847211637e-17
2020-02-07,49,4,0.526507912462919,47,32.41577537858848,5.388521096937346,0.6050017942875189,9,5,0.8533851213424191,0.1088675233426902,0.20039933839045138,1.5514840647435952e-16
2020-02-10,49,4,0.5268363889755391,47,34.014576435339414,5.135242234550649,0.6035723458129744,10,7,0.9874224828773391,0.12111321623283097,0.1827915408345506,1.2070768814173454e-16
2020-02-11,49,4,0.5273767004651431,49,31.8351673258021,5.486796652063937,0.6016270639419747,10,7,0.9339965329136519,0.17024958775295246,0.1257203882422152,1.2196404487275587e-16
2020-02-12,49,4,0.5251622601807441,48,32.73553372100979,5.335921950293184,0.605862114353188,7,6,0.78827395666988,0.13951094235185507,0.1267878788532781,1.0006987961855447e-16
2020-02-13,49,4,0.5245364336533141,49,36.14939711046471,4.831977943293029,0.5998228968347026,8,10,1.0435219288530282,0.13293879680362264,0.25333634383255427,1.6479504646543756e-16
2020-02-14,49,4,0.5247033868274863,49,35.69849021819648,4.893010556846201,0.5993809751081504,8,13,1.1788837524930598,0.10784980216120703,0.3424396530158716,4.178945652269965e-16
2020-02-17,49,4,0.5246817244916687,47,34.05966579285418,5.128444024185145,0.5954758139600823,7,12,1.1161803238353267,0.047357917253156204,0.3225755667623711,5.827870070397914e-16
2020-02-18,49,4,0.5256358658953333,48,35.647101852143535,4.904728936108886,0.5978724256341857,7,11,1.0637824461913985,0.0008706051346192446,0.24310495925268363,9.05856086937066e-17
2020-02-19,49,4,0.5255912666795628,49,33.28615571348302,5.2476197913822915,0.5974914800181493,9,12,1.2429837906682297,-0.016372236190925427,0.2771108996875766,9.323060645866395e-17
2020-02-20,49,4,0.524980627770321,49,32.49023607081363,5.376171755736092,0.5942055079761382,10,10,1.0799960532209687,-2.2281586033448195e-05,0.09378921898908212,1.1149068053898866e-16
2020-02-21,49,4,0.525872427896192,49,32.38287747651627,5.39399531829058,0.5971433869487717,11,10,1.1276312287564605,0.014657584456331463,0.08871516610036478,7.270404837321973e-16
2020-02-24,49,4,0.5426675025142752,49,31.829889708335127,5.487706401174412,0.6563023274803792,11,9,1.1310355325292956,-0.03540402886484466,0.25527665379251224,8.328613725807849e-16
2020-02-25,49,4,0.5459745533035125,49,33.634614548223205,5.193253790694431,0.6658979526443374,11,10,1.1947776575921119,-0.03614156504669134,0.24531860200157707,1.304410584243642e-15
2020-02-26,49,4,0.5454650188810053,49,29.105618557311193,6.001352940057313,0.6597728582903934,10,10,1.1499396151702606,-0.020758946179661578,0.19504633136909688,4.954026780804032e-17
2020-02-27,49,4,0.5558848558012477,48,33.007164713121256,5.292064999313817,0.6713161640314902,10,10,1.1683982224365708,-0.05899992486062161,0.23025351431783758,2.0497495328208565e-16
2020-02-28,49,4,0.5674658489286553,48,31.53378082801852,5.539683907901916,0.7002585603691065,9,10,1.0710474539584225,-0.016630500257824685,0.147456000609542,8.393017279021313e-17
2020-03-02,49,4,0.5666205147067704,48,26.887240648269895,6.496504998842166,0.6917032058311979,11,10,1.1352368601245582,0.0005059217828389277,0.21039520183282578,5.621526498517431e-17
2020-03-03,49,4,0.5660323341938156,47,27.949814889468737,6.249525808735199,0.6911668568882636,11,13,1.3322381334709636,0.018613261194580233,0.2778656786697972,1.446189202102283e-16
2020-03-04,49,4,0.5670257971263465,49,26.012910450611013,6.714861446693803,0.6871048291900114,13,12,1.3293191998844205,0.014187437652594975,0.15198777177740497,5.497311352899341e-17
2020-03-05,49,4,0.5678843268189913,45,27.819946554242772,6.278699679042594,0.6869544202880264,12,12,1.3502373415923836,0.008077010721651616,0.2890831751234678,5.997309458560518e-17
2020-03-06,49,4,0.5778197679718515,48,26.634725554407222,6.558262257666961,0.7085345157620258,12,12,1.3627171959942677,-0.03111664733077219,0.2692539041151265,9.151615569723016e-17
2020-03-09,49,4,0.6228227980004065,48,26.203043294845095,6.667500465273704,0.784777789250615,12,12,1.3448926716265113,-0.04945150683924047,0.17996054323642477,4.468863704154504e-17
2020-03-10,49,4,0.6237641833673666,48,26.70677241567087,6.540451694551262,0.7883383056389489,11,13,1.316518043538345,0.015883654805316012,0.24915905233601843,6.965631026718819e-17
2020-03-11,49,4,0.6207203762793764,49,31.19167599942601,5.599990507221239,0.7787338387030082,10,15,1.36549658054022,0.0005778374298727601,0.27045964769364017,9.44392985079148e-17
2020-03-12,49,4,0.6916141170274194,49,29.33793997415561,5.953829398211984,0.8538816256628736,10,15,1.3414850820993989,-0.029677030244616785,0.21869398255915215,9.81097192707373e-17
2020-03-13,49,4,0.6894440476817391,49,30.927787483609485,5.647771913644845,0.8505229500997414,9,11,1.1359911889793592,-0.02225986159526991,0.24643494600920673,5.305870171190136e-16
2020-03-16,49,4,0.6971863064411995,49,32.597745017265986,5.358440880146386,0.848457567216881,9,11,1.10290168109184,-0.02041878331957132,0.1249957410324044,2.1825580886529248e-16
2020-03-17,49,4,0.6972396970929526,49,39.95933316948996,4.371271381337111,0.8429922081110779,8,8,0.8952528424755412,0.02462237271904851,0.09265426558316026,5.390932672936199e-17
2020-03-18,49,4,0.7045594116731996,49,35.41395646208347,4.932323494781579,0.8415830802691381,7,9,0.9896210665475219,0.05492535732111174,0.24659407852234336,8.735929564838589e-16
2020-03-19,49,4,0.7018169168301851,48,23.681070820971264,7.376069286894331,0.8343771189409181,9,9,1.0257951185787484,0.07107324611119532,0.16034131877909802,9.053389224313152e-17
2020-03-20,49,4,0.700878895515308,46,31.025975213766714,5.639259311957205,0.8286026256714984,8,5,0.7426893344859821,0.01222935595931434,0.1133886286516409,1.1155714899404847e-16
2020-03-23,49,4,0.6971254755110866,47,28.65233749224747,6.096294571022972,0.8211812764421677,8,8,0.9503064270614535,-0.0061795938566221835,0.18585425740992603,7.610872780652126e-17
2020-03-24,49,4,0.714346799973841,47,31.57890945206511,5.531321142240503,0.8339759718932334,10,9,1.1393551232902712,0.005206014343096068,0.311461202150372,8.190741597249327e-17
2020-03-25,49,4,0.7126264822713324,48,35.22328224188361,4.960263482157707,0.8296369500428431,6,8,0.8321588510617488,0.049368430275054304,0.17651336518015368,8.188410941183683e-17
2020-03-26,49,4,0.711736684373571,49,36.226409704985436,4.821705792088689,0.8262524100108004,6,7,0.7799142862484411,0.03145954128566708,0.11777480801846271,7.855819305026509e-17
2020-03-27,49,4,0.7135996099126362,49,35.70567536788074,4.892025923089932,0.8246871786480087,5,8,0.805725780280287,0.02522206341271869,0.20043650596200274,1.1711027187647908e-16
2020-03-30,49,4,0.7079649016709356,49,32.80041067031418,5.325332394670079,0.8199227086283609,6,10,0.9474866327876843,0.05408297219521676,0.27791348139336935,1.9809576988617506e-16
2020-03-31,49,4,0.7046658731108913,49,30.099496676850745,5.803189713648791,0.812116537819246,10,8,1.0380385785976438,0.02137518699967298,0.15084191808223946,1.6188006828383832e-16
2020-04-01,49,4,0.7056705122411372,49,30.384505717604036,5.74875534012406,0.8107848308578903,10,7,0.9676958928573334,0.006221300393834514,0.13884124143958493,6.126031033850001e-17
2020-04-02,49,4,0.7043562235819874,48,32.347923908965726,5.399825685022916,0.8090436743045336,10,6,0.925347735895236,0.0018882153756665339,0.18921991266205274,1.549123395398196e-16
2020-04-03,49,4,0.7014948535898425,49,32.27760937628561,5.411586944522561,0.8047613081079799,9,7,0.9192527071379074,0.03571910614556825,0.1516073428247342,5.2940122041504754e-17
2020-04-06,49,4,0.7039329027142932,49,30.447936013556337,5.736779314805986,0.8019486701722338,11,8,1.0932891830415696,-0.02368909336174874,0.1778022227519734,2.236868921825283e-16
2020-04-07,49,4,0.7042286579890648,49,28.011891162026327,6.23567643079728,0.8006897770856441,11,9,1.2103110495232117,-0.04153067515493458,0.2560979279363556,1.4980148754068648e-16
2020-04-08,49,4,0.7037711402772909,49,31.610962833621866,5.525712406182119,0.7993461406013429,11,8,1.1315082688626876,-0.03173293791137451,0.1867497680309433,1.258717719295067e-16
2020-04-09,49,4,0.7024311459225014,49,30.240368678205556,5.776156083275345,0.7965222929475129,11,6,1.1019752907915434,-0.03659867705997793,0.30682890178789224,1.476571024032512e-16
2020-04-14,49,4,0.7009345819802779,49,33.26271796423997,5.251317396518634,0.7939933400242414,10,7,1.042059337646069,-0.014040648659170284,0.20625391508930144,6.118023107888808e-17
2020-04-15,49,4,0.7029782609559132,49,31.56724148387944,5.533365643947925,0.7939088506279197,10,10,1.119230082748165,-0.03973564169181351,0.19806873043697515,1.3199533232267006e-16
2020-04-16,49,4,0.7016942065927279,49,31.66825006566203,5.515716502772748,0.7906067867997891,11,11,1.218041777697766,-0.032443140575120544,0.17652620678755224,2.2130161296704305e-16
2020-04-17,49,4,0.7029117958383234,49,31.608096009836053,5.526213582961469,0.7909904857068545,12,9,1.2305696009580203,-0.028733964110107167,0.18030361821357246,4.230043298683798e-17
2020-04-20,49,4,0.7045575044276867,49,32.983278895924,5.295807310494286,0.791439471590082,12,9,1.257498849333445,-0.03702075825930261,0.20592098694569055,1.1842783978310546e-16
2020-04-21,49,4,0.7056305367058858,49,31.934833012918364,5.4696728625587925,0.7886470881390976,11,10,1.235698874439436,-0.04175119869421194,0.1815139920003449,1.4724927349845e-16
2020-04-22,49,4,0.7051021890052785,49,33.678383630923435,5.186504537014706,0.7863477392730529,11,11,1.3070556856843651,-0.042426945226789886,0.24962219997382082,1.796396472034199e-16
2020-04-23,49,4,0.704283582123562,49,32.56271991677162,5.364204524301418,0.7854330646593469,12,11,1.39961768256853,-0.044469450373747665,0.3362903431221946,1.4598468005084788e-16
2020-04-24,49,4,0.7044451821795956,49,32.622545819306694,5.354367205692791,0.7856894683806501,11,10,1.3018148570640886,-0.05033386657510945,0.2638481728916561,9.116530287488465e-17
2020-04-27,49,4,0.7061680334110523,49,31.85120526562957,5.484033902151729,0.7855946683974145,9,10,1.1351435370522702,-0.05598687071823263,0.18601965224591704,2.406683693267641e-16
2020-04-28,49,4,0.7075274026133426,49,33.71854794927926,5.1803265598464145,0.7853262414333231,7,8,0.8996999996001092,-0.023862025515624104,0.20340020086531965,1.0035537227090959e-16
2020-04-29,49,4,0.7080718581838897,49,33.77671152047364,5.171406026167725,0.7847442563997062,6,8,0.8188269129407636,-0.016962206387069877,0.15712009581856332,4.5801078699909936e-17
2020-04-30,49,4,0.7079879687632775,49,31.54683486288507,5.536944998137025,0.7816828636099372,7,7,0.8024443855414655,-0.019362048703568377,0.11167300092531582,7.341242861415657e-17
2020-05-04,49,4,0.7103475021371536,49,33.49489591874174,5.214916622665771,0.784076031051527,7,7,0.8074233918234299,-0.04250937275304418,0.16865540956559413,6.514709378112246e-17
2020-05-05,49,4,0.7091937491404887,49,35.39531979313738,4.9349205070601645,0.7895219863461872,6,8,0.8923530777858327,-0.06351999221420923,0.2628078817202911,1.2809438197687002e-16
2020-05-06,49,4,0.7091458697044551,49,34.724992859887536,5.0301835973270785,0.7894681298967239,7,6,0.7582660821444759,-0.06355318815941184,0.1215759621656885,7.421651650737789e-17
2020-05-07,49,4,0.708832904422059,49,36.92936050688725,4.72992456689116,0.7891090974287153,7,6,0.7675930214222193,-0.07728827960034088,0.15711052495698177,9.60519776759013e-17
2020-05-08,49,4,0.7075840181901774,48,38.355657956386935,4.554075963582843,0.7887609862516864,5,5,0.6722327874673153,-0.0732166660125465,0.22675268485533764,1.426360598393875e-16
2020-05-11,49,4,0.7073215552213807,49,38.551310771161475,4.530924785877097,0.7890245297551995,5,7,0.6711755972038943,-0.07108662102291179,0.09469733983466022,3.908315726711963e-17
2020-05-12,49,4,0.7064669106720232,49,38.561898287554556,4.529680779679876,0.7885958161746149,5,9,0.8301527472772202,-0.07529839472929167,0.18617252936578324,1.23102648621273e-16
2020-05-13,49,4,0.7073818068088714,49,37.105098692368124,4.707522568509795,0.7886818588769315,5,9,0.8293203648284762,-0.0749313709633208,0.1863201031852382,1.3459890552638714e-16
2020-05-14,49,4,0.7088168010751675,49,36.51928248384523,4.783037278412441,0.7878862933673094,6,8,0.7666877199257519,-0.07922848718238143,0.10669353715918285,6.499815649680911e-17
2020-05-15,49,4,0.7099687278616085,48,38.34709771918453,4.5554147454507,0.7875749011639055,6,8,0.7670664649371776,-0.07934677072128637,0.10739729861497668,8.472102451839851e-17
2020-05-18,49,4,0.7147124301812676,49,39.36488289198627,4.437282081605415,0.7930584638601317,7,8,0.8168481173280017,-0.08385513796626728,0.09360089707169278,4.8488449671223065e-17
2020-05-19,49,4,0.7135053382376004,49,40.364946658585914,4.327345976163999,0.7921802266559215,7,8,0.8995997049003952,-0.08181910231925733,0.21828305350731933,2.1377200693091757e-16
2020-05-20,49,4,0.7136431804199697,49,40.16847578952476,4.34851176371143,0.7916616360818951,7,8,0.8977006245087812,-0.07980225615825698,0.21605014233810824,1.9761894608368526e-16
2020-05-21,49,4,0.7140177524505041,49,43.40356189599149,4.024395277043796,0.7894289581609837,8,7,0.8501552242839411,-0.06680691573876506,0.14484633331437974,6.378094140930308e-17
2020-05-22,49,4,0.7137294134769161,49,38.51742127356042,4.534911313520548,0.7881023169558431,7,6,0.7611507787665989,-0.0620457106670186,0.09238299138320977,5.962545301331972e-17
2020-05-25,49,4,0.7134574378878331,49,42.06190753776341,4.152761957937446,0.7885156076149396,7,7,0.8312697293904846,-0.06914428185254669,0.1412899553543823,8.223114480176587e-17
2020-05-26,49,4,0.7138701560414707,48,40.45306633591386,4.318720385301,0.7868541220135175,7,7,0.8109474010314247,-0.05271684168293017,0.12927481775637484,1.4935674425132253e-16
2020-05-27,49,4,0.7134249226576518,49,38.25172673586313,4.566410575586916,0.7849335354988433,8,5,0.764585555107642,-0.03129853997275959,0.15450140850236777,1.145718364755481e-16
2020-05-28,49,4,0.7140022234360198,49,38.55281765061198,4.530747689678487,0.7860993713878949,9,4,0.83825328325399,-0.07599335312366681,0.27853342973141737,1.2909932321564662e-16
2020-05-29,49,4,0.7133899968489334,49,40.734702138424595,4.288065956823065,0.7856629905977159,9,5,0.848215658100037,-0.04602032836898795,0.21404768388273118,1.2653987751820795e-16
2020-06-01,49,4,0.713293928897007,49,39.09122034279518,4.468345781210687,0.7851575679924205,8,5,0.7565217545150733,-0.03123178781328375,0.17470473739230885,1.512046895675209e-16
2020-06-02,49,4,0.7144154999230643,49,35.45033198889746,4.927262445830165,0.786075900693551,8,6,0.8580480003256723,-0.028337709134007225,0.18199007212816493,1.7085202352544422e-16
2020-06-03,49,4,0.7153836440387902,48,40.25329148284027,4.339709851484772,0.784361728851609,10,4,0.9216662600845964,-0.026491159749670437,0.31297730209434965,2.3813651961955117e-16
2020-06-04,49,4,0.7147999091792804,48,35.12926510723253,4.9726842978155394,0.770232114083616,9,5,0.8796735646987583,-0.04543804428665648,0.20720289427881144,1.6864850293005897e-16
2020-06-05,49,4,0.7159603333862595,49,36.562164282712594,4.777427510867992,0.7712256148554228,8,5,0.7848426946325603,-0.040669410862161984,0.26841885014099437,9.293822139023824e-17
2020-06-08,49,4,0.7156335454139267,49,35.72262445551173,4.889704834498953,0.7728345782667388,7,5,0.7423362076100442,-0.03729050065029928,0.18296649061008258,5.48841424766421e-17
2020-06-09,49,4,0.7159304960721393,48,35.24452825636841,4.959753126304488,0.7296305884989363,5,5,0.6758638845228397,-0.09015238746512572,0.20924191127212094,1.6131370961524041e-16
2020-06-10,49,4,0.7158334487116056,47,38.199912257905325,4.572604468874357,0.7366293628465636,7,5,0.8018353970668264,-0.10772392243694957,0.25456264693332725,1.508969341586983e-16
2020-06-11,49,4,0.7190398516491635,48,38.446115685452476,4.54387827061926,0.7387524180791838,6,4,0.7432526383874336,-0.0651382764594178,0.274411411153924,1.869400415066398e-15
2020-06-12,49,4,0.71851476179154,49,30.981022664664543,5.638067257874282,0.7360444987289398,5,6,0.776217466482411,-0.06893559830819883,0.26261991401427576,2.1469108377097287e-16
2020-06-15,49,4,0.7184361241593559,48,37.90846086896765,4.624096676828785,0.7273399655219686,6,7,0.8333162280016212,-0.028961865341505893,0.24595924366515942,5.641570515665218e-16
2020-06-16,49,4,0.7200731899258517,49,32.299285869464654,5.407955154396772,0.7368971651839654,6,9,0.9451199299977188,-0.06483039168271182,0.2950005095171526,7.014259745717443e-16
2020-06-17,49,4,0.7201913071451569,49,39.564175642238474,4.414930594803706,0.7378852617999854,8,10,1.1585902616378565,-0.1127839626480271,0.4807697589152889,1.6006953175831627e-16
2020-06-18,49,4,0.7202467117864815,48,42.24019523854477,4.135236040038848,0.7367958554042844,7,9,1.0303846734861803,-0.0722919728668694,0.3899073429458368,2.23844452923296e-16
2020-06-19,49,4,0.7199684799861512,48,35.27971379303254,4.951974198400376,0.7048350793116426,7,10,1.0806988452956463,-0.06596321253587337,0.3357075792658054,1.6465698858195495e-16
2020-06-22,49,4,0.719473481773123,48,38.688913121634286,4.5149386649267775,0.7066598220155239,6,9,0.9227607619071683,-0.05230985044908995,0.20882800281317335,1.6350656469779436e-16
2020-06-23,49,4,0.7203052224783874,49,39.527891033758166,4.418983278210554,0.7107133412565095,10,14,1.4611199940405164,-0.1468721348095537,0.5914914792104516,2.976495250762147e-16
2020-06-24,49,4,0.7217533534929234,49,39.499310443618896,4.422180730229042,0.7095783915395419,9,12,1.3742974086157527,-0.13438335813092306,0.4619882444276222,1.1535858562393054e-15
2020-06-25,49,4,0.7216444146197917,46,40.56277773970561,4.32807034802064,0.7091822758803112,9,9,1.1935873441661222,-0.13868495028989142,0.4047259905309554,8.11123810939657e-16
2020-06-26,49,4,0.7216011520600737,48,38.88319011437867,4.492252914277081,0.7176873596330035,8,10,1.124618957144649,-0.07003824056744787,0.3809811340684816,2.702307838271064e-16
2020-06-29,49,4,0.7216822418214978,49,41.64985665845167,4.193846114129692,0.7111886210728879,8,7,0.9170646759404616,-0.0412013302481114,0.22079155793182864,3.57384776269827e-16
2020-06-30,49,4,0.721314876183357,47,40.8182348769011,4.2792906167521005,0.7136198941871679,9,5,0.8885699346606066,-0.020749976280996042,0.23276536149521018,3.27755497815729e-16
2020-07-01,49,4,0.7214354618338609,49,44.58732930959599,3.9175499453723384,0.7184180076195517,9,6,0.977775209264227,-0.013534386634811733,0.265338531309158,6.173720677199933e-17
2020-07-02,49,4,0.7223589422654904,49,37.16174930456647,4.700346263830003,0.7202268569461674,12,9,1.2231585827857658,0.007110324262512353,0.18383847720722185,6.825725090086228e-16
2020-07-03,49,4,0.7224014443171242,49,42.476657153756456,4.112213653462108,0.7220586764037008,13,9,1.2645945132472525,0.008177263872967501,0.223386196497521,3.9173400514218397e-16
2020-07-06,49,4,0.7226013095114782,49,45.11623187529132,3.8716240749877193,0.72286240028694,13,10,1.2743128999468774,0.007352498973432285,0.17441955011732577,1.087925270418074e-16
2020-07-07,49,4,0.7224519455567077,48,43.81588622325724,3.9865496433312595,0.7253383522307268,12,10,1.2713318516566432,-0.0011667285458544924,0.3000073713974449,1.096714592462682e-16
2020-07-08,49,4,0.7221585593948027,49,41.06640888485344,4.253429852872552,0.7270012864932884,10,8,1.0192916772324765,0.016343752183389244,0.1448650363211154,1.0437157249976451e-16
2020-07-09,49,4,0.7219570070896635,49,39.58649915753764,4.41244093866398,0.7184341895653039,12,13,1.3888448888888147,0.03144116694476308,0.24995849830328984,9.457326593160887e-17
2020-07-10,49,4,0.7219969225693038,48,41.22520491058974,4.237094182673442,0.7241625529669504,11,10,1.1147655815407358,-0.00011558094167728357,0.14436420210491424,6.050474402054563e-17
2020-07-13,49,4,0.7224301562541681,49,42.25508588279247,4.133776700528214,0.7240516922231521,12,10,1.1995193810719846,-0.035141395086443955,0.14608898621846153,1.1116009967727394e-16
2020-07-14,49,4,0.7230802613840541,49,40.14376053724391,4.351189005799567,0.7259902935570413,12,11,1.2610409663009643,-0.03614626830608216,0.201395128263141,7.096286093393165e-17
2020-07-15,49,4,0.7230874895081112,49,40.76496181836816,4.2848829413695375,0.7165253460416533,11,9,1.105202816693981,-0.057325365788534526,0.1786086415305368,1.258312678545646e-16
2020-07-16,49,4,0.7231946580428862,49,39.727826324174416,4.396744188211915,0.7208646985178849,11,7,1.0763896369291979,-0.03315355214562946,0.2685931207418185,1.4476471250065586e-16
2020-07-17,49,4,0.7231187132401129,49,39.39353629277196,4.434054566793378,0.7241743308163515,11,7,1.0368314961712817,-0.016285619403707572,0.2197678689223223,2.9005618780470814e-16
2020-07-20,49,4,0.7232109805078307,49,40.584509870582764,4.3039349263576065,0.7240659675398119,11,8,1.0605658594597416,-0.002317047572219775,0.16479066065721235,9.202575017957616e-17
2020-07-21,49,4,0.7235995061643529,49,43.644978333093995,4.00213486573459,0.7200885602120788,9,10,1.079449276942728,0.02811427604281669,0.19206585736333237,2.2000559806934217e-16
2020-07-22,49,4,0.7240680493006677,49,38.3801348797271,4.551132768253267,0.7220685727593733,10,9,1.0613474995334993,0.0312754244800192,0.16672094739341958,1.0142968465921205e-16
2020-07-23,49,4,0.7237728888438848,49,39.57761765378718,4.4134311223351705,0.7180446494786588,11,11,1.226895577322603,0.02790532648222388,0.27149439607131964,1.0271665355685466e-15
2020-07-24,49,4,0.7237881943414476,49,41.8585611105126,4.172935831213697,0.7188519450661477,11,10,1.1948648880936006,0.018919051198038266,0.21645179085683122,1.2860829255096904e-16
2020-07-27,49,4,0.7242607940664291,49,38.40789396692734,4.5478434628963385,0.7087891642234591,12,8,1.1566285959050975,0.0077943814081418115,0.2653098037661184,7.145110518948934e-16
2020-07-28,49,4,0.7242528264987541,49,40.17689648852515,4.347600356612768,0.7115045790941493,11,9,1.1121918893031226,-0.0020247521107915247,0.14677206664095022,1.4285053867198288e-16
2020-07-29,49,4,0.7225195575139076,49,38.64151833554892,4.520347466274707,0.7129590850911044,11,9,1.1657736894781747,0.0024955678176507706,0.21611237463640892,4.324391464567678e-17
2020-07-30,49,4,0.7225638085769011,49,40.154098598966314,4.350068750032975,0.720427652500835,11,8,1.18611449726068,0.0024988880565978144,0.2826240818846887,3.950139571348752e-16
2020-07-31,49,4,0.7218082523033111,49,41.520736559120856,4.206888026959526,0.7211760972508416,12,9,1.2616494578891466,0.029582192245490153,0.3253617168576591,1.9085614817890448e-16
2020-08-03,49,4,0.722382110811221,49,36.27636756476713,4.815065598540103,0.7229786090490526,12,9,1.1788124365058568,0.015663481146258845,0.19924562153910724,1.6780741555337324e-16
2020-08-04,49,4,0.721804301867057,49,37.44809236457467,4.664405540356558,0.7258118198074927,12,12,1.3801019698926635,0.007495875729594153,0.2749681340759063,9.455521296133624e-17
2020-08-05,49,4,0.7207236851028375,49,36.5445262322858,4.779733314665021,0.7137720098519982,14,10,1.4900898696043874,0.03780785812985436,0.37189373910974477,1.4426649132572625e-16
2020-08-06,49,4,0.7205801715223228,49,36.85216856610704,4.739832045101225,0.7114746271743964,13,8,1.3741210314191723,-0.04665371801260867,0.4301966010212531,1.4908156046923304e-16
2020-08-07,49,4,0.7205487389058484,49,34.72289205607998,5.030487933407061,0.7142442927692582,14,8,1.430039448518991,-0.03231977280360154,0.4343744106968902,1.6495749482988385e-16
2020-08-10,49,4,0.7199772519262477,48,32.244982920983375,5.418558300616482,0.6935747497217902,12,9,1.336946767848669,0.0099762610683221,0.4010325896405092,9.502628864860194e-17
2020-08-11,49,4,0.7206441532264481,48,34.265496074626526,5.114286636212895,0.7002885771029133,10,8,1.1964973331042579,0.011840395278319807,0.3726616495453042,3.170048130630808e-16
2020-08-12,49,4,0.720616976872974,49,32.10112858310404,5.441337959471084,0.7024114527381731,9,6,0.9761259099786436,0.01026476008751967,0.2484721094358123,1.5495283524280073e-16
2020-08-13,49,4,0.7207081182348518,48,32.08569363365992,5.44674472832269,0.7005479950588746,9,6,0.8859219737718083,-0.014873540538057728,0.17774075659319455,1.1348843815148123e-16
2020-08-14,49,4,0.7209781531824776,49,33.309459561119986,5.243948469971305,0.7055976522104239,11,6,1.0018461312315465,-0.0398910815190595,0.3243595441592917,2.660377775826947e-16
2020-08-17,49,4,0.7207812008353889,48,37.840235546705145,4.619778273983497,0.7041897958628183,11,6,0.9926899494506614,-0.03194356039148122,0.26901554034668035,2.4382039494512793e-16
2020-08-18,49,4,0.7205438772564738,49,34.85915463454974,5.010824024056612,0.704236878807365,11,8,1.0638329867200038,-0.05769994877602484,0.18962779267662705,1.2687059983458967e-16
2020-08-19,49,4,0.7204549896529847,48,34.40063494956486,5.077787907591894,0.7066418264763632,9,6,0.8478539127666557,-0.013070578678946808,0.1400752639647071,1.4271064056710364e-16
2020-08-20,50,4,0.7151584414105652,50,34.686733902922555,5.037528943737119,0.6975569273622797,10,7,0.9558296960026156,-0.008614774811328704,0.16263402881218855,8.326672684688674e-17
2020-08-21,50,4,0.7148126928807242,49,36.30442028315757,4.811344958512971,0.6951850449794472,7,6,0.703319177410713,-0.005319480357508816,0.06283086012441298,8.326672684688674e-17
2020-08-24,50,4,0.7153508438682269,50,33.79972939369043,5.1687089289851205,0.6995965424895703,8,6,0.8176617725349346,-0.01556243968278822,0.1457392641208444,8.673617379884035e-17
2020-08-25,50,4,0.715232684014311,50,37.41150559969337,4.670606897002775,0.6941248176207364,7,4,0.6951556182804568,0.008643351301349363,0.17384032450119807,1.0928757898653885e-16
2020-08-26,50,4,0.7155660688180726,48,39.87161896323004,4.3832834607257105,0.689425415504048,7,6,0.7386007981538255,-0.005882087583387431,0.12293574249445557,5.117434254131581e-17
2020-08-27,50,4,0.7157968883861316,49,36.14446763528625,4.832636940835189,0.6927323528762002,9,5,0.9147238611245991,0.007671442108424702,0.2445027721144841,1.3183898417423734e-16
2020-08-28,50,4,0.7158638079922618,50,33.74759801832755,5.178766031705537,0.680308732081824,8,6,0.8662773553018955,0.03238481574131919,0.21675308350459382,2.0860049798621105e-16
2020-08-31,50,4,0.7156770974931468,50,32.6825858536139,5.34460889709662,0.6800705850914334,8,5,0.8326621162020478,0.04234830003957778,0.2705925646747174,7.45931094670027e-17
2020-09-01,50,4,0.7162399058783956,50,33.77256101862028,5.1738020661467985,0.6776092856243754,8,5,0.7974031750655898,0.04321644852734246,0.22418980537614747,1.6393136847980827e-16
2020-09-02,50,4,0.7162410500992106,50,29.252362708011983,5.978390990464822,0.678405329149093,8,6,0.7937580909056479,0.020122147594528288,0.09121013333315345,1.2836953722228372e-16
2020-09-03,50,4,0.7162137073319188,50,31.226128865381675,5.5940778086856815,0.6501712147706953,7,6,0.7369487658126976,0.008467313119779057,0.08514655468602861,3.95516952522712e-16
2020-09-04,50,4,0.7166265984017308,50,31.518509019627565,5.542189877491923,0.6545540872821247,6,5,0.6604751278605223,0.021718734227544736,0.13869123094534003,2.706168622523819e-16
2020-09-07,50,4,0.7169347856408748,50,34.08147271190531,5.133244109414198,0.6579489852940767,6,6,0.6979024638418138,0.029231966094414828,0.12926832992043194,8.326672684688674e-17
2020-09-08,50,4,0.7170768726500863,50,29.948372961368918,5.83278051642667,0.6417365095455435,8,5,0.7376568570776607,0.033884219665923504,0.11523911685401271,6.245004513516506e-17
2020-09-09,50,4,0.7175362174425536,50,30.00144149617094,5.8222188209349826,0.6466511645165939,7,9,0.9404979845534565,-0.004755853537629522,0.21527269758203835,6.245004513516506e-17
2020-09-10,50,4,0.7175832812176867,50,29.199798080277173,5.987633684944017,0.6455041212512274,7,9,0.9120499527921588,-0.01355037743771459,0.16477284399480613,5.551115123125783e-17
2020-09-11,50,4,0.7174156089746812,49,29.20425759772518,5.981083029301594,0.6464349613540067,7,9,0.917908136143119,-0.02409767426771465,0.17098997291578244,8.326672684688674e-17
2020-09-14,50,4,0.7174028512686217,50,27.848579137457083,6.301176551795276,0.6480265650943906,8,9,0.9488394279561368,-0.01414191760223902,0.14069830152545876,3.209238430557093e-17
2020-09-15,50,4,0.7165710808635775,50,28.91346747871459,6.04130163011542,0.6407146368838431,10,7,0.9921790999889595,-0.03303018128553923,0.2128387159035626,9.8879238130678e-17
2020-09-16,50,4,0.7161443545469133,49,28.757296618415733,6.07404415717047,0.6155145416752146,11,8,1.02799957991801,-0.021805314816942298,0.13133352902766382,1.0408340855860843e-16
2020-09-17,50,4,0.7162658815293763,50,29.538403251640304,5.914129628400951,0.6171203573656348,11,8,1.0283182548012266,-0.018018403937546505,0.12801561959838778,2.3592239273284576e-16
2020-09-18,50,4,0.7163054146748168,49,29.285905777553904,5.964407958827208,0.619521346372461,11,7,0.9921924673311343,-0.018168215241682845,0.19298352173752908,1.3834419720915037e-16
2020-09-21,50,4,0.7181832996854695,50,27.426365011819303,6.373291103097035,0.6461232149233974,11,9,1.0535616637351157,0.00617487803707871,0.07505638420267427,9.150666335777657e-17
2020-09-22,50,4,0.7180225360781687,50,27.07123546797561,6.453162883502305,0.6467491817815184,12,8,1.079550483692409,0.020224775370855978,0.15321307885893581,5.854691731421724e-17
2020-09-23,50,4,0.7176706581832617,50,28.13676164980502,6.2081090249295965,0.6450759857383283,11,9,1.1136507153079538,0.04137834511695172,0.13891769503425955,1.1893697832165984e-16
2020-09-24,50,4,0.7174091945393989,48,28.301556560342092,6.172191914002525,0.6325082127404766,12,11,1.3322769771102425,0.07325989669134565,0.3776933989709273,1.3010426069826053e-16
2020-09-25,50,4,0.7170006303517541,50,29.511637865217885,5.920412411477972,0.6314848876652558,12,10,1.3114802247738409,0.03696537165577992,0.4089549442938629,2.7037291676357267e-16
2020-09-28,50,4,0.7166030561913126,49,28.259059081777913,6.18113607376756,0.6362987348560268,11,11,1.2626914730178345,0.05360405686805249,0.3756735750188145,2.8796409701215e-16
2020-09-29,50,4,0.7165504707983857,49,27.744042606692236,6.295877352025574,0.6361623801662819,10,13,1.3381946726394613,0.03306721678892895,0.40766323586435466,3.148523108897905e-16
2020-09-30,50,4,0.7160837329025039,49,29.344007546672728,5.952598302167221,0.6383116150141395,9,11,1.2155669218070784,0.02929662780094041,0.3210433318604073,2.92300905702092e-16
2020-10-01,50,4,0.7140026640518602,49,28.12128736499133,6.211418674898922,0.6312399198863207,8,13,1.230269986151648,0.003751078329415945,0.2030627292364981,1.1015494072452725e-16
2020-10-02,50,4,0.7135038478364301,47,28.917974264642528,6.040294797366763,0.6283639785806593,8,11,1.1971335154556104,0.009498824699989784,0.27654815343807354,1.441988889405721e-16
2020-10-05,50,4,0.7134547070511028,48,28.943398153648204,6.039819482379222,0.6269304996254141,8,10,1.1290499981574489,0.010125545742188703,0.23669137786544114,1.4007892068512717e-16
2020-10-06,50,4,0.7142082190289981,48,28.52423555592452,6.123673949826609,0.6281969448867101,8,9,1.1048828474578385,-0.01231090841258567,0.31211646481472655,1.7694179454963432e-16
2020-10-07,50,4,0.7137527715099876,48,28.418573467456355,6.146448491833824,0.6202989758546577,7,7,0.8687296981650351,0.027360660662885228,0.19171538195852747,1.2067170179763664e-16
2020-10-08,50,4,0.7135126909110043,47,30.995700275429336,5.635397424447663,0.6184733438196197,9,8,0.9851071317913337,0.030356449692819375,0.19543837755063642,1.734723475976807e-16
2020-10-09,50,4,0.7133565315855429,49,30.261101060525903,5.772198742925403,0.6198644137737809,10,9,1.0780146336768914,-0.01652165614687255,0.20171731122033054,4.423544863740858e-17
2020-10-12,50,4,0.7134602386029448,48,26.995740653278045,6.471464354395495,0.6202469262299519,10,10,1.084285116992868,0.0021016054905064604,0.1808768751394409,6.591949208711867e-17
2020-10-13,50,4,0.7136822535168196,49,32.16466654719135,5.430589160463684,0.6224421252982303,10,11,1.1522678110028477,-0.03564425661479432,0.14391046698333074,8.326672684688674e-17
2020-10-14,50,4,0.7143850656695641,49,31.90347686113394,5.475048699594864,0.6208571431154075,9,13,1.1835093346462093,-0.03710129255376042,0.24238180405074003,8.326672684688674e-17
2020-10-15,50,4,0.7151677586340903,49,29.57598935548472,5.905908586916432,0.6317011549151822,11,12,1.1962878892975999,-0.03370944559012782,0.12226295792162102,1.0061396160665481e-16
2020-10-16,50,4,0.714539039844912,50,29.94167557384197,5.8342582345005205,0.6237207816734973,13,11,1.2941574603374606,-0.04641462400605176,0.170029355805323,1.196959198423997e-16
2020-10-19,50,4,0.7147554368028837,47,30.120014626566707,5.799236543100466,0.6233367050943294,12,9,1.1826125372187812,-0.06848879787258778,0.28182167683084924,2.220446049250313e-16
2020-10-20,50,4,0.7174457542528202,49,29.568436096405144,5.9074172516801635,0.6263786462020317,12,10,1.2243503063926755,-0.07340319434949506,0.22452194956929386,6.591949208711867e-17
2020-10-21,50,4,0.7192462150258968,47,29.402089393891284,5.940839345158821,0.6339658339440275,12,10,1.186472628459971,-0.03126175940650921,0.18023841264539617,3.642919299551295e-16
2020-10-22,50,4,0.7190964007960715,48,34.23894917376712,5.114400278988251,0.6234912727420068,10,10,1.1587513307285662,-0.08821170931536988,0.18564906179165436,1.3183898417423734e-16
2020-10-23,50,4,0.7191470013474746,48,33.62433273016987,5.201627451859345,0.6247480987531139,11,10,1.214811395163576,-0.11266189125102671,0.19689182561390547,1.491862189340054e-16
2020-10-26,50,4,0.7170813917529194,49,32.133902299011375,5.435788279796947,0.6135792897534508,12,14,1.403449176991229,-0.15378373372800447,0.2382264234713078,6.938893903907228e-17
2020-10-27,50,4,0.7180604621446639,48,29.90898914178655,5.858571509696292,0.6209251214752616,13,10,1.290378694426745,-0.15236323108842043,0.26478576130700293,1.7694179454963432e-16
2020-10-28,50,4,0.7195271999182413,49,30.788184831367303,5.673380566533028,0.6504737576889822,11,9,1.1128174279191503,-0.10659644096842892,0.1542666391433865,1.0061396160665481e-16
2020-10-29,50,4,0.7175268923691462,50,28.097477267203757,6.218083218608411,0.6467882230501981,12,9,1.1872867055998781,-0.11939254726084671,0.22926668517505852,1.0148132334464322e-16
2020-10-30,50,4,0.7171848337412626,50,26.814296867036802,6.516791727572646,0.6470921409987579,12,9,1.1836667531508687,-0.12221532342420947,0.24696684859059775,1.457167719820518e-16
2020-11-02,50,4,0.7180050305144925,50,27.17898792995022,6.426881683406528,0.6525214595277362,10,12,1.3003304692977324,-0.12108339357446582,0.29783019273193145,2.740863092043355e-16
2020-11-03,50,4,0.7187923090611668,50,29.04276371068351,6.014358686138872,0.6524589237320886,9,11,1.2693370949381444,-0.1008697956897512,0.39389521173554365,1.942890293094024e-16
2020-11-04,50,4,0.7190027867068539,50,25.877159162867173,6.750088827023609,0.6482274123179915,9,9,1.0200556641290532,-0.030059468330917404,0.1490798810132813,1.0408340855860843e-16
2020-11-05,50,4,0.7181631531650587,50,28.650337802059042,6.096783082002368,0.6431915103251978,11,11,1.1994736996224822,-0.0594184726533498,0.17276274383814885,5.204170427930421e-17
2020-11-06,50,4,0.7181069994543203,50,27.68183212879651,6.311794540797317,0.6389108643238408,11,10,1.171796134344341,-0.07604439232231078,0.18318880497906226,5.724587470723463e-17
2020-11-09,50,4,0.7220482262278991,48,25.02094762302667,6.9911876285542425,0.6916495893229218,10,10,1.0689332176118462,-0.03937805103372996,0.10094946195842192,2.7755575615628914e-17
2020-11-10,50,4,0.722256127095859,50,25.739000984597162,6.805535485331726,0.6944675190873987,9,10,1.0586246804748025,-0.02923791700639531,0.16720375024910936,5.551115123125783e-17
2020-11-11,50,4,0.7216383320603965,50,25.20878635987517,6.929950598467208,0.6926367836762054,10,11,1.2242165796152618,-0.09359025379340971,0.22515674919932702,3.139849491518021e-16
2020-11-12,50,4,0.7215342607671864,49,26.84719742591845,6.506194547237015,0.6900830076631919,12,11,1.3181595425081527,-0.11980207355591849,0.24239527155909768,2.7755575615628914e-16
2020-11-13,50,4,0.7213745635899012,50,26.690304151312127,6.5445366370812685,0.6898402943165104,10,10,1.2302405568548358,-0.12334668064318653,0.2450365386652852,2.067790383364354e-15
2020-11-16,50,4,0.7208344518319343,50,27.191036152312428,6.424095693460492,0.6852363410480686,12,10,1.3512353975382665,-0.12995677589910315,0.22237460318245836,1.942890293094024e-16
2020-11-17,50,4,0.720582006333339,50,28.011164284646153,6.235843962698841,0.6836181899186906,11,11,1.3576188967489105,-0.11772954324821602,0.2700057970792008,3.469446951953614e-17
2020-11-18,50,4,0.7202967840966019,49,25.563353569529152,6.832948933167828,0.6805060171747499,9,10,1.24481354043926,-0.11919590171685919,0.407206686887292,1.3921155894713877e-16
2020-11-19,50,4,0.7200228996895801,49,27.182360206310673,6.425972144264132,0.6791128724258689,11,10,1.3464700169138133,-0.05985249832220947,0.4295054163600074,2.636779683484747e-16
2020-11-20,50,4,0.7197663445433325,49,28.024793311561083,6.232805628901756,0.6782220912818976,11,12,1.4228223624219838,-0.036069286058048176,0.4217771983919974,2.914335439641036e-16
2020-11-23,50,4,0.7196415694256579,48,29.98062915431897,5.8262411230416085,0.6772296879854148,13,12,1.5187637514825651,-0.012560041784487469,0.4754467186226633,5.464378949326942e-16
2020-11-24,50,4,0.7194632340492315,49,27.978206379851766,6.243183967178659,0.6774545668967885,13,10,1.4228744762255483,0.04156057747974469,0.5648583289520264,2.1510571102112408e-16
2020-11-25,50,4,0.7190867727965556,50,25.165737581431344,6.9412934020089985,0.6744028779493015,14,11,1.506013390118676,0.04149259208668771,0.6217975476041862,3.469446951953614e-16
2020-11-26,50,4,0.7181861532080438,49,26.47797523956477,6.596920191997936,0.6740477560475501,14,11,1.5506733551189624,0.04902386094104924,0.6543932462870069,4.0245584642661925e-16
2020-11-27,50,4,0.7179983434175946,50,28.622441723787176,6.103351492739778,0.670836209773722,14,10,1.4266635014483315,0.005249576476583931,0.5416963100428376,2.220446049250313e-16
2020-11-30,50,4,0.717508344247671,50,28.209842693862505,6.192155068400996,0.6695374203008079,12,9,1.3151941187458378,-0.0018471967390034372,0.5751286133619826,4.2327252813834093e-16
2020-12-01,50,4,0.7171780681540194,49,29.977995834491576,5.8267100464445925,0.6690183971290071,12,8,1.2731246010734338,-0.005166498590173381,0.5398566367902983,3.608224830031759e-16
2020-12-02,50,4,0.7169144590908963,50,29.48062903728291,5.927259278143106,0.6649455422873548,12,10,1.3858950307084485,-0.027445633315740042,0.6027182378802403,3.400058012914542e-16
2020-12-03,50,4,0.716789312992995,50,27.00435791113884,6.4683489608474405,0.665485393068385,11,10,1.3719334923916287,-0.05936396699106006,0.5679148970268968,3.469446951953614e-16
2020-12-04,50,4,0.7167951484580307,49,29.5991680335757,5.90128375577876,0.6635326603507044,10,9,1.2336585219306313,-0.033839651924069555,0.4433533053118797,1.6306400674181987e-16
2020-12-07,50,4,0.7169056840180381,49,27.97358764221872,6.244214783429618,0.6627288216828425,12,9,1.315960512577186,-0.053410995570857225,0.3890370589313734,2.8796409701215e-16
2020-12-08,50,4,0.7168709606960078,49,28.5562385882744,6.116810131038388,0.6673099243780424,11,9,1.1655220254904113,-0.05344796152651872,0.20695141816050916,9.71445146547012e-17
2020-12-09,50,4,0.7166167957742762,48,29.68107817062206,5.88641164666268,0.6680392632822928,11,6,1.0148954993006056,-0.02771830289450187,0.32628868123284055,3.920475055707584e-16
2020-12-10,50,4,0.716364058163237,49,30.148989428652474,5.793663164547181,0.667567454044892,11,4,0.9602833517897005,-0.007080641982886646,0.4163557922130454,9.71445146547012e-17
2020-12-11,50,4,0.7165853498265531,49,29.169935281968478,5.988120570465617,0.6675045577158465,12,5,1.0363216439809784,-0.02799938894419375,0.38322467168324015,2.3592239273284576e-16
2020-12-14,50,4,0.7163692342841003,49,29.312942345891294,5.958906732731646,0.6512343204034472,13,6,1.1877857337108242,0.011675683279219362,0.4233941388730846,1.3183898417423734e-16
2020-12-15,50,4,0.7161208167886237,49,25.189510996566803,6.9343580955149635,0.6509985895166582,13,7,1.2008067217815022,0.012176656342465429,0.31437399034087016,1.1102230246251565e-16
2020-12-16,50,4,0.715570596648539,48,25.322753224840778,6.90511259104737,0.6512990479487606,13,6,1.1625978136893245,0.012953667205657013,0.3452176453644921,1.3530843112619095e-16
2020-12-17,50,4,0.7155220790703349,50,26.26814641369439,6.649616311446278,0.6507115573122753,13,6,1.1603695467885897,0.012175716959512917,0.3455284611922388,1.5959455978986625e-16
2020-12-18,50,4,0.7152528757691479,49,25.614030449821716,6.819430071471708,0.6512641888773488,13,5,1.0853649896964033,0.004957513139724699,0.3867645395936504,7.73686670285656e-16
2020-12-21,50,4,0.7162849457971345,50,26.708416126835466,6.545140900329747,0.6579344427132823,12,5,1.0134330204454332,0.0023693123783330456,0.35688559426085154,1.9081958235744878e-16
2020-12-22,50,4,0.7162362241823739,50,28.393568727043103,6.157188766745742,0.6607086589214177,12,5,1.0166651745804347,0.00219447463023484,0.3609957702175359,1.0408340855860843e-16
2020-12-23,50,4,0.7162175706579512,50,26.239643753840326,6.65691205916913,0.6608879811245135,11,6,0.9993113969803755,0.012499450735600048,0.26486461826152874,1.214306433183765e-16
2020-12-24,50,4,0.7161182552625645,49,28.75408564649889,6.074722446351706,0.6687800156261641,10,6,0.8980235195456214,0.04870911713441185,0.1592464419625655,9.540979117872439e-17
2020-12-28,50,4,0.7158552228594016,48,27.338106181901438,6.3899439986920665,0.6701056676498376,7,5,0.7333221587427604,0.025748997242476396,0.14730876370401375,2.2985086056692694e-17
2020-12-29,50,4,0.7158037466817346,50,26.94380411836797,6.482981579979098,0.6712242376704779,8,3,0.7246185313238993,0.006486905560337395,0.227831695049833,1.231653667943533e-16
2020-12-30,50,4,0.7159575542167171,49,27.39078660181845,6.377074599584876,0.671268053809823,9,3,0.7600569908910781,0.047593379792020676,0.20353003433847092,2.1684043449710089e-16
2020-12-31,50,4,0.716091642002447,50,32.865911956646514,5.322991365782393,0.6767906901530393,7,4,0.6638431899601767,0.10678792164587539,0.1611467948164691,5.724587470723463e-17
2021-01-04,50,4,0.7157269296875858,48,28.317615864037467,6.20748210098381,0.6765030571525046,7,3,0.613233037227044,0.12497355240763008,0.17645215459828192,6.678685382510707e-17
2021-01-05,50,4,0.715730214861861,48,32.6209096767217,5.3551822758048715,0.677132138754669,9,4,0.7698950768136269,0.11443179336170207,0.16366360604771926,8.543513119185775e-17
2021-01-06,50,4,0.7151317431007128,49,31.4298039149795,5.557562178040083,0.673298015649309,12,5,1.0198293419449707,0.11516038802756999,0.31107702475835325,1.9949319973733282e-16
2021-01-07,50,4,0.7145405169634914,49,31.1533189486145,5.60688541048287,0.6690395130968128,11,7,1.1257446097751735,0.08987547488960494,0.439437967511091,1.726049858596923e-16
2021-01-08,50,4,0.7141758032380572,50,32.57581432361049,5.362220749797305,0.6690094262344845,12,7,1.193724392238386,0.11335885487087922,0.47741801245386617,1.8951853975046618e-16
2021-01-11,50,4,0.7142811268898254,49,28.976889620837646,6.028013764993486,0.6632270480570612,11,6,1.1186223348343423,0.10640222862037292,0.5010373395604927,2.185751579730777e-16
2021-01-12,50,4,0.7139307822073128,49,36.26947600113697,4.815980509220221,0.6654416561366189,11,6,1.1614764311026249,0.1172310431463116,0.6002786255236287,7.875644580934704e-16
2021-01-13,50,4,0.7139055673030344,50,32.16000958488406,5.431582344499673,0.6649440395366633,12,4,1.0354637373828854,0.12494661605544313,0.4309520847675032,2.3245294578089215e-16
2021-01-14,50,4,0.7116752153442839,50,31.66848162723589,5.515681579593897,0.6576830956621752,9,6,0.88809742097156,0.06281587661725345,0.19848488991890212,7.632783294297951e-17
2021-01-15,50,4,0.7109016811136082,50,33.87410967228378,5.1580020617718345,0.6573592919255608,10,7,0.9821149403567222,0.08795449248678933,0.24149963715823167,9.71445146547012e-17
2021-01-18,50,4,0.7104209434654759,49,34.28153489599317,5.09525288266839,0.6571245477415638,10,7,0.9912545649526215,0.12272632779265538,0.17675403342871693,1.0191500421363742e-16
2021-01-19,50,4,0.7097442800507839,49,36.27084133464443,4.815799222563541,0.6549813986409919,12,8,1.2561132050609516,0.09454005243009819,0.3338066843009442,2.2898349882893854e-16
2021-01-20,50,4,0.7084261182037711,50,35.904702709523704,4.8692312156258595,0.6574863862633653,13,10,1.4064267900152092,0.1374420250072744,0.35576261798158004,3.0531133177191805e-16
2021-01-21,50,4,0.7081315030292379,48,33.74388260938374,5.178320072576239,0.6530346336870302,12,9,1.3521827046904804,0.1396491127335372,0.4375607187332181,6.245004513516506e-17
2021-01-22,50,4,0.7076711677993037,49,32.82767304273772,5.320909869965582,0.6272079300470206,12,8,1.2947306982892737,0.14240735557007975,0.4118021888816325,3.122502256758253e-16
2021-01-25,50,4,0.7069693352853776,50,28.88723378793224,6.047369119154816,0.6336053808371193,11,6,1.051511651946298,0.1118877726113803,0.20152457118738049,9.71445146547012e-17
2021-01-26,50,4,0.7066150118639192,50,30.646630736319814,5.69968502641175,0.6321101126453658,11,6,1.0483560597819037,0.0831015120046947,0.20358079630526424,1.5265566588595902e-16
2021-01-27,50,4,0.7057719455821434,50,28.09396608113058,6.217814619197753,0.6338776340457347,13,6,1.177904997089564,-0.009844950460011478,0.29798266845253174,2.3592239273284576e-16
2021-01-28,50,4,0.7046663027225158,49,29.36335896313851,5.9486753446832585,0.6256658455852357,12,6,1.101382911380863,0.004250979720372618,0.24978277484322667,9.367506770274758e-17
2021-01-29,50,4,0.7053407172816857,50,27.798488009850168,6.283704199278743,0.6293435679901763,14,5,1.1808451299857021,-0.057631209352629185,0.4779779663156035,6.938893903907228e-16
2021-02-01,50,4,0.7059496433679625,50,33.36202426784209,5.23598442193072,0.6338128843714327,16,5,1.293325942524521,-0.02559422275036176,0.5602310433100759,2.671474153004283e-16
2021-02-02,50,4,0.7065116660568925,50,32.8270658934328,5.324826027243386,0.6395413595192452,11,7,1.0756864370664585,0.01930860850480462,0.2253474225317014,2.498001805406602e-16
2021-02-03,50,4,0.7059452003604976,50,30.134351258595306,5.812006256464407,0.562214208259066,10,8,1.2106880686909829,-0.08212879697220468,0.38661291242318097,2.3071822230491534e-15
2021-02-04,50,4,0.7054873238708964,50,33.0270179801832,5.2913547235235505,0.5478062826668222,10,9,1.2166120643383833,-0.0630438443290211,0.28256287301418265,2.0816681711721685e-16
2021-02-05,50,4,0.7051097657217289,50,32.077622890126435,5.447674476863124,0.5408935665826994,10,8,1.0937053370825809,0.05238544487812242,0.22866237303891815,3.0878077872387166e-16
2021-02-08,50,4,0.7054126993166772,50,37.244620160018016,4.69279590977234,0.5365253992275076,9,9,1.0743889457078981,0.053419204324523475,0.17946757004927594,1.1796119636642288e-16
2021-02-09,50,4,0.7053234629090784,49,35.968444089599224,4.856287057232352,0.5377105279814762,10,8,1.0621418477251776,0.014353120069315065,0.14229814233654647,1.3877787807814457e-16
2021-02-10,50,4,0.7048204770298643,50,41.61707662809626,4.197664496806289,0.5338704533738178,9,7,0.9294568578035876,0.036039149247977034,0.14718124696797205,9.020562075079397e-17
2021-02-11,50,4,0.7045856947584542,50,39.01769760431014,4.4785380091521,0.536714913258528,9,6,0.9582364849729419,-0.032549071277145895,0.16578954782469704,1.3877787807814457e-16
2021-02-12,50,4,0.7041068360421285,49,39.60462487728859,4.410421511182475,0.5348707909108976,8,6,0.9127400257803967,-0.03602875159462263,0.1991464676971984,1.249000902703301e-16
2021-02-15,50,4,0.7043280014183905,48,40.04353655322663,4.366336351770018,0.5359146121714459,9,3,0.7804163679336784,-0.002533366984443645,0.29327449950361056,2.480654570646834e-16
2021-02-16,50,4,0.7040731670545373,49,31.739954021010547,5.503255908483037,0.5365292680365636,9,5,0.8354674116494802,0.010950295294875328,0.16199245341464152,1.0408340855860843e-16
2021-02-17,50,4,0.700856947730096,50,35.05036527241208,4.983815812803076,0.5322286167504723,8,6,0.8332987126849125,-0.07795995011052191,0.13651582920599747,7.806255641895632e-17
2021-02-18,50,4,0.7002431216383728,50,36.119268230137635,4.836273182978346,0.5193620582266619,10,6,1.06594095967282,-0.10524700399768441,0.28968398759559155,2.0816681711721685e-16
2021-02-19,50,4,0.7003256168227916,50,34.93750581534549,4.999633842674001,0.5202293893003384,9,6,0.9763531695994072,-0.11899782034230101,0.2699712835092208,9.020562075079397e-17
2021-02-22,50,4,0.6985354960657256,49,34.42534707649877,5.073967420370635,0.5161675457955881,8,6,0.918094303139523,-0.10503384165752834,0.23180679910136098,2.0122792321330962e-16
2021-02-23,50,4,0.6965915295522838,49,32.901442926802936,5.308979605840022,0.5206741548831011,9,7,0.9787115013146765,-0.13855762127575844,0.23464694806080644,7.771561172376096e-16
2021-02-24,50,4,0.6969907775441758,50,37.76201212534945,4.62570254043358,0.5215365206537332,10,6,1.0445340069263966,-0.16787659011299108,0.27874536741539446,3.191891195797325e-16
2021-02-25,50,4,0.6960080274626642,49,34.6241691799113,5.044831215833197,0.5095098689238703,8,5,0.899493705537775,-0.1544892089732424,0.2906590016659688,1.3877787807814457e-16
2021-02-26,50,4,0.6954043225322226,49,30.44742645562507,5.736875323623153,0.5101673275485858,9,7,0.9963952908431355,-0.14324538914862472,0.2493892125947887,8.326672684688674e-17
2021-03-01,50,4,0.6956029461852169,50,31.501226571794,5.550797126517158,0.5162207285918993,10,6,1.0180977414537922,-0.14626088985568497,0.3299129219532753,1.6046192152785466e-16
2021-03-02,50,4,0.6932330064375672,50,29.78761059980323,5.865740268962229,0.5164157681195871,10,6,1.0082859161199156,-0.1391687151928895,0.36299168794633097,1.8388068845354155e-16
2021-03-03,50,4,0.6824634277694314,49,30.630718891089952,5.702546196260387,0.5191411208696718,9,7,0.9672594159754331,-0.12140917131581545,0.2263006406010511,1.0842021724855044e-16
2021-03-04,50,4,0.6821888085247502,50,30.692997958636383,5.691113503362954,0.5205209170183658,10,6,1.0193068463657828,-0.16501831439995782,0.3564407433607537,1.7867651802561113e-16
2021-03-05,50,4,0.6839575258691308,50,29.50857195280757,5.9194202611624185,0.5251660805742955,11,4,1.0313727552397465,-0.16253915914863337,0.5206970630391168,2.42861286636753e-16
2021-03-08,50,4,0.6540968853660483,50,31.807825882782524,5.491588473626479,0.5381492704833452,12,3,1.061489030767205,-0.17588274292693987,0.5889194081672985,1.3530843112619095e-16
2021-03-09,50,4,0.6565907879176021,50,32.58569620272188,5.360451408527022,0.5347316067055897,10,4,0.994562414256872,-0.16352865493223695,0.413052972367787,7.806255641895632e-17
2021-03-10,50,4,0.6517530577119044,50,30.978660598346156,5.63849715021046,0.5331018094972962,10,5,1.012961996797465,-0.14637332183040222,0.37921542993840746,3.0357660829594124e-16
2021-03-11,50,4,0.650324747452027,50,31.68356288311381,5.513094632356653,0.5295841533092303,11,7,1.1745124922284247,-0.22785804878219867,0.44157517523565953,4.874572967494828e-16
2021-03-12,50,4,0.6452333919239532,50,32.96811007040868,5.3028668039897715,0.533837954761718,12,9,1.3339802561000518,-0.2803761737922503,0.4425819161642176,2.1510571102112408e-16
2021-03-15,50,4,0.6468400820878673,50,33.49809607383362,5.236051613716143,0.5320544952966071,12,10,1.397973996209187,-0.28644393361981235,0.37988857248027846,1.3877787807814457e-16
2021-03-16,50,4,0.6462543903898459,50,34.23085585646366,5.102802207380836,0.5324533291592201,13,9,1.4442211384385975,-0.24841788701719647,0.48514707322331857,5.412337245047638e-16
2021-03-17,50,4,0.645137000668324,50,33.0705573267191,5.282356668547256,0.50809753941889,12,3,1.1427545361099523,-0.21108373871054564,0.6629938147648502,1.6653345369377348e-16
2021-03-18,50,4,0.6248432076846396,50,34.29387414861874,5.0976982250268765,0.505537469117981,12,4,1.135579653375915,-0.18749438642299704,0.5984906051793422,2.7755575615628914e-16
2021-03-19,50,4,0.6245370181616718,50,33.166960116677316,5.268111398288711,0.5074344210488355,11,5,1.0698695904499114,-0.2047462726892678,0.5052022752796871,1.3183898417423734e-16
2021-03-22,50,4,0.6262718996191523,50,35.191034254324464,4.963571369543333,0.507223940501067,11,5,1.0894870115040285,-0.212378627911035,0.5132708960985343,5.551115123125783e-16
2021-03-23,50,4,0.6220660192424708,50,34.29562436526581,5.093162119031396,0.5071513969160547,11,5,1.07804708217575,-0.19124971828397688,0.4544543444146033,1.6653345369377348e-16
2021-03-24,50,4,0.6231139398192094,50,34.62601531205253,5.044609181895903,0.5051000477147098,8,6,0.9266724872576256,-0.18558194461985386,0.3002196671142495,1.3877787807814457e-16
2021-03-25,50,4,0.6251226324072313,50,33.36666292456539,5.235092817694127,0.5013240350394522,9,8,1.0491168741032286,-0.19193128260353218,0.23911011252337488,2.463307335887066e-16
2021-03-26,50,4,0.6216815290427675,50,32.470844737826944,5.382773690905086,0.5005334394972834,9,10,1.0845302352684079,-0.15333282221034034,0.1322707698771094,8.326672684688674e-17
2021-03-29,50,4,0.6229318877828511,50,32.94304135416002,5.3022767156599855,0.5023607330982904,8,8,1.0150613851197214,-0.12338465853794355,0.2011872335513152,1.0408340855860843e-16
2021-03-30,50,4,0.6250213192553882,50,29.65999796084911,5.889197644436212,0.504988882537946,9,8,1.075205727865076,-0.14629110781312485,0.2708063688454645,1.8041124150158794e-16
2021-03-31,50,4,0.6208585022829982,50,29.706872302218336,5.880291678320434,0.5009852682506744,10,9,1.1990573238461317,-0.11258442370408102,0.32076274657749276,1.5265566588595902e-16
2021-04-01,50,4,0.6204282907652942,50,33.46565244844092,5.219632325564831,0.5043819912548222,7,9,1.0383812129336651,-0.1294122842497224,0.39542580393034665,8.326672684688674e-17
2021-04-06,50,4,0.6208182628911842,50,32.35179484592738,5.400938773412266,0.5027533107084201,7,9,0.9870390312929456,-0.10968069087730328,0.3451971534811392,4.85722573273506e-17
2021-04-07,50,4,0.6219774711394425,50,35.19480113624137,4.96311002194176,0.5010545158095082,7,8,0.848587249384122,-0.02030644093247379,0.1570234917215905,6.938893903907228e-17
2021-04-08,50,4,0.6236898035912544,50,34.49841889719336,5.063520086663196,0.504012199928248,6,8,0.7982860568915523,-0.023491045026905633,0.11550312376388365,9.8879238130678e-17
2021-04-09,50,4,0.6194331732523789,50,32.90830833385391,5.3081332638175205,0.5042927033685921,4,9,0.846422247215573,0.020285512535483087,0.3086434877271101,9.194034422677078e-17
2021-04-12,50,4,0.6206115398525063,50,30.453078815033944,5.7367806609642,0.5149737936961889,4,10,0.9402063912695809,0.07212851710361226,0.4129762927303912,3.5214886562329184e-16
2021-04-13,50,4,0.6188602443188036,50,34.6445831666098,5.0419875408780985,0.5143374419392477,4,12,1.0378908875161277,0.10408996264718307,0.5145956770073014,4.510281037539698e-16
2021-04-14,50,4,0.619097931717685,50,35.307725446696274,4.951288485955944,0.5162508663998719,4,10,0.9188792096912608,0.12121632378003648,0.40211039696388107,9.540979117872439e-17
2021-04-15,50,4,0.6148735358887454,50,32.676812832737355,5.345885358839164,0.5177881099004359,5,8,0.806969488808843,0.1051976059621831,0.23421368459324773,6.245004513516506e-17
2021-04-16,50,4,0.6153646293846099,50,33.437346162451874,5.2238925431999235,0.5193041103287444,5,6,0.6937506901479907,0.12353764020353976,0.20769771877909546,4.683753385137379e-17
2021-04-19,50,4,0.6168131118579484,50,33.275110598617644,5.249498533158814,0.5185129789009667,5,7,0.7834717788443424,0.16705032120410887,0.2597594377580092,2.636779683484747e-16
2021-04-20,50,4,0.6177763356038325,50,33.489897473511455,5.21602674624033,0.5320236815827152,5,8,0.8199519175843334,0.14042861254102246,0.30034979131050416,2.96637714392034e-16
2021-04-21,50,4,0.6151436882443393,50,34.332016218354376,5.092566192201632,0.5140095549998382,3,8,0.8134592891511664,0.12435486662099009,0.3049286997174175,1.6306400674181987e-16
2021-04-22,50,4,0.6150111944041989,50,36.504749318353916,4.785155185197311,0.5136227608158608,4,10,0.9341471486441622,0.11461268808021252,0.3277208260411161,1.48318857196017e-16
2021-04-23,50,4,0.6136442694088635,50,33.14567810206457,5.2705023025070155,0.5085876443063179,6,10,1.0742922618608917,0.15597155107853367,0.32804881408388264,1.0234868508263162e-16
2021-04-26,50,4,0.6129940813724232,50,34.65618079889566,5.042967025405169,0.5119127590428658,6,12,1.1419966319045587,0.11464167033961764,0.35014510398263304,1.196959198423997e-16
2021-04-27,50,4,0.608003739572867,50,30.444003047613194,5.737584378045753,0.4979431951167065,8,11,1.1934751643748416,0.1991016926363111,0.3666897804702965,1.249000902703301e-16
2021-04-28,50,4,0.6085780754607132,50,30.61220458026111,5.706539154298833,0.49286302223692324,9,9,1.1347614348650845,0.19102296957153525,0.35861929880110793,1.1796119636642288e-16
2021-04-29,50,4,0.6093373516481067,49,30.74554386991035,5.681248971889322,0.4825013988416231,8,9,1.0651563203812542,0.17435177267770713,0.30970194711382804,1.3183898417423734e-16
2021-04-30,50,4,0.6089977514216187,50,36.40336630255687,4.799189919975094,0.4832141823942906,8,9,1.0349444475066805,0.199450371356415,0.17869538807190957,1.4622634700311998e-15
2021-05-03,50,4,0.6101439099042129,50,36.23784123703359,4.820251323464275,0.4827883642126817,8,11,1.1348139374864754,0.1764412652216827,0.3459552707788103,1.0148132334464322e-16
2021-05-04,50,4,0.6122609605266687,50,37.080837702287695,4.7107878179225615,0.4995610941381182,9,14,1.3220662713034765,0.12069677124015933,0.4188859546517689,1.1405806854547507e-16
2021-05-05,50,4,0.6147510515794393,50,34.88570023672542,5.007145895904669,0.5050857174716623,12,12,1.2670819098643589,0.10404062838561633,0.1257421742129896,7.979727989493313e-17
2021-05-06,50,4,0.6121741636381866,50,35.030204223926155,5.006639652085228,0.5028826582437262,13,11,1.3165470165441884,0.13232854742455552,0.17513484250282665,1.3183898417423734e-16
2021-05-07,50,4,0.6104852970407308,50,34.410437277192,5.076495393759823,0.5036480048164684,13,11,1.4090306331976539,0.18499949642772387,0.3230013535550856,8.326672684688674e-17
2021-05-10,50,4,0.6110671554670528,50,38.79274418377251,4.507475959374201,0.5032529148107174,14,13,1.5445897901878833,0.17524057080524755,0.2732116611536721,1.6653345369377348e-16
2021-05-11,50,4,0.6040047811058842,50,39.89250150689566,4.37938810987494,0.5245369635911381,15,12,1.5491681948493439,0.13574199213095967,0.28788320023725894,1.1102230246251565e-16
2021-05-12,50,4,0.6049886795217017,50,37.784217002602446,4.624239064420339,0.5226595186527507,12,13,1.4551488392996144,0.14451146908942444,0.26320550472572624,8.257283745649602e-16
2021-05-13,50,4,0.6049162064478706,50,34.39295275626718,5.133341242277305,0.5253987541920648,12,11,1.259597100208322,0.11295311789001528,0.20798147747472412,1.3877787807814457e-16
2021-05-14,50,4,0.6048896862392921,50,37.923396612552494,4.606579138455491,0.5346347620679718,11,10,1.2003006175911608,0.11076476003252202,0.22733653875451587,1.5959455978986625e-16
2021-05-17,50,4,0.6049197596848115,50,41.46492735544864,4.241715618988714,0.5347982140889737,12,10,1.210490768428154,0.044101037122152784,0.16705574688796432,9.71445146547012e-17
2021-05-18,50,4,0.6041810034782176,49,40.94074731263495,4.266485127085098,0.5354046350939133,10,7,1.013785760320577,0.041851317269705084,0.23114288172685118,1.4224732503009818e-16
2021-05-19,50,4,0.6049853711799739,50,35.95244382512483,4.858708906015833,0.5475746951609467,10,7,1.0688489286547675,0.016236056799854875,0.22880327895926184,8.326672684688674e-17
2021-05-20,50,4,0.6068389925876634,50,43.06518337187268,4.056019465788046,0.5536230822626159,8,7,0.9301468331814571,0.021346021606414346,0.31182779409806927,1.1102230246251565e-16
2021-05-21,50,4,0.6058930732982472,50,37.90873326783735,4.607957117227967,0.5540054564819715,8,9,0.9836415012595432,-0.0002348159346304661,0.19277021530447874,7.28583859910259e-17
2021-05-24,50,4,0.6055091427021746,50,47.567239232928785,3.680722341042343,0.5641520915514752,9,8,0.9914209190099591,-0.013898971867869108,0.2508181084793102,1.249000902703301e-16
2021-05-25,50,4,0.6050830398108996,50,42.17843839806872,4.146332892637838,0.554782936681623,10,7,0.9875863909002458,-0.03343077572985477,0.164636067652085,1.249000902703301e-16
2021-05-26,50,4,0.6026014164563946,50,41.52188727712061,4.2068359491151694,0.5476301725444307,10,6,0.9500589536088925,0.016924224367737148,0.2161718058531385,9.71445146547012e-17
2021-05-27,50,4,0.5982322642478396,50,42.93878222613995,4.068723024327696,0.545178248752526,9,7,0.9425884113044803,0.01811588622961142,0.16527742917342966,2.1597307275911248e-16
2021-05-28,50,4,0.5989682045659475,50,46.203259841985556,3.780544592792272,0.5427285450300208,11,7,1.0389148232267955,0.016983237763657753,0.19629968237253237,4.0072112295064244e-16
2021-05-31,50,4,0.5953125802774349,50,39.897458698149094,4.380453822783345,0.544846118586228,10,6,0.9335507672276073,0.04290701496191693,0.20307112597115246,9.410874857174178e-17
2021-06-01,50,4,0.5956711156503013,50,41.1117497067401,4.250245919004906,0.5433917625726826,9,7,0.9119325458964388,0.02782494140623514,0.1990485306783692,7.806255641895632e-17
2021-06-02,50,4,0.5948808490153513,49,40.748357283920235,4.2866289868827225,0.5261179900795208,9,6,0.8371593095818995,0.058254413903197154,0.22576066108301784,1.491862189340054e-16
2021-06-03,50,4,0.5947734316282133,49,38.027302151032856,4.593360023473607,0.525137995193122,9,6,0.8829857435911689,0.05609563742633531,0.22889130724699672,8.847089727481716e-17
2021-06-04,50,4,0.5856141952424191,50,39.67096666133823,4.403419593228488,0.5226943148519809,10,6,0.909950553873033,0.05349046651104322,0.22632884993952834,1.4268100589909238e-16
2021-06-07,50,4,0.5855997345606044,50,36.24259562687357,4.820259459460026,0.5189421816600454,11,8,1.1025320945032087,0.05534160912247248,0.3166888303688943,1.48318857196017e-16
2021-06-08,50,4,0.5860602907631196,50,39.52826899163892,4.418962641152497,0.5177366871493977,14,6,1.1604672597716907,0.04437111939524357,0.36265050292641676,3.0531133177191805e-16
2021-06-09,50,4,0.5813077036982036,50,36.37656439542364,4.8019063310206205,0.5196876844574546,14,8,1.2118743898836377,0.03629912104132409,0.3076657724557787,1.8041124150158794e-16
2021-06-10,50,4,0.5808680755557953,50,39.36164862957334,4.437677499011001,0.519023240575126,15,7,1.178180784018228,0.008097436068931492,0.3431245597366944,1.3183898417423734e-16
2021-06-11,50,4,0.5809729279458158,50,33.82109595498415,5.1660921020857336,0.5250345107833478,13,8,1.1404507338831529,0.001439771734414605,0.21856380422360688,9.367506770274758e-17
2021-06-14,50,4,0.5812184218161585,50,30.4421660415972,5.738646675726416,0.5240121079598744,13,9,1.197133485845288,0.017399639680854447,0.28209468865577697,1.0061396160665481e-16
2021-06-15,50,4,0.5814272357403367,50,31.291800107156035,5.599469288185852,0.5176542616855722,12,8,1.0891136500340253,0.0188769326847212,0.14810067375333233,5.030698080332741e-16
2021-06-16,50,4,0.5809238726561529,50,28.569281089691987,6.114425718775548,0.5127501737940233,11,4,0.9198187130935069,0.006707306454021922,0.3503233928049242,6.938893903907228e-17
2021-06-17,50,4,0.5756014538466678,50,29.96297873130526,5.832049585054751,0.5117200442311123,9,3,0.7575455588218956,0.024919761919999322,0.3202558234848203,3.3371742869103826e-16
2021-06-18,50,4,0.5769650695260334,50,33.25225357056205,5.255430414179484,0.5275005890775959,11,4,0.8858376669589428,0.020247845728179455,0.28061697788879125,1.4311468676808659e-16
2021-06-21,50,4,0.5769703298120582,50,32.50196362368453,5.388445773835917,0.530751891970838,11,8,1.0805461407194044,0.01699522765361805,0.2417629462225308,1.0766127572781059e-16
2021-06-22,50,4,0.5766083118185917,50,31.44222970698248,5.555775449042498,0.5301003196900906,12,7,1.114309315636275,0.024144054043550807,0.3119027116085198,9.237402509576498e-17
2021-06-23,50,4,0.5769077244129305,50,29.646089830606904,5.8931733691021595,0.5281507544354702,10,6,0.959467348598631,0.002977509735882145,0.23378367726210292,1.3791051634015616e-16
2021-06-24,50,4,0.5774128812147092,50,33.11713022064933,5.275202368711721,0.5263885724632988,11,6,0.954193362297592,-0.0089596811357097,0.2105445485610075,8.239936510889834e-17
2021-06-25,50,4,0.5736027341327482,50,31.21669066923124,5.596139815495318,0.5215828956639894,11,7,1.0090642736955442,-0.00194289979416518,0.1385062815272305,1.5959455978986625e-16
2021-06-28,50,4,0.5738009709102075,48,32.07347303195484,5.446125629318851,0.5289987746401714,12,6,1.0589820505369214,0.0006775076627272168,0.24101372801823223,3.400058012914542e-16
2021-06-29,50,4,0.5729469397967989,48,32.838287973092875,5.322391254237276,0.5306712068125519,11,6,1.0230370898907235,-0.047665741515566205,0.2936220330423516,9.71445146547012e-17
2021-06-30,50,4,0.5735975540461551,48,32.34659334106394,5.400100371427111,0.5382813375390105,12,7,1.110695381380702,-0.02738189587669772,0.22298884411579728,2.1098574276567916e-16
2021-07-01,50,4,0.5738227906087818,49,32.5028573543839,5.37408411810129,0.5384410816757237,13,8,1.1947193256939341,-0.023774261365789372,0.2920815263070726,1.4311468676808659e-16
2021-07-02,50,4,0.5738336662725975,49,33.65861303662927,5.189551016585762,0.5401201061978308,13,8,1.1827750430468982,-0.0327718178990916,0.30789153651060985,4.0939474033052647e-16
2021-07-05,50,4,0.573639350815163,49,32.79805938800181,5.325714166034016,0.540774682367639,13,9,1.2464335918410931,-0.033207157907457416,0.3145131992749889,1.491862189340054e-16
2021-07-06,50,4,0.5737681606234467,49,31.23341562467017,5.592506807457143,0.5472748554037431,13,7,1.172836951594439,-0.0071585368288001345,0.30197483449701906,2.636779683484747e-16
2021-07-07,50,4,0.5730910362295853,49,29.25073017634948,5.97158048527408,0.5508261705538909,12,7,1.1208295118795435,0.001286106304749855,0.23761763757908883,1.457167719820518e-16
2021-07-08,50,4,0.5753080082145903,49,29.66804142773115,5.887584117293187,0.5669322863741268,13,6,1.1620495551344858,0.019041928609440945,0.3146939094783358,2.6020852139652106e-16
2021-07-09,50,4,0.5761683984115972,49,28.75221587210284,6.075117489312701,0.574777703806527,12,6,1.1144145435250503,0.0010977273831575393,0.2536981061354697,2.5673907444456745e-16
2021-07-12,50,4,0.5765659944828685,49,28.565429623250612,6.114842024253414,0.5752490091605356,12,9,1.2303792772567137,-0.019338775805441435,0.24188633881493968,1.734723475976807e-16
2021-07-13,50,4,0.5765393617628606,49,26.590980898321266,6.568884772209874,0.560923241992378,12,8,1.1463544858393953,-0.008944714986953775,0.17892784921680782,2.42861286636753e-16
2021-07-14,50,4,0.5770592260023532,49,27.236453565290706,6.413209747825032,0.5672429617817618,8,8,0.891383334079002,0.02935555093795356,0.10223320798046746,6.938893903907228e-17
2021-07-15,50,4,0.5771897952856073,49,29.157911565208742,5.990589864794239,0.5706453794792645,9,9,1.01968012191968,0.02337576653937632,0.16316023124097345,1.2351231148954867e-15
2021-07-16,50,4,0.5783538732334121,49,30.718576803423524,5.6862363975677175,0.5704312995122692,9,10,1.1762183863740083,0.005502572652869738,0.288040601477684,1.8041124150158794e-16
2021-07-19,50,4,0.5804069376893437,49,29.590577026573023,5.902997070460834,0.5962932561048564,8,10,1.1029290806871894,0.013902249353340241,0.2625121689312261,3.5388358909926865e-16
2021-07-20,50,4,0.5803894554945712,49,29.422012361931884,5.936816535605486,0.5990126536285589,11,9,1.24818456398206,0.031032404427677237,0.3503461807974097,2.220446049250313e-16
2021-07-21,50,4,0.5826765754926386,49,31.506238277466938,5.54407949190276,0.6103425745973041,11,9,1.2424996568765065,0.04145440949448712,0.34129389693001627,2.983724378680108e-16
2021-07-22,50,4,0.5832453209991412,49,30.709525804268573,5.687912298431744,0.6123230215333223,11,9,1.2309134430508997,0.01514237380871911,0.38052013765762416,1.1796119636642288e-16
2021-07-23,50,4,0.581152297020181,48,34.54212542454856,5.059135710799888,0.6176285631957187,10,10,1.227789776716221,0.02586258092907179,0.37037827762403275,3.3306690738754696e-16
2021-07-26,50,4,0.5814457168855849,50,32.46553683385805,5.38306573535613,0.6204790653209975,12,10,1.349599058798042,0.03514383079085508,0.368340628745186,2.463307335887066e-16
2021-07-27,50,4,0.5804047345783607,48,37.24032032125615,4.6906211827539614,0.6139176368121422,12,10,1.3646836567988725,0.026612337306111546,0.47920591463051676,1.1796119636642288e-16
2021-07-28,50,4,0.5813351424907253,48,36.7006699246904,4.761367049743562,0.6079885246188179,9,9,1.1520058094645542,0.05259134485316606,0.4839521614900069,2.0122792321330962e-16
2021-07-29,50,4,0.5812694118673317,48,34.3871163485585,5.08438195184132,0.6036673232396571,10,8,1.2129480181839578,0.0812821750243003,0.4690182231142425,2.7755575615628914e-16
2021-07-30,50,4,0.580934193397903,47,35.923308523287076,4.862388701972575,0.6026777295641382,9,6,1.1067167356226748,0.06428045649954843,0.37972086911436875,3.885780586188048e-16
2021-08-02,50,4,0.579501607320186,48,35.72686025987021,4.891402239943465,0.5973149856597234,10,8,1.2691132162885268,0.10192253125891443,0.5341480742714801,2.949029909160572e-16
2021-08-03,50,4,0.5778404291798832,49,36.465393525795676,4.790105703303111,0.5745839570773988,8,10,1.2225970590895283,0.04615757252638153,0.59689822843195,2.220446049250313e-16
2021-08-04,50,4,0.5755152158427218,49,37.24230900440089,4.690178836131381,0.5708708723096472,8,8,1.0653726099853942,0.009219833014247593,0.4440903158543761,1.5265566588595902e-16
2021-08-05,50,4,0.5737903532911283,49,39.03523636779442,4.4747542414068295,0.5643949864832098,8,9,1.1053726166224351,0.030174688021323056,0.43699257836329236,1.249000902703301e-16
2021-08-06,50,4,0.573666665409834,48,39.25998354168915,4.449175720024812,0.559067565321102,8,8,1.0766741128035513,0.030571106452844304,0.3861510243153889,8.326672684688674e-17
2021-08-09,50,4,0.5725603481910579,50,37.90048052134457,4.613984384978969,0.5617816613812356,9,10,1.139566871571862,0.07071554059449073,0.26438407773031547,2.0816681711721685e-16
2021-08-10,50,4,0.5725073585169443,49,39.298133960904664,4.4448189238419795,0.5613947600358474,10,12,1.2456108897297047,0.07291440733541374,0.22304150106424528,1.249000902703301e-16
2021-08-11,50,4,0.5723868975928862,49,38.453694040170184,4.542426777480366,0.5513867477683237,11,13,1.3472146978130446,0.0979285517262674,0.24063866427703695,2.7755575615628914e-16
2021-08-12,50,4,0.5719950795053338,50,37.81296582123067,4.620492447422187,0.5408915819265558,12,12,1.334151621503655,0.1045288642399297,0.22221230381830942,8.326672684688674e-17
2021-08-13,50,4,0.5710139173524701,50,37.09815076253705,4.709916107787489,0.5401936947404697,12,13,1.3945447977568417,0.08662729078829606,0.21306888762431161,2.7755575615628914e-16
2021-08-16,50,4,0.5713009026133177,50,35.34939645568611,4.94151833785311,0.5407585362675487,12,12,1.3555620481603086,0.06961261715701353,0.22399343331387264,7.389922007661198e-16
2021-08-17,50,4,0.5695019758649165,50,31.245863984465565,5.5904103177281135,0.5432036634280208,11,12,1.3032327738677356,0.0487693747187917,0.21922716752071997,2.3592239273284576e-16
2021-08-18,50,4,0.5685144631405418,50,30.59097045452472,5.715523226944155,0.540946574341,10,10,1.1130848658422714,0.04491332895965459,0.16511637350027988,5.689893001203927e-16
2021-08-19,50,4,0.5688936889424316,50,36.104511862233906,4.838761726322964,0.5588733591898698,9,9,1.003528177022909,-0.014468074042769126,0.14865650883592038,7.28583859910259e-17
2021-08-20,50,4,0.5684157928866224,50,37.36452358839453,4.678110443633246,0.5579943228119609,9,9,0.9905256820657837,-0.010833413445262577,0.11179474970587726,1.8041124150158794e-16
2021-08-23,50,4,0.5685625741196331,50,32.505333674090224,5.380971811438501,0.5565948832529469,9,11,1.1354944736425563,0.044675856523968605,0.17924874142079572,1.0408340855860843e-16
2021-08-24,50,4,0.5682010015817903,50,33.72567276269601,5.188555862948277,0.5559609847457659,8,10,1.0250895847709012,0.0797652010192374,0.1299502966972399,1.6306400674181987e-16
2021-08-25,50,4,0.5685705662056741,49,35.42160495648031,4.931258471086023,0.5567148267302847,7,7,0.8442309764109287,0.07154762122899824,0.17505063630807496,2.983724378680108e-16
2021-08-26,50,4,0.5674288661521185,50,32.340117348485066,5.402613983873009,0.5553661126711653,10,7,0.9555468406926985,0.06541261042512936,0.14702485511523763,4.85722573273506e-17
2021-08-27,50,4,0.5669329658538014,50,33.63363048010401,5.19344029738326,0.5546838682517061,11,6,1.0275544450091922,0.08479282705086044,0.2205828673534484,9.367506770274758e-16
2021-08-30,50,4,0.5654775407605124,50,34.78816914017004,5.0290259133480895,0.5567652931225863,11,5,0.9686267859889525,0.05199072060768539,0.2893021921664804,2.8557885223268187e-16
2021-08-31,50,4,0.5642612899318243,49,37.300175831200114,4.682902576426976,0.5543482230912392,12,5,0.9986868658210847,0.022635846968931013,0.2907214446348735,1.7520707107365752e-16
2021-09-01,50,4,0.564055092607011,50,34.16107162536274,5.11371661524505,0.5544927885118978,10,5,0.8860722698450415,0.02418174789521366,0.22801160174879348,2.220446049250313e-16
2021-09-02,50,4,0.5617083014379707,50,33.515445110396044,5.211737973549056,0.5546793733195409,10,8,1.0801315149738455,-0.00985713669225094,0.29008381747412065,9.71445146547012e-17
2021-09-03,50,4,0.5623896398323203,50,35.53769742948323,4.9158668276215,0.5572101267450311,10,9,1.0992567524565553,-0.011500660784955747,0.24530315083419366,1.6653345369377348e-16
2021-09-06,50,4,0.5626999692176712,50,33.40258548433462,5.229335663319947,0.5596797402503069,9,10,1.095876793584646,-0.004526517614142886,0.1699799678353333,1.1796119636642288e-16
2021-09-07,50,4,0.5629720597147279,50,35.389589931160785,4.9388441777756995,0.5627892616086061,10,10,1.1605034105980963,0.017977922989506987,0.1726081539321416,1.1102230246251565e-16
2021-09-08,50,4,0.5646637585797999,50,34.92263685654048,5.011396963588555,0.5678616868540726,8,9,1.0346523747959393,0.037335861510000526,0.21500000581565445,1.249000902703301e-16
2021-09-09,50,4,0.5651796328025027,49,33.045209706889686,5.285882312457777,0.5672957889925473,9,10,1.1426201222781243,0.05501063579777734,0.2594593691766801,1.3877787807814457e-16
2021-09-10,50,4,0.5654746403012665,50,34.38644889599259,5.080898949221677,0.5644194825623553,9,8,1.0525161159246652,0.05495316913198086,0.23524258313766877,1.5265566588595902e-16
2021-09-13,50,4,0.5654087037564817,50,36.271947718811994,4.816981441488053,0.5664640488434134,8,8,0.9601437222548395,0.05161950932647594,0.21431908929083895,1.6653345369377348e-16
2021-09-14,50,4,0.556644928209587,50,36.15319263950543,4.8317711927325915,0.564992498763156,8,9,1.0136361619002516,0.040269482894040816,0.22349732543719059,2.636779683484747e-16
2021-09-15,50,4,0.5569884847207704,50,37.25112401558383,4.6890797041707994,0.5637415759024492,8,10,1.0272908011740802,0.014707652445029406,0.14041268479900215,1.734723475976807e-16
2021-09-16,50,4,0.5564252699694343,50,34.084445618249134,5.147316899518945,0.5556969858658581,8,11,1.1162760938093703,0.013591513573741406,0.19024565669436003,4.85722573273506e-17
2021-09-17,50,4,0.5564866361758167,50,34.87311830829053,5.009202084133406,0.5616240309164545,10,9,1.1053443177147761,-0.010160495007268119,0.1866472732653512,1.1796119636642288e-16
2021-09-20,50,4,0.558679098968978,50,34.205167466837146,5.1100131665785185,0.5686207059119249,10,9,1.1013177926636089,-0.01530268441253002,0.17221243434491715,8.153200337090993e-17
2021-09-21,50,4,0.5562633385568447,50,33.529899249331834,5.209496847970723,0.5728497024536872,10,8,1.1125731485066868,0.04157360406232958,0.28624323987764555,1.1102230246251565e-16
2021-09-22,50,4,0.557070572052007,50,36.92857622636601,4.731814241221498,0.5757308617751706,10,7,1.051526649525264,0.02102352111099988,0.23890563687025274,1.779826286352204e-15
2021-09-23,50,4,0.5572983323722437,50,38.27421722348711,4.563793283868358,0.5743358859733098,11,6,1.038137935868669,0.017468925388303268,0.3149218324276287,1.1709383462843448e-16
2021-09-24,50,4,0.559706662310042,50,38.82221167318461,4.501587406243118,0.5778510519012908,11,6,1.0461545573649962,0.01607199251136595,0.3206101521179036,3.0682921481339775e-16
2021-09-27,50,4,0.5604356898477181,50,35.24134749893658,4.956561484084837,0.5794334912696201,11,8,1.0912200701742147,0.014430042130179357,0.2008029017106327,2.1337098754514727e-16
2021-09-28,50,4,0.563146521436242,50,33.27354957386288,5.250646708643662,0.5866426079341498,11,8,1.0898462127683441,0.009275015530246043,0.20307991810102383,8.326672684688674e-17
2021-09-29,50,4,0.5621880610588158,50,32.357808523672546,5.407906359231028,0.5821258037485382,13,7,1.2052054894831248,0.005387602622100796,0.3655863695853223,3.157196726277789e-16
2021-09-30,50,4,0.5639987015706863,50,33.48829222249206,5.216042873392787,0.5736763115590691,12,7,1.1467784226863647,-0.015288222484782928,0.31854198315713794,2.3418766925686896e-16
2021-10-01,50,4,0.5637536291331354,50,34.212409976402796,5.105773407616658,0.5636989592381751,12,7,1.0919834450719506,0.006928387483474116,0.24746382861644117,1.1102230246251565e-16
2021-10-04,50,4,0.5644597856331977,49,36.36493438454346,4.803338503350887,0.5636241910794353,12,7,1.096716867439609,-0.002617454742720543,0.27673875089064937,9.280770596475918e-17
2021-10-05,50,4,0.5632042327557327,50,36.51801643207983,4.785245629213877,0.5626102549403482,10,5,0.8705180919381041,0.008073148450407963,0.20785206808631468,2.1510571102112408e-16
2021-10-06,50,4,0.5631281253303124,50,35.16791297045762,4.97184149231079,0.5637270697453547,10,6,0.9145816490705629,-0.025863129912090332,0.20819271179041224,1.8908485888147197e-16
2021-10-07,50,4,0.5650301620092658,50,33.03673209301625,5.287257145910027,0.5719221446068185,9,6,0.8760963553123632,-0.06072372874902044,0.18973990613835792,2.0816681711721685e-16
2021-10-08,50,4,0.5625704895419085,50,34.68862181406176,5.035482061792692,0.5709710601893176,9,6,0.8726165905258781,-0.05592293059970384,0.14220824148890182,2.7755575615628914e-17
2021-10-11,50,4,0.5625457121682493,50,34.0887560552301,5.126587518777473,0.5414133082780992,10,9,1.133564373909765,-0.022747394005740298,0.33829924942406525,1.457167719820518e-16
2021-10-12,50,4,0.5624516273572702,49,33.92847825448111,5.1482736181377735,0.5405386905954758,9,8,1.0053275108031272,0.008009039269999255,0.2382024729303521,9.020562075079397e-17
2021-10-13,50,4,0.5628230017477759,50,33.101607548855924,5.2853155949584325,0.5298445816190253,11,9,1.109114816682984,-0.0014255776415460705,0.1840478679246697,1.5959455978986625e-16
2021-10-14,50,4,0.5620208259242884,50,32.797850371048476,5.326592106785778,0.5330606722614186,12,10,1.2459084722301883,-0.03451079472877484,0.26387344413264,1.6653345369377348e-16
2021-10-15,50,4,0.5624408917030925,49,30.00300877545015,5.8218524284815,0.5327114726028109,12,10,1.2074218390527647,0.0007516563594371015,0.1992358678927886,2.0122792321330962e-16
2021-10-18,50,4,0.5622898660374634,49,33.01447729870018,5.290802817222955,0.5323534477375479,10,9,1.1364145785012167,-0.00016628762594634357,0.2675807862547794,4.180683577104105e-16
2021-10-19,50,4,0.5630047695428289,49,30.811807684064803,5.669030888812256,0.5251146153889009,10,10,1.1783003845509772,0.0015910216579391092,0.37153605969253456,1.2663481374630692e-16
2021-10-20,50,4,0.5612177780773753,49,30.902008748033893,5.652483336126801,0.526103214739989,11,8,1.1057622952105803,-0.03622509694650616,0.2056491794796051,1.5005358067199381e-16
2021-10-21,50,4,0.5530694566504569,49,29.449411795857575,5.931292981738812,0.5310880186349146,13,8,1.179555343597282,-0.019133829045130786,0.2689577464288393,6.852157730108388e-17
2021-10-22,50,4,0.5530453183404498,49,32.29075446239251,5.4093839679261615,0.5333071717144624,11,11,1.1648566416819537,-0.027368972940053686,0.08953623764169853,1.249000902703301e-16
2021-10-25,50,4,0.553127018537078,48,34.468730621491495,5.091569331216022,0.5390680775724545,8,8,1.0017385264665848,-0.04510718586605809,0.28250126825812005,9.71445146547012e-17
2021-10-26,50,4,0.5510487266241445,49,31.252465666545366,5.5890978767824855,0.548805589465619,8,10,1.0519834648769046,-0.07960204394124966,0.19390943136127775,9.280770596475918e-17
2021-10-27,50,4,0.5469526473622328,49,31.83354753308366,5.487075837827175,0.5450562299201447,8,9,1.0036213348062404,-0.07167385867474192,0.19381844674059487,1.5959455978986625e-16
2021-10-28,50,4,0.5452525274105189,50,29.204419399984204,5.985283869191095,0.5505231134521925,7,8,0.9407910435392679,-0.017566242336958745,0.22487896457669093,1.22514845490862e-16
2021-10-29,50,4,0.544584658859317,49,31.46914540441763,5.550614332112929,0.5428609484032958,6,9,0.9174274846022872,-0.002557530316067723,0.2556254556313598,1.444157293750692e-16
2021-11-01,50,4,0.5451539444673587,50,30.52410726713581,5.723084053475548,0.5445540257339339,7,10,0.9344378444347781,0.009859025913285017,0.12441772087088977,8.326672684688674e-17
2021-11-02,50,4,0.5077583487016397,50,27.836877068820847,6.275007273293196,0.545849447406987,6,9,0.8498471882321811,-0.01703814079475316,0.15417645655944567,1.5612511283791264e-16
2021-11-03,50,4,0.5028062339269694,50,29.353273750685428,5.950773587911799,0.5421704633194696,6,8,0.8079804273612805,-0.04003777173995604,0.16663217059458235,4.0793106739767104e-17
2021-11-04,50,4,0.5024942917482603,50,29.66385727541043,5.888443423460724,0.5427206898263992,6,7,0.7105978914414923,-0.04154470139042861,0.07902808240268476,3.838075690598686e-17
2021-11-05,50,4,0.5012600295769182,50,29.825288776107314,5.856699311151553,0.541527222270429,6,8,0.7726862212263903,-0.04969467936186141,0.1054327877194301,2.5153490401663703e-17
2021-11-08,50,4,0.5013403398335131,50,31.76228952078806,5.500991845268617,0.537551746331856,7,11,1.011991020658302,-0.038592741401677295,0.16374934038546218,1.7694179454963432e-16
2021-11-09,50,4,0.49940641642250844,50,28.07814935484864,6.220965982965765,0.5336852277936616,5,11,0.9518804437840552,-0.04019284235894344,0.29014976044906143,1.8214596497756474e-16
2021-11-10,50,4,0.5010491121873257,50,28.999737403209856,6.0239771315782615,0.5398922128767549,5,11,0.9498438284759478,-0.02980683129723937,0.29068328596609405,4.412702842016003e-17
2021-11-11,50,4,0.5013981031759274,50,29.966978177520453,5.828892219920681,0.529893093688538,4,10,0.8949607955261707,-0.012201511179370924,0.2955778144603805,3.2612801348363973e-16
2021-11-12,50,4,0.5006622097730109,50,30.83474357611582,5.664827468691323,0.5278026278097698,4,8,0.7660716613641151,0.015422159298794088,0.21612597262415614,1.6132928326584306e-16
2021-11-15,50,4,0.5004627372444586,50,29.678244474286565,5.885567958236574,0.5245073806677565,3,8,0.7588711671581934,-0.004574297043220734,0.23927028611261306,1.1709383462843448e-16
2021-11-16,50,4,0.5002794328866131,49,30.342252353888806,5.75676081867137,0.5252780059216751,3,8,0.7635456364414099,-0.020223633116768044,0.24166399979280095,1.717376241217039e-16
2021-11-17,50,4,0.4970516227149082,50,29.75255662038655,5.871033832312757,0.5242166162874884,4,8,0.7941930206374616,-0.02299268424548656,0.19200712087057584,5.204170427930421e-17
2021-11-18,50,4,0.4968653721768293,50,29.332631513446795,5.959942026307446,0.5221189666486781,4,8,0.770610070762737,-0.02457014609237207,0.19473300109977532,2.185751579730777e-16
2021-11-19,50,4,0.496923424987434,49,33.5205509781279,5.210925369785242,0.5273398772037201,3,7,0.6841864363311451,-0.03042455686207409,0.20550010839615826,9.8879238130678e-17
2021-11-22,50,4,0.49796799170007916,50,28.51038698886342,6.132420972869065,0.5280511787448497,4,8,0.7422586242143251,-0.048649478656080845,0.22023721302751081,1.7694179454963432e-16
2021-11-23,50,4,0.498116635208828,50,30.023117830313996,5.817954378596662,0.529999397257316,5,10,0.882189079351137,-0.038618316610403644,0.23922829382087515,1.2967057982926633e-16
2021-11-24,50,4,0.4967925178729986,50,28.122975566321657,6.211070182635261,0.5235676175336428,4,9,0.7743532404013305,-0.017064530141851678,0.24107908779150947,2.463307335887066e-16
2021-11-25,50,4,0.49696014965198243,49,29.95306514427006,5.831559763910195,0.5253303002553571,5,8,0.7905949714896143,-0.03813627845270965,0.18270215172117862,2.3071822230491534e-16
2021-11-26,50,4,0.5172952758314262,50,30.08651694044447,5.8058766073598145,0.59949769870222,6,8,0.8204171754919117,-0.02750456001767158,0.16606299213424863,6.505213034913027e-17
2021-11-29,50,4,0.517666046941203,49,29.69374322448731,5.882488044048953,0.5982261086397905,5,7,0.6856749136577988,-0.014210667557684048,0.10465562438483378,6.765421556309548e-17
2021-11-30,50,4,0.5182544264693718,50,31.17311333259565,5.603765108081326,0.5989854107010519,8,8,0.9512118080879426,-0.03176785651972827,0.2249325143466483,1.1102230246251565e-16
2021-12-01,50,4,0.5228834481332227,50,29.74289390169732,5.873273375455831,0.6124776225180744,8,10,1.0137183484979941,-0.003910051272968515,0.15477417112507408,1.4224732503009818e-16
2021-12-02,50,4,0.5247853415975132,50,29.94541548651074,5.833056242188828,0.6176274358956634,7,10,0.95115868006388,-0.023761564934902085,0.1649425589337861,1.214306433183765e-16
2021-12-03,50,4,0.5251702588794832,50,32.81417968252745,5.323395860247561,0.6162670010862027,9,10,1.1162370685900411,-0.047415013174996516,0.3254681095319978,8.500145032286355e-17
2021-12-06,50,4,0.5258029936955649,49,32.19384747288533,5.425666803205842,0.6196973839565418,7,11,1.0422477678024131,-0.04191404033737821,0.2076321512843777,1.0928757898653885e-16
2021-12-07,50,4,0.5314473698164195,49,34.261228657918394,5.098272780732167,0.6352108318136365,7,8,0.8839910333064032,-0.03901987856458619,0.18262862715526418,7.979727989493313e-17
2021-12-08,50,4,0.5313327734675684,49,32.12544450443935,5.437219381570533,0.6330907632933731,8,8,1.008770926410717,0.019351344213344057,0.28985863575625037,9.367506770274758e-17
2021-12-09,50,4,0.5314190125844526,50,32.63021873133368,5.353121426818895,0.6352216184826674,8,9,1.0530588468197957,0.03630877285076919,0.30544757338868617,8.066464163292153e-17
2021-12-10,50,4,0.5316439873013599,50,34.76712072164697,5.025375030626268,0.635818097448361,7,9,1.0030940073713168,0.05711296668794254,0.28917086168745204,1.3877787807814457e-16
2021-12-13,50,4,0.5317812011548909,50,29.02358772387092,6.019017525193436,0.6306971452261413,9,7,1.0462786384339076,0.04872566189023565,0.3012462257175758,1.1882855810441129e-16
2021-12-14,50,4,0.5261998285816976,50,29.58609136523335,5.907930758318669,0.6294279923806528,9,8,1.011366829691959,0.06110081075831465,0.20264670209388197,9.150666335777657e-17
2021-12-15,50,4,0.5250838357339048,50,31.942371822964226,5.468485126544328,0.6247952096691152,9,8,1.0136984773649165,0.037915804471759976,0.20758152064219945,1.474514954580286e-16
2021-12-16,50,4,0.5247396209911591,50,31.38714817149131,5.565787727645089,0.6273081101227128,10,8,1.0397269067006798,0.04198531317176974,0.24382481498432554,1.1796119636642288e-16
2021-12-17,50,4,0.5237997638339268,50,32.14788909357609,5.433928858474024,0.6242902453158876,13,9,1.2892346946841449,0.03594114152092742,0.267927569133211,4.2327252813834093e-16
2021-12-20,50,4,0.5250882802940301,50,30.832298100037036,5.665563711918419,0.6231865048993617,12,6,1.1053423698378744,0.06882582144756472,0.34888093626385724,2.3592239273284576e-16
2021-12-21,50,4,0.5260801651168746,48,30.736543282501614,5.683256977342978,0.6170244330773704,8,8,0.9940403096055405,0.030242667978471614,0.30000181094366185,1.4710455076283324e-15
2021-12-22,50,4,0.5262699821734056,49,30.773202146369975,5.676142790415158,0.6207318040204531,8,7,0.9505733716045794,0.03741697031832991,0.3170358434522098,6.418476861114186e-16
2021-12-23,50,4,0.5269668949210689,48,30.895599889115758,5.665518843048998,0.621489863837814,7,7,0.9089760400895895,0.07138620685573041,0.30024211968675324,2.5673907444456745e-16
2021-12-24,50,4,0.5279410647584426,48,29.1578763087704,5.991519211792323,0.625571551287343,8,7,0.9520630102337468,0.06743569921293226,0.3876790463071047,2.0122792321330962e-16
2021-12-27,50,4,0.5282434653027042,48,27.505338031295455,6.350581349609444,0.6249963616089382,7,7,0.9107295979994133,0.0688897460125647,0.31702712679741357,1.5265566588595902e-16
2021-12-28,50,4,0.5279647673882508,50,28.441685759338846,6.153250566193109,0.6310835556296194,8,5,0.8324265501607147,0.010028667698356756,0.21333082005381326,1.1546753136970622e-16
2021-12-29,50,4,0.5291657313604519,49,29.84051863114913,5.853554077266375,0.6312787054288702,7,4,0.7977909210855569,0.01741720843254256,0.2657311778289888,1.981921571303502e-16
2021-12-30,50,4,0.5294883716087476,49,30.564651107345743,5.714872677186432,0.6250099130786908,7,5,0.8603306432619192,0.034126810885929885,0.22857357390087724,3.859759734048396e-16
2021-12-31,50,4,0.5294728136226078,48,32.48168794232508,5.37761633806341,0.6263875287791641,7,4,0.7309871227978751,0.030912865219339836,0.1776590745345647,2.5522119140308774e-16
2022-01-03,50,4,0.5296293863898924,49,35.715993394034534,4.890612661225349,0.6265762075788336,7,4,0.6775760418508849,0.030381283543399466,0.16055775120361204,4.85722573273506e-17
2022-01-04,50,4,0.5298258709508183,50,37.29152641890218,4.6883096690135755,0.6244237614614745,9,5,0.9263575057302891,0.07103050926545079,0.3195366130505899,1.3183898417423734e-16
2022-01-05,50,4,0.5331709823950308,49,40.23998949459106,4.340783675517242,0.6228871850231951,9,8,0.9994191231539219,0.047365911272924804,0.20380953004748512,4.5102810375396984e-17
2022-01-06,50,4,0.5363294685402348,50,36.469291672126054,4.793892991953063,0.6273110144086474,10,7,1.0492660546443653,0.05034843773490905,0.2533289920625359,1.457167719820518e-16
2022-01-07,50,4,0.5373363453670879,49,34.18992481028578,5.108905341861329,0.6268104573733708,10,6,0.9872514810362413,0.017307067495733887,0.19615919745110472,2.415602440297704e-16
2022-01-10,50,4,0.5379877205527309,49,33.69349177228523,5.184178911512655,0.62810096373501,10,8,1.0950519955506364,0.016177148884022014,0.30183167478310285,2.5326962749261384e-16
2022-01-11,50,4,0.5377449509699449,49,29.59084243839982,5.9029441241738425,0.6339249150242995,9,9,1.0505222600678905,0.05235081765128327,0.18930922897987934,5.117434254131581e-16
2022-01-12,50,4,0.537293446470895,49,36.78793758443511,4.748107694273407,0.6352447799813228,9,7,0.9198977448531719,0.0394625425643626,0.14808446911451809,7.806255641895632e-17
2022-01-13,50,4,0.5376968328820451,50,33.27250564549658,5.254802741357862,0.6325207862639312,10,6,0.9615617157632863,0.05425826838999968,0.213030468719475,1.8214596497756474e-16
2022-01-14,50,4,0.53522149492949,49,37.72653626990529,4.629979499083888,0.6334778165733997,10,5,0.8739775520709443,-0.00022961835860510482,0.24763930169848247,1.249000902703301e-16
2022-01-17,50,4,0.53582459433081,50,34.07478382912077,5.12718148680948,0.6372019180951692,13,8,1.169239865858903,0.0319987828014686,0.22836031764846865,1.3877787807814457e-16
2022-01-18,50,4,0.5361106434391748,49,34.247824766457356,5.100268139428893,0.6398558833444009,13,7,1.118516729812832,0.010115232547032657,0.2945073738905969,2.237793284010081e-16
2022-01-19,50,4,0.5367299897080634,48,34.55777554945906,5.0548361363664895,0.6380077678743198,13,8,1.1232608663672912,0.0629356758799263,0.1807510084684465,5.551115123125783e-17
2022-01-20,50,4,0.5349099967250772,49,32.3886485040525,5.393034213182775,0.6454239409363202,14,9,1.2353857926704233,0.1345431695889636,0.1501158160477835,5.551115123125783e-17
2022-01-21,50,4,0.5360178742375941,49,36.77944082660168,4.749204598422535,0.6551537444792724,13,9,1.2138042346594828,0.12662626212126538,0.17572909082457586,8.673617379884035e-17
2022-01-24,50,4,0.5450851601332056,48,35.66382456249125,4.897772233439186,0.6797907754099873,13,12,1.3577808129181692,0.0972494520810576,0.20141706033379222,8.326672684688674e-17
2022-01-25,50,4,0.5464073251179759,50,32.75842908990971,5.332196480455723,0.681568049842744,13,10,1.2352590480333123,0.021807393730630283,0.21961541641598892,1.704365815147213e-16
2022-01-26,50,4,0.5497058395768686,50,33.92048854697782,5.156803472849447,0.6901387865202322,13,9,1.186683276459464,0.031528019658389125,0.2088743979889241,1.3104616133560731e-16
2022-01-27,50,4,0.5509886312832493,50,33.16407359322498,5.272307895334321,0.6887006974899335,14,11,1.3665935398722535,0.003863277611253755,0.2174058067844727,2.2985086056692694e-16
2022-01-28,50,4,0.5509400404330124,50,32.292595015768576,5.409839977365177,0.6885177925350257,14,12,1.381943217750427,0.036434784259051486,0.16191176707434562,1.0516761073109393e-16
2022-01-31,50,4,0.5515303765924143,50,32.38192154156134,5.39472310758485,0.6884845030722547,12,9,1.1810154210625197,0.06218413182227507,0.22325143797654767,5.2909066017292616e-17
2022-02-01,50,4,0.5530837249730423,49,32.881221668287296,5.312244516436926,0.6907475790664521,13,8,1.177824485803043,0.10984324740772856,0.19948200353923018,1.951563910473908e-16
2022-02-02,50,4,0.5527964614357912,50,32.80479541027826,5.32586766126118,0.6876439455253862,13,10,1.3203094184952078,0.12071802909214502,0.2669478236959198,9.71445146547012e-17
2022-02-03,50,4,0.5557741628206584,50,36.200440259512675,4.825448432729184,0.6894052288490965,14,9,1.211441196454341,0.08481753341099935,0.17502011918783122,3.5605199344423966e-16
2022-02-04,50,4,0.5554245594949805,49,36.349980892790796,4.805314479154202,0.6873463172140322,14,10,1.3095109015894357,0.04233834895008848,0.23232453072684187,1.450662506785605e-16
2022-02-07,50,4,0.5544260460174035,50,37.6650842044328,4.639206234037111,0.6853697795299617,14,13,1.4108494971797498,0.05895351828582192,0.1488555013241471,1.0512695314962572e-16
2022-02-08,50,4,0.5555224494194271,50,33.56843719695391,5.207614945477193,0.6852190019724458,14,13,1.4195440413581097,0.03628852192159916,0.14946319952849368,9.557242150459722e-17
2022-02-09,50,4,0.5568391262574174,50,36.93215738496794,4.729618469282245,0.686773445737152,15,12,1.4330580480716748,0.025454864872933625,0.13736517994413996,1.5720931501039814e-16
2022-02-10,50,4,0.5553674338206046,50,36.39053871119126,4.802237423886224,0.6832884100037542,16,12,1.44571291648765,0.0839470788957244,0.13458773508490016,7.45931094670027e-17
2022-02-11,50,4,0.5545083484137633,50,34.38952394404416,5.082119563873824,0.6758834011714471,16,11,1.4031997278322934,0.051397544402994336,0.20324889299633056,1.6084139228822458e-16
2022-02-14,50,4,0.5579846268892004,49,32.63057494253148,5.353049702885654,0.6837515019646816,15,10,1.334710852087205,0.03508993084400445,0.22444264881069015,1.5547459153442134e-16
2022-02-15,50,4,0.5590437541999851,50,31.250573606109487,5.589495345711024,0.6890253152029433,15,9,1.2802830266499163,0.0013866621217896624,0.2751330343768258,7.28583859910259e-17
2022-02-16,50,4,0.5595886371046048,50,33.55192508554674,5.206100729830526,0.6874935914479623,13,9,1.1788542816565124,0.0836642074278276,0.14638535507011316,1.9949319973733282e-16
2022-02-17,50,4,0.5582948265059642,50,31.709778992334442,5.511302788405781,0.6878946431390714,13,8,1.1743235047516658,0.0738353612035324,0.19934427125869617,1.216474837528736e-16
2022-02-18,50,4,0.5570657220090307,50,33.047557145432656,5.286544148689103,0.6473588522542922,12,6,1.089133221635876,0.03885611414025612,0.22425119725087397,8.066464163292153e-17
2022-02-21,50,4,0.5606918316637413,49,30.931618396796964,5.647072431205022,0.6553177530222289,10,7,1.0537705829129722,0.047249270087767956,0.23694636041238987,6.158268339717665e-17
2022-02-22,50,4,0.5594271044023176,50,29.607529823780922,5.90145217776471,0.6491257088046887,11,4,1.0411401672039873,0.00951211056657835,0.2953002300649219,1.0928757898653885e-16
2022-02-23,50,4,0.5585286334511546,50,27.689732509124685,6.308368021906101,0.6353360808095797,11,6,1.0908303571243012,0.005460285119968865,0.2518706045071103,2.242130092700023e-16
2022-02-24,50,4,0.5679812180314086,50,29.487050955809845,5.924857432538093,0.6622027851876419,11,5,1.0728536436840774,0.00040814341578545134,0.27493335028853205,3.13768108717305e-15
2022-02-25,50,4,0.5726863102862101,50,30.057978707644267,5.813606808444001,0.6835170021522992,13,5,1.1473688141122034,0.014422303817298076,0.3546650218137327,1.0234868508263162e-16
2022-02-28,50,4,0.5725174721029483,50,28.693638526424778,6.0899626944452265,0.6817876607425124,12,6,1.1113589558164194,0.04734132629811774,0.24787052773427398,8.413408858487514e-17
2022-03-01,50,4,0.5788836786883487,50,26.383225400614904,6.622201853438846,0.680994508750982,14,7,1.2418582520636723,0.039927788093704966,0.3066123109874067,2.983724378680108e-16
2022-03-02,50,4,0.5766658031147472,50,30.34822397362138,5.769378935648048,0.6736899516925622,13,7,1.16281437996643,0.03430053773085281,0.4160901579312053,4.128641872824801e-16
2022-03-03,50,4,0.577466199790377,50,29.455158617698018,5.930815910500845,0.6747751697133204,12,6,1.0854076557802546,0.04686387924541962,0.41724412709406106,1.5265566588595902e-16
2022-03-04,50,4,0.5916671203234537,50,30.402150823302662,5.761798429088802,0.7005214979067164,14,6,1.163786708443206,0.03919242236404017,0.3921364678165834,3.2612801348363973e-16
2022-03-07,50,4,0.5904910488003846,50,27.949459696078343,6.249957429200871,0.6945860388822445,13,9,1.2398484722789977,0.030291674436761725,0.2719056370411116,2.8102520310824275e-16
2022-03-08,50,4,0.5891063089286415,49,31.124404642234758,5.612094159194961,0.688901559037557,6,9,0.8637292813994228,0.041466900651917014,0.15606179875207712,9.042246118529107e-17
2022-03-09,50,4,0.6184525171388187,50,31.75965162655202,5.507012952068488,0.7392459589653777,6,9,0.8203281835273114,-0.033678496752839675,0.11285924724048736,9.410874857174178e-17
2022-03-10,50,4,0.62182329054978,49,31.727838652165264,5.5053573429965,0.7407497584310937,8,9,0.9449705518738758,-0.028220976328539323,0.11304771975807093,8.326672684688674e-17
2022-03-11,50,4,0.6229637365251421,49,32.424881768561285,5.387007753732715,0.7420833465717769,7,8,0.8447923993440347,0.02313324069668402,0.1267404422604401,1.222980050563649e-16
2022-03-14,50,4,0.6239459525361033,49,31.179594192457394,5.602160452215286,0.7432442080622789,6,6,0.7099540138802701,-0.006650995888345153,0.15789168098121492,3.686287386450715e-17
2022-03-15,50,4,0.6236101402690246,48,34.185405919084815,5.109948179792913,0.7405734221885178,6,4,0.7173516907368012,-0.03703362036729173,0.1727906850033828,1.5005358067199381e-16
2022-03-16,50,4,0.6290170255857932,50,32.18053900136109,5.431111774867867,0.7476717833890464,7,4,0.7638917308354638,0.024985878622448277,0.21046881693329036,2.0122792321330962e-16
2022-03-17,50,4,0.6283433302399926,50,34.88423789140043,5.01024545362629,0.7447457726557941,7,5,0.7987321519976043,0.024752794207186794,0.28960169500906097,1.249000902703301e-16
2022-03-18,50,4,0.6280765148286166,50,33.89276059170287,5.153997013879462,0.7438370305047179,7,6,0.8549513115477054,0.022299160815847992,0.32481976478479896,1.0668549377257364e-16
2022-03-21,50,4,0.6268329743902584,50,32.9007533168062,5.315665083884855,0.740916721498945,8,10,1.043671662331232,-0.004223116030289336,0.20511590485929823,1.7694179454963432e-16
2022-03-22,50,4,0.6270129645415744,50,32.9209797729396,5.3166684838151985,0.7408350424583763,8,10,1.0414037335701536,-0.00528655607295303,0.20428527209875036,2.2737887961366e-15
2022-03-23,50,4,0.6274028065960054,50,31.80279529677491,5.492623002758558,0.7398657516326942,9,10,1.1265747411387157,-0.01608579451245001,0.24121155162048702,1.3042952135000618e-15
2022-03-24,50,4,0.6270786431471875,50,30.559462070178924,5.716285416276078,0.7386307159832668,8,10,1.0353041535212213,-0.006724255233942484,0.21830764348471615,1.4849232954361469e-15
2022-03-25,50,4,0.6268471631217885,50,30.834414873247034,5.665134177059224,0.7367388010205629,8,9,0.9978024819449547,-0.008008336127875413,0.1320338968486119,1.1102230246251565e-16
2022-03-28,50,4,0.6257884261994244,50,28.704825399818972,6.086304243266106,0.7353091105910283,7,8,0.9133241597048756,0.009765801412523974,0.1680675389072091,1.5265566588595902e-16
2022-03-29,50,4,0.6282871950623022,50,34.035859719780184,5.1324087925930435,0.7391266366630788,7,7,0.9296209161359223,0.02688444560924059,0.303546161872473,7.914675859144182e-17
2022-03-30,50,4,0.628045726147395,50,32.687591928023636,5.343714781818288,0.7393343586606542,8,6,0.9121249794060063,0.030833801117829712,0.23977054315645868,1.3183898417423734e-16
2022-03-31,50,4,0.6284665642499444,50,29.976458420381206,5.829855905850087,0.7385411448982524,8,7,0.9493339071438452,0.04837907919802823,0.2162762436417845,1.0408340855860843e-16
2022-04-01,50,4,0.6285582253324687,49,32.226712149078054,5.420133729220754,0.7394835497475529,8,6,0.907155643755813,0.036638155148559275,0.2531256192451424,2.42861286636753e-16
2022-04-04,50,4,0.6282984008004848,50,33.24664984124088,5.258995730570398,0.7427506310617749,8,7,0.8712352122823438,0.01132171109596021,0.13628045170974046,6.938893903907228e-17
2022-04-05,50,4,0.628039408095127,49,33.12629926627169,5.272943050386365,0.7415994165174021,8,6,0.8099484471339125,-0.001683586937563515,0.12102343588867961,2.723515857283587e-16
2022-04-06,50,4,0.6301502640384442,49,30.23689813411352,5.776819061477691,0.7432798252870948,8,6,0.8655822154240325,0.003392290157290095,0.19424211996870594,1.942890293094024e-16
2022-04-07,50,4,0.628316855410615,48,29.944008624109706,5.833324063169121,0.7453480830930842,7,5,0.8023234912255803,-0.0049870750693512345,0.23219623274225556,1.3530843112619095e-16
2022-04-08,50,4,0.6304342271246772,49,29.26761990784104,5.968134411035925,0.7495888272926634,6,3,0.6486613095152433,-0.0026122042525999686,0.18153015998827704,1.0408340855860843e-16
2022-04-11,50,4,0.6297673862307943,50,30.39364321964021,5.747343888014295,0.7471689399061305,7,2,0.6387148472704541,-0.027813227811975236,0.255876045898208,1.0755285551056204e-16
2022-04-12,50,4,0.6297902105690658,50,29.156368783964794,5.990948295906849,0.7471473794098045,6,2,0.5969867256088475,-0.04852842321789129,0.24881661917350756,7.632783294297951e-17
2022-04-13,50,4,0.6293433267350848,49,31.69988555980138,5.510211990247975,0.7487857653487187,4,2,0.42227070646602194,-0.03281974378529375,0.1212033377196181,9.194034422677078e-17
2022-04-14,50,4,0.6293308903549328,50,31.97376510679765,5.463015571639552,0.7474483540070966,4,3,0.5075513864586167,-0.03377836945007838,0.1407317363453907,8.326672684688674e-17
2022-04-19,50,4,0.628993606618093,50,33.19872814705711,5.261702404943415,0.7430122647467488,4,2,0.4628269941177633,-0.02452561911294775,0.14054376296456053,3.469446951953614e-17
2022-04-20,50,4,0.6294085227901165,50,34.896936440447334,5.0058283491955695,0.7319579355966865,5,4,0.5309298806154356,-0.03664916123296933,0.08302634363661884,5.551115123125783e-17
2022-04-21,50,4,0.6297576935231782,49,35.82128364815383,4.876237580338877,0.7321384812009992,3,5,0.46113030921457987,-0.028903178203839287,0.07205863188829102,1.087454779002961e-16
2022-04-22,50,4,0.6318971055144352,50,33.79284114090595,5.169953463827661,0.7327933133178323,4,5,0.545542183523154,-0.01679456209711387,0.11191776285790973,4.380176776841438e-17
2022-04-25,50,4,0.6313890750820506,50,32.121579954505364,5.438033267910096,0.7309664531132504,4,5,0.5598146520297859,0.0009169463722408734,0.204136880619077,4.5211230592645535e-17
2022-04-26,50,4,0.6304370146095178,50,33.32865285824161,5.24241377708945,0.7318774649864372,7,5,0.691308378840426,0.032107041041712796,0.14021779036282017,5.117434254131581e-17
2022-04-27,50,4,0.6308554092424328,50,33.38491299351567,5.23221228299659,0.7292843488688174,6,6,0.6607678346685864,0.044318156342963363,0.07766502108465385,3.447762908503904e-17
2022-04-28,50,4,0.63054977262127,50,35.155997447870035,4.9687412608365165,0.7254441867937677,6,7,0.7308539603556706,0.051150887140843655,0.1264082036039609,2.47198095326695e-17
2022-04-29,50,4,0.6302594973788461,50,34.7911424944122,5.0226801490667725,0.7209923189439579,9,7,0.9488984694628764,0.06526232783979986,0.18921845497945558,1.3227266504323154e-16
2022-05-02,50,4,0.6283948146521652,50,32.54890109108367,5.366481943890019,0.7207744792203182,9,6,0.8469963383211092,0.03418996109837914,0.10455744066958575,1.9949319973733282e-16
2022-05-03,50,4,0.6261621751079067,50,32.92120298326179,5.308284176227376,0.7179375512257528,8,6,0.8666574249942712,-0.03914443060109375,0.258643757107685,6.938893903907228e-17
2022-05-04,50,4,0.625338006607859,50,32.152182693264265,5.435600769967218,0.7185259349472417,9,6,0.9161758039420159,-0.06513477004080548,0.195205716214811,1.1796119636642288e-16
2022-05-05,50,4,0.6233443793182172,50,34.718413049843846,5.032204441523424,0.7148352890365034,9,8,0.9597541398446919,-0.0462421161291094,0.15045415626710335,2.0122792321330962e-16
2022-05-06,50,4,0.6232898258084076,47,34.094645618211466,5.123182433308694,0.7144520405526168,9,6,0.9073179148769189,-0.07166987607684115,0.18530812341734104,2.2898349882893854e-16
2022-05-09,50,4,0.6247754623691869,49,38.82210483017149,4.499320432656063,0.7200068066642515,11,7,1.0616624259458942,-0.0813952262699639,0.2514171602908688,1.6306400674181987e-16
2022-05-10,50,4,0.6227962982641696,50,34.34518115552893,5.08594186593772,0.7210937061083029,9,7,0.9347698353359534,-0.05505232255427262,0.14352680040750887,4.163336342344337e-17
2022-05-11,50,4,0.6226348232266855,48,35.85498400797868,4.871949181857801,0.7189557672834715,9,7,0.9155269156937941,-0.026298293574112695,0.2147519930984318,8.326672684688674e-17
2022-05-12,50,4,0.6220584025419948,50,39.46584827862861,4.425936667818576,0.7157512939146788,10,8,1.0116825241483183,-0.01634391186579434,0.15489215722010688,1.249000902703301e-16
2022-05-13,50,4,0.622881522448885,48,37.72468819151868,4.645145074112995,0.7198010718611316,9,5,0.8337476250564342,-0.009557387063542096,0.3198348830470522,3.122502256758253e-16
2022-05-16,50,4,0.6230221767912314,49,38.756440909534575,4.506943501567359,0.7210978834588162,11,5,0.9508410556796277,-0.020935000597284655,0.27759317383472387,2.498001805406602e-16
2022-05-17,50,4,0.6235861176323381,49,38.86678061741704,4.494148646384966,0.7240672767693478,11,8,1.0988103689127338,-0.00013156087367092398,0.32424845243800127,1.3877787807814457e-16
2022-05-18,50,4,0.6261362947116555,49,41.531753701027085,4.205772064394828,0.7223310697175728,10,8,1.0388009404216538,0.014399963267693633,0.25814859635935794,1.0755285551056204e-16
2022-05-19,50,4,0.6261718420198441,50,36.262179271248876,4.828740054055885,0.723199380835084,11,9,1.137567217689355,0.007808603742880185,0.18998551158801405,8.673617379884035e-17
2022-05-20,50,4,0.62586500756726,50,38.196157785692705,4.574032617432513,0.7244671598199705,13,10,1.2814458826412487,0.014484277217828266,0.2275891899155791,1.1102230246251565e-16
2022-05-23,50,4,0.6258414954777146,49,37.21276292219301,4.693902730800308,0.7168941991700217,12,8,1.1057475767533318,0.05984890403732075,0.11669452264481758,1.0755285551056204e-16
2022-05-24,50,4,0.6259343146961415,48,40.57562983809298,4.309809483911568,0.7083420241412506,12,8,1.0591756446290066,0.07882402196661262,0.10780835825925317,4.163336342344337e-17
2022-05-25,50,4,0.6262318861338231,49,38.51427695338736,4.5352815453995845,0.710604304818759,12,7,1.0417332246311726,0.07160755670400241,0.15599638280685885,1.5265566588595902e-16
2022-05-26,50,4,0.6268874058731393,48,36.44144295096404,4.800168510015835,0.7052070540317117,10,9,1.0927134708955324,0.0395343912311556,0.21006270742399397,6.938893903907228e-17
2022-05-27,50,4,0.6282756472229454,47,42.31339563047906,4.128080171738479,0.7127474452734515,8,7,0.9060610642307895,0.02388640875466177,0.16623148191795314,1.1102230246251565e-16
2022-05-30,50,4,0.6284636034512573,49,37.43235279019626,4.666366831925512,0.7099387688767118,9,7,0.9114235606876736,0.0054986696055550205,0.16056524414139364,4.163336342344337e-17
2022-05-31,50,4,0.6286319050655597,50,33.80785277178449,5.168402649134885,0.6887385538573797,8,8,0.8812243802253187,-0.04205086384014302,0.13223713215958177,1.3877787807814457e-16
2022-06-01,50,4,0.6287385383892681,50,37.39141248070026,4.67232407838863,0.6885502521167876,8,8,0.8681296299442492,-0.054022390624475905,0.10569130273222915,4.440892098500626e-16
2022-06-02,50,4,0.6289013891075321,50,41.55182838582556,4.206910642917546,0.6902618764163742,12,8,1.1446564987699646,-0.01590228530307193,0.20869832361742424,1.5265566588595902e-16
2022-06-03,50,4,0.6289535569012007,50,40.42240934291147,4.3213455041461595,0.6210876376507379,11,7,1.0509662030366096,-0.03147236247215286,0.2308149617716339,9.71445146547012e-17
2022-06-06,50,4,0.6298535385644137,50,44.199029510202074,3.952985223588212,0.6128860103280347,9,8,0.9708478541170159,-0.060724248260215836,0.16261241387959485,1.1102230246251565e-16
2022-06-07,50,4,0.63027462279779,49,44.6146733372303,3.9151489058498616,0.6165624235137697,8,6,0.8641771625364931,-0.06446267996470836,0.23994762412512086,6.938893903907228e-17
2022-06-08,50,4,0.6297340379930892,49,44.47870922989015,3.927116872890819,0.6093322340900655,10,6,0.9472831723613555,-0.08299736769948854,0.328206426499651,2.0816681711721685e-16
2022-06-09,50,4,0.6292357611672398,49,43.20397945453444,4.042986125500843,0.6130844057588903,9,5,0.8497943269401884,-0.0736348789385873,0.25830320626036285,2.0816681711721685e-16
2022-06-10,50,4,0.6329465247107868,49,45.330374989078805,3.853334315967808,0.6101097571816833,9,6,0.9150145050631296,-0.09310380938579853,0.23824045213276152,1.8041124150158794e-16
2022-06-13,50,4,0.634821264424845,49,39.46735635162033,4.425761075682867,0.6193128252877869,9,6,0.8838650750348029,-0.06220388307372437,0.16968425134242165,1.249000902703301e-16
2022-06-14,50,4,0.6341919389259122,48,35.434818286166376,4.933286984005548,0.6177341670844895,7,6,0.8368714635816957,-0.050027782072576056,0.25136767775602686,1.249000902703301e-16
2022-06-15,50,4,0.6341908727690606,48,41.277021275377436,4.231824111942544,0.6225334780265841,8,5,0.8359422311819316,-0.03900034552770729,0.211722759892136,9.020562075079397e-17
2022-06-16,50,4,0.6360890103466177,49,39.71129100719468,4.3985749410529085,0.626254645585207,9,5,0.854524556788326,-0.022920858396961574,0.24096802652715812,1.6653345369377348e-16
2022-06-17,50,4,0.6351323239355036,49,36.81539736241124,4.744566187392251,0.6251701103514526,9,5,0.8720806463622139,0.002304331777776711,0.25681757166294256,1.8041124150158794e-16
2022-06-20,50,4,0.6348882445705409,48,37.07760792320734,4.711140838136639,0.6248593155912381,9,4,0.798534634854315,0.009115075012002732,0.24836263435045824,1.1102230246251565e-16
2022-06-21,50,4,0.6343862013354347,48,40.748150425242315,4.286958430992881,0.6240687061330153,10,3,0.8420789717091399,0.029906056552161234,0.3662015596950354,2.3592239273284576e-16
2022-06-22,50,4,0.6330356146696323,48,37.26791699267734,4.686966880490318,0.6237219680885331,9,3,0.7646541730389838,0.07629818785567388,0.2594071488276653,1.249000902703301e-16
2022-06-23,50,4,0.6336747870099685,49,33.963965122456486,5.142894502197414,0.6123680121474834,9,3,0.7622264527877693,0.0734841446436732,0.2579857717387014,1.3530843112619095e-16
2022-06-24,50,4,0.6354597892553759,49,35.117060875873776,4.974023598344775,0.6202753051358999,10,3,0.8233015367865782,0.06887174431526918,0.30857240998926405,1.3877787807814457e-16
2022-06-27,50,4,0.6340294050440646,49,39.90450011425898,4.377277976192231,0.6166205200777743,9,3,0.7372477941926285,0.06156378203621074,0.21774932926498292,2.3592239273284576e-16
2022-06-28,50,4,0.6337293439809439,49,36.616651185295204,4.770318525776403,0.6161403192820264,10,5,0.8579798853458672,0.05665863059756801,0.18413713773276927,1.0408340855860843e-16
2022-06-29,50,4,0.6322960043820223,49,33.9181745671118,5.149837564385765,0.6178972702395221,10,5,0.8618129253923309,0.04519512254092203,0.1943414211221221,6.179952383167375e-17
2022-06-30,50,4,0.6309819404932352,49,29.67366092388433,5.886469146801898,0.6159688204804866,11,5,0.9471636168946193,0.030145751114328205,0.28150747244507013,9.053088140253962e-17
2022-07-01,50,4,0.6304285737652652,49,31.390290062788882,5.564557993943791,0.6078105263583982,11,6,1.02941474372505,-0.011498758279796892,0.32382160551867945,1.5265566588595902e-16
2022-07-04,50,4,0.6300526817597136,49,27.911956698045156,6.258002310290902,0.6054396271799878,12,6,1.0871587134791572,-0.04638085467088665,0.3947823685319339,1.0196921432226169e-16
2022-07-05,50,4,0.6313760841226547,49,29.149174637408766,5.992385433683548,0.6093914346888958,12,6,1.0917538282249875,-0.050861961898435684,0.4016254727080097,2.7755575615628914e-16
2022-07-06,50,4,0.6327300717931014,49,31.16235725520937,5.605259193667268,0.6177643341140161,12,6,1.091377836964213,-0.0645049913198604,0.4061413333959556,3.8163916471489756e-16
2022-07-07,50,4,0.6335340588788925,49,34.34330162544762,5.08608902563047,0.6262566199683877,12,7,1.1378247300269937,-0.06900707737551978,0.33777589261958724,1.5959455978986625e-16
2022-07-08,50,4,0.6302730115173792,49,31.820877935976778,5.489260536825739,0.6280223748337758,9,7,1.0092473002188518,-0.08457684378212534,0.25585416896841795,2.1206994493816467e-16
2022-07-11,50,4,0.6305765717384815,48,35.5420518794076,4.915120224293595,0.6300305058477152,9,7,1.0060810250855625,-0.07550047480365656,0.28997566665115904,2.680147770384167e-16
2022-07-12,50,4,0.6284661627369429,50,35.182036948419174,4.964934524447461,0.6277316948240422,12,9,1.2079600245340951,-0.07813942321248267,0.21791544753542974,9.974659986866641e-17
2022-07-13,50,4,0.6288316590442231,50,35.20228418726924,4.961981850641733,0.6306544402156629,11,8,1.1206500215386535,-0.010167452184476532,0.19212457768018484,1.3964523981613297e-16
2022-07-14,50,4,0.6293922903228198,48,34.27593483817894,5.099305941533046,0.6336195147522665,12,9,1.223654370252544,0.010751976771403906,0.30796217005948573,2.5153490401663703e-16
2022-07-15,50,4,0.6306529228837915,48,32.89362753546011,5.310749043207512,0.6329473075714233,13,8,1.2278406660350398,0.008448886593970074,0.3462449414862597,1.960237527853792e-16
2022-07-18,50,4,0.6306707920365506,49,33.69561014748725,5.183852992616961,0.6339946997547617,13,9,1.276725840437411,0.02220394619857695,0.32557033727409257,4.649058915617843e-16
2022-07-19,50,4,0.6318368437665447,50,32.99844430411005,5.296048645664309,0.6413816952567346,13,10,1.3000473265598715,0.01641152221251966,0.2944013311001933,8.890457814381136e-17
2022-07-20,50,4,0.6333003934817688,49,32.979473034180174,5.296418451564515,0.6422395003390671,12,8,1.1298754435438556,0.016780470037360197,0.21265008897755586,9.71445146547012e-17
2022-07-21,50,4,0.6327239040677622,50,31.583521834925055,5.530523928732483,0.6421612227970657,11,9,1.1617453186273128,0.05639120172067804,0.2934189761674053,4.0592529337857286e-16
2022-07-22,50,4,0.6335112491357272,50,29.74563867502497,5.890242556709504,0.6421616549016889,9,7,0.9067927269944208,-0.025773026933607446,0.15481443132871966,8.023096076392733e-17
2022-07-25,50,4,0.6346004278869511,49,32.99631358140316,5.293715283381008,0.6427237147712138,8,4,0.7478799123753852,-0.03379012758201275,0.2314575990268569,2.255140518769849e-16
2022-07-26,50,4,0.634546561803322,50,27.64679433744062,6.323096232327105,0.6489286659547191,9,4,0.8117631707471044,-0.021759680161020933,0.27279467202110924,5.724587470723463e-17
2022-07-27,50,4,0.6351174622882816,50,29.60106976125783,5.901403560038228,0.6485595212430032,9,5,0.831767106605439,-0.018489898519107133,0.1933846999562645,2.860396381559882e-16
2022-07-28,50,4,0.6345751132363504,50,26.359373704149615,6.626635073809519,0.6499939679852809,7,7,0.8428262022038335,-0.04030892515101606,0.23831768564946104,4.466912950640278e-17
2022-07-29,50,4,0.6339043041565788,50,29.81439220739319,5.859627845905775,0.6474108630564157,8,7,0.8834309069701188,-0.03280969729385362,0.18908443974350736,5.898059818321144e-17
2022-08-01,50,4,0.6338119352550489,50,30.71850700264419,5.686647754420696,0.6401971343263432,7,9,0.9096924131590373,0.002024322712125633,0.1385418625425059,1.0148132334464322e-16
2022-08-02,50,4,0.6337276239673117,50,31.524458345873214,5.540890568414099,0.6441417857671797,6,9,0.8792539615286724,0.012674283097390745,0.1886114221389534,1.1839487723541708e-16
2022-08-03,50,4,0.6329751583208842,50,28.629968920572765,6.102638232636359,0.6355666839023474,6,9,0.8668949368338899,0.01614914463203782,0.1756032194268219,9.540979117872439e-17
2022-08-04,50,4,0.632626573135002,50,29.687616191613174,5.886267160113729,0.6361590087704989,6,8,0.8186871218639971,0.02693341214134185,0.16335712542788228,8.326672684688674e-17
2022-08-05,50,4,0.6313774754940948,49,30.046929498452922,5.813342408584541,0.6274018124056542,7,6,0.797798480684079,0.040622076199059304,0.2081217892413171,4.336808689942018e-17
2022-08-08,50,4,0.631342400059383,49,30.090373723949128,5.804949154289924,0.6288903578513542,7,6,0.8203205821988379,0.037229367888863454,0.2683697188548699,9.020562075079397e-17
2022-08-09,50,4,0.6320316672248012,49,30.96219800082105,5.641495138571049,0.6292005949479318,7,6,0.8199217681165756,0.03723488425022203,0.2655697019164483,1.1102230246251565e-16
2022-08-10,50,4,0.631773754637841,49,31.481681017867775,5.548404146588251,0.6235289285397099,8,8,0.8675275267754666,0.04380180172364036,0.11135323379144976,6.938893903907228e-17
2022-08-11,50,4,0.6317713755911529,49,30.494305038429307,5.728056083946855,0.6228859927847883,9,8,0.9283111035785286,0.048079122830774944,0.10252459019809795,4.85722573273506e-17
2022-08-12,50,4,0.6308186459893091,49,30.86822435384791,5.658669818477335,0.6203488485800343,10,6,0.9417258470266738,0.0909810200822616,0.17132223026771626,1.1362438767648086e-16
2022-08-15,50,4,0.6309143982459606,49,32.67582907288886,5.345636039148966,0.620609889944905,10,4,0.8723672851658767,0.08833825578831417,0.21977723642849123,1.6306400674181987e-16
2022-08-16,50,4,0.6310927448518805,49,29.895377816275136,5.842812577067136,0.6195297387071396,10,5,0.8993193029964107,0.08429014048635117,0.1747246554919365,6.418476861114186e-17
2022-08-17,50,4,0.6309621922732416,49,29.544204571422167,5.912262389019126,0.6192173697693509,11,6,1.000560702004006,0.09214224274863878,0.173086717264228,5.898059818321144e-17
2022-08-18,50,4,0.6306656706195983,49,30.0006182727242,5.822316324057713,0.6161459618814668,11,6,1.0043426731018938,0.09499292843972673,0.1865495801253686,1.3530843112619095e-16
2022-08-19,50,4,0.6309278006721067,49,30.552495816513964,5.717146335609462,0.6130458799887316,10,5,0.9428874319831135,0.02155033431076328,0.25098532788334466,1.9949319973733282e-16
2022-08-22,50,4,0.6323014098546846,49,33.93605335896894,5.147124435874979,0.619551325885125,10,5,0.9450637764612416,0.015773560583387105,0.25120705632896667,1.1102230246251565e-16
2022-08-23,50,4,0.6330801752510814,50,35.86672509343524,4.870226327373379,0.6203308894255325,9,9,1.0492856939153614,-0.045590730016950125,0.3630366413185216,9.8879238130678e-17
2022-08-24,50,4,0.6334171302662358,49,36.164212758059506,4.829998392877467,0.6207452670622788,9,6,0.9255996161746161,-0.0377337934088354,0.2258885723350172,6.505213034913027e-17
2022-08-25,50,4,0.6328584977839689,49,35.28604549257361,4.9502030353009765,0.618586392606364,9,8,0.9813458745503633,-0.013376107544148119,0.20523432071076142,1.0061396160665481e-16
2022-08-26,50,4,0.6341124668878751,49,36.319888059731525,4.809295921117368,0.6262831988087538,10,9,1.0789736943497341,-0.017573643566634288,0.19779764688875334,8.413408858487514e-17
2022-08-29,50,4,0.6339650838256964,50,37.03369914706309,4.71663708289354,0.622659562490377,9,11,1.1335827642452037,0.035508372037138636,0.21591615223318367,4.805184028455756e-16
2022-08-30,50,4,0.6335146165369943,48,37.26744424741597,4.6891518898110665,0.6208610007476316,9,12,1.1721107840057725,0.031366070570764154,0.20595773009670448,1.3183898417423734e-16
2022-08-31,50,4,0.6333363660800122,50,39.276050884229875,4.44769753924507,0.6219991135086693,9,10,1.1371900632712746,0.01959054915479115,0.30651107770930486,8.326672684688674e-17
2022-09-01,50,4,0.6338402380002655,50,36.069974556156865,4.84262291261161,0.6231278707364377,8,13,1.2235658171068111,0.03656103278847966,0.3121430586140443,1.8041124150158794e-16
2022-09-02,50,4,0.6354395177577286,50,40.36227324107141,4.327867150968007,0.6174443025890125,8,13,1.274057755025417,0.044591162978662134,0.36293734170568964,3.0531133177191805e-16
2022-09-05,50,4,0.6366653600728118,50,29.870030130115374,5.847898767227912,0.6143903198230787,7,9,0.9861009883157689,0.0905154120641089,0.24966294632528496,2.3592239273284576e-16
2022-09-06,50,4,0.6368772193594522,49,31.52745847416041,5.54034793652227,0.6141605315351633,9,9,1.1205656568016775,0.03124057887698152,0.2392149796252028,2.0122792321330962e-16
2022-09-07,50,4,0.6368957103369585,50,40.67144701619158,4.294980214594515,0.609762394956718,12,12,1.3488818736038564,0.13914669976815996,0.23048125332593336,2.7755575615628914e-16
2022-09-08,50,4,0.6369085199538236,49,37.64276836859209,4.6402827706701775,0.5978610497724217,9,12,1.224277886550515,0.07991170844891729,0.2892118970390747,2.983724378680108e-16
2022-09-09,50,4,0.6370017234531506,50,37.83607297639395,4.616598832912992,0.6028060537475699,9,8,0.9397622642269309,0.06179756315196559,0.11103757079903467,8.500145032286355e-17
2022-09-12,50,4,0.6384393924530382,50,41.054342410464926,4.258128177147617,0.6116693695375052,9,9,1.0075396428117704,0.07458998307251402,0.160991657066795,6.678685382510707e-17
2022-09-13,50,4,0.6384649431049186,50,39.89975452294419,4.421861857302834,0.6171844140574475,10,10,1.093824580136383,0.026365171846556196,0.1468644310542308,1.0495077029659683e-16
2022-09-14,50,4,0.6380501410390619,50,38.04505978762119,4.591258498880542,0.6194903975451447,11,13,1.2774034192280446,-0.0053120130482334936,0.12215658550635788,1.3270634591222574e-16
2022-09-15,50,4,0.6374662337347253,49,41.31445047564015,4.227893327640823,0.6157247985403351,11,12,1.261105465923925,0.004412200199860616,0.1288215300382961,1.4338573731120796e-16
2022-09-16,50,4,0.6368692899484535,49,41.13548102488397,4.246287758138569,0.6065550405113995,13,12,1.3652146647762133,0.024120019598311542,0.14431342796562874,1.1568437180420332e-16
2022-09-19,50,4,0.6355335228108631,50,42.66891498502103,4.098340878753002,0.6071592470479475,12,12,1.3203843471019983,0.007406971091829604,0.14410241168200683,4.90059381963448e-17
2022-09-20,50,4,0.6356655001929932,50,43.21089866638411,4.042843915145341,0.6071029804494509,11,14,1.3884416755502533,0.007074784679906803,0.21737915178220618,3.148523108897905e-16
2022-09-21,50,4,0.6354632744506282,49,39.47272795818713,4.425158800428863,0.6069887514493755,10,13,1.2564048508959555,0.03453255655707721,0.1449834821144922,1.0191500421363742e-16
2022-09-22,50,4,0.6366666482809753,50,41.924700915202,4.1666875952446105,0.6127438900461503,11,13,1.309579140542775,0.015317392158622666,0.19654861774759308,3.436920886779049e-16
2022-09-23,50,4,0.637945658097813,50,41.958246835318306,4.163029909693694,0.6230337461037782,9,14,1.2724131628128874,0.07290748132824984,0.26543380831087354,5.724587470723463e-17
2022-09-26,50,4,0.6388115973666636,49,41.76840965063947,4.181942548498061,0.6275986272111694,9,11,1.153330127454564,0.002809443989621192,0.17434945688528058,1.734723475976807e-16
2022-09-27,50,4,0.6381065490594615,50,45.04685469122087,3.877813856442449,0.6174105384274283,10,11,1.2452640890856403,0.027631920477298972,0.23334608312023364,1.8041124150158794e-16
2022-09-28,50,4,0.6369506797150316,49,47.144095736025726,3.705089402481161,0.6032436192712544,9,11,1.1312808812204436,0.03495007828375834,0.15486570048041737,4.163336342344337e-17
2022-09-29,50,4,0.6370381481544587,50,39.31152980810077,4.44598951514088,0.6003210131454974,9,10,1.1195060729138098,0.02312721051014939,0.24051688836506277,1.942890293094024e-16
2022-09-30,50,4,0.6368998112329445,49,42.73728305493135,4.087136032409789,0.6003386275998388,8,11,1.1336563072174874,0.08699765226670707,0.25890295676581926,1.43982048506075e-16
2022-10-03,50,4,0.6366641647579886,50,39.629954871981354,4.4076152412535095,0.5962428206135426,6,9,0.9075805740380931,0.06309209944257198,0.21972658706050543,2.445960101127298e-16
2022-10-04,50,4,0.6413160214439101,50,46.0537290707067,3.7940591651709656,0.6256886907443252,6,8,0.8427990210378404,0.0801279567469027,0.14966042539866772,3.1138286393783687e-16
2022-10-05,50,4,0.6408881835610775,50,45.92614663288715,3.803380122145157,0.6266235416100819,9,10,1.0389611727037118,0.03588265842063858,0.14728904165166123,4.163336342344337e-17
2022-10-06,50,4,0.6409234685047347,50,41.86966318277406,4.17631354787185,0.6228053929283903,10,13,1.2916775720863523,0.07813558146348264,0.2543187722253599,1.700029006457271e-16
2022-10-07,50,4,0.6420685778246316,50,41.69527206870423,4.190363431780472,0.6236411766876264,10,12,1.2489571843687997,0.05669237895277711,0.2788740224013029,2.8102520310824275e-16
2022-10-10,50,4,0.6415646504596476,49,38.897572952355425,4.490590960907985,0.6166900159537417,9,12,1.2152971577687588,0.05011988675360332,0.30809735846870856,1.249000902703301e-16
2022-10-11,50,4,0.6413856875780503,50,38.760548237045825,4.506491118418307,0.6072202149491696,9,9,0.9898224194602208,0.04211592056632936,0.12278694488663826,3.469446951953614e-17
2022-10-12,50,4,0.6414163694086193,50,36.39963113545497,4.798840795494497,0.6052508053943582,11,12,1.282742661951585,0.0025436342521575894,0.244399134016352,1.5092094240998222e-16
2022-10-13,50,4,0.6415729984427747,49,35.44445118064403,4.928079958436315,0.6074211662421497,12,13,1.4094431522573687,0.015764364414424734,0.4109157163138044,3.191891195797325e-16
2022-10-14,50,4,0.6417407759524654,49,37.07691572393065,4.711100858596135,0.6116481694256425,13,13,1.4183590358332478,0.03279126932413789,0.24825336603675202,1.6653345369377348e-16
2022-10-17,50,4,0.6429007558251536,50,39.19057655508445,4.458555597364728,0.6181109109159887,15,13,1.5214085565847657,0.01177424876949297,0.18914647738488377,1.1102230246251565e-16
2022-10-18,50,4,0.6434441567296697,49,37.81001976872783,4.619756629843819,0.6193978034757844,13,12,1.3850062754570145,0.0014131089196235194,0.17683266783982415,5.551115123125783e-17
2022-10-19,50,4,0.6441056024775595,49,37.54201387011625,4.652736267836378,0.6170082305678773,13,9,1.2033549778952817,-0.05889647494168387,0.2640617374099767,2.8449465006019636e-16
2022-10-20,50,4,0.6441988943970686,50,35.99651519487346,4.852591616574298,0.619040183897742,13,11,1.3041799322818886,0.00442847668129278,0.1708282840000646,4.85722573273506e-17
2022-10-21,50,4,0.6429122426142457,50,36.61319874537065,4.772610927548224,0.6170192938560678,12,11,1.2556593251543346,0.02705326739141116,0.1757356160013138,1.6653345369377348e-16
2022-10-24,50,4,0.6434865874763792,50,33.009583343230034,5.291649071972331,0.619274184369458,10,12,1.1562798693438472,0.015913383290208402,0.11151940165786937,1.3183898417423734e-16
2022-10-25,50,4,0.6433014306537851,50,29.509924532537482,5.924158521535155,0.6184124258018505,11,12,1.2630696069803828,0.059863750272847675,0.23996117255496374,1.6653345369377348e-16
2022-10-26,50,4,0.6430750475964822,50,33.87483948484925,5.1564377926378775,0.6203472942688564,13,10,1.2875038073431981,0.03636136871236041,0.1953061239475984,2.8796409701215e-16
2022-10-27,50,4,0.6432849201769263,50,31.628237164169644,5.5227021476074585,0.618528687027963,11,9,1.1011089752661467,0.017322810702300854,0.12726630406194317,1.942890293094024e-16
2022-10-28,50,4,0.643088067091425,50,31.59004781745449,5.533530350986755,0.6203429325451648,11,9,1.0914875387015277,0.02847873840522303,0.10609192990290012,1.5265566588595902e-16
2022-10-31,50,4,0.6430917157013839,50,31.681379362318502,5.527562191463561,0.6187653103607669,12,10,1.1433028044240672,0.02209708764075779,0.12194677857243723,6.938893903907228e-17
2022-11-01,50,4,0.6428002680201874,49,31.31244458473412,5.578391972189398,0.6177936651973032,11,9,1.0794824151824158,0.015390538634729473,0.19565619825077524,1.0755285551056204e-16
2022-11-02,50,4,0.6428660030257295,50,31.245963390840103,5.591690546688568,0.6180864464400375,11,9,1.0692584812764583,-0.003535534172622451,0.11774175209912248,4.163336342344337e-17
2022-11-03,50,4,0.6418790474851159,50,33.07459548653686,5.282488574705209,0.6121749141355084,10,6,0.9206558949993218,0.02176183526326281,0.15496896365372925,1.0408340855860843e-16
2022-11-04,50,4,0.6416272762316659,50,33.4784099296612,5.217503896760249,0.6198253647958952,9,5,0.811790510525065,0.006742303066742936,0.183941726085851,8.326672684688674e-17
2022-11-07,50,4,0.6412662108783386,50,30.268641389020885,5.775010874436825,0.6173587487206059,9,6,0.8561875022760279,0.029438971795996857,0.1459323909997542,1.249000902703301e-16
2022-11-08,50,4,0.6408353764622972,50,30.290480268805453,5.767712232447772,0.6138609843038361,10,5,0.8862264572908432,0.03848181655796747,0.22820607282484084,2.7755575615628914e-16
2022-11-09,50,4,0.6411380058767167,50,32.981410386865875,5.298097410495627,0.6152886185994145,9,5,0.8399580262370617,0.036183534595043636,0.2095368370134332,2.1510571102112408e-16
2022-11-10,50,4,0.6423293162384468,50,30.605314258649024,5.707619816682742,0.6214991711112302,9,4,0.8080294638734166,0.012331443560891785,0.27004903297572297,1.3183898417423734e-16
2022-11-11,50,4,0.6424881922704347,50,31.430591952766648,5.560131398051205,0.6237995769229384,9,3,0.7592515515300601,0.04877498374313654,0.24485859630243323,1.3877787807814457e-16
2022-11-14,50,4,0.6423298795037814,49,35.65776149958504,4.898599411607454,0.614782129671385,8,4,0.7149286417747398,0.02420310539923538,0.18669812382076664,1.249000902703301e-16
2022-11-15,50,4,0.6424704902346138,50,30.362935868334826,5.761011598328645,0.6113709983628476,7,3,0.6404809632455064,0.018358282968650847,0.20355763720510786,8.326672684688674e-17
2022-11-16,50,4,0.642409349368146,50,29.78665355369231,5.864140242187256,0.6106423180395177,8,3,0.7590880621018534,-0.01207808706468188,0.32664499057503377,2.636779683484747e-16
2022-11-17,50,4,0.6343624331237111,50,27.472554453932624,6.366457155397956,0.6102582168364914,7,3,0.7233500632958497,-0.01494141536381205,0.294190266996174,9.71445146547012e-17
2022-11-18,50,4,0.6348640962788249,50,28.407313333612784,6.149461599566669,0.6056603002970452,6,3,0.6641943102227683,-0.00769749141492946,0.2552694412826485,2.983724378680108e-16
2022-11-21,50,4,0.634831038372773,50,28.041675983540546,6.229764341208455,0.6062053533383613,4,3,0.5165044986500366,-0.026402134501479158,0.1916027669877681,1.1622647289044608e-16
2022-11-22,50,4,0.6330166180510166,50,29.333606413431944,5.95497611342387,0.6069025264995562,4,3,0.5106537460592366,-0.02836919672123213,0.19006457838815394,1.7911019889460533e-16
2022-11-23,50,4,0.6328571610551726,50,30.498757546146493,5.73075965347819,0.6065455609262981,4,2,0.46442660422623305,-0.028793402216184247,0.18607935594285216,1.0581813203458523e-16
2022-11-24,50,4,0.6328590946994409,50,33.35658785221762,5.239383973644087,0.6022186022663012,4,2,0.46687292862639806,-0.030375241300295116,0.1885271559467955,3.859759734048396e-17
2022-11-25,50,4,0.6324445190169209,49,36.580108023998385,4.775084026173786,0.5942308578199235,4,2,0.43228743963571703,-0.024933866834416476,0.16549635039804592,5.583641188300348e-17
2022-11-28,50,4,0.6301717435382655,49,34.61831937866151,5.045683691068304,0.5876569083874117,4,2,0.41260789665098824,-0.022303640322872575,0.14689318402812535,3.5561831257524545e-17
2022-11-29,50,4,0.6302882862885942,50,34.76192352861648,5.025267373895451,0.5878759955091793,4,2,0.41212980262095517,-0.022201766743121902,0.14686767437568027,3.469446951953614e-17
2022-11-30,50,4,0.6301555759141233,49,31.63930930410775,5.5207617784003995,0.5892277173632584,4,3,0.4732960889381797,-0.043119008674173814,0.12551837188402393,7.112366251504909e-17
2022-12-01,50,4,0.6302087990654265,50,36.24144278627029,4.821007018214722,0.5918306771919659,4,3,0.46688098780962023,-0.03998295230500468,0.11734743784207435,8.066464163292153e-17
2022-12-02,50,4,0.6302084719532318,50,34.42996547865619,5.075080045405271,0.5905203463525349,5,3,0.5386035042280376,-0.02431325942586752,0.14332214494034984,1.3530843112619095e-16
2022-12-05,50,4,0.6304205870986207,50,35.084927942786926,4.99044063143214,0.5801861341670073,5,4,0.6472680577179698,-0.10298089672968101,0.24098961032194588,4.597017211338539e-17
2022-12-06,50,4,0.6307828601113431,50,34.13627256810467,5.1173969303544595,0.5755457755403566,8,3,0.7980052420322012,-0.13099075848840155,0.29917715193138444,3.8510861166685117e-16
2022-12-07,50,4,0.629955780318116,50,34.725551095109864,5.030877518465685,0.5760628688586317,10,4,0.948737992119107,-0.17371846408515962,0.36673329634591134,6.74807432154978e-16
2022-12-08,50,4,0.6307731028166071,50,35.24937782908023,4.9553540735206,0.5768976302486858,12,5,1.0532101142839887,-0.11504460456709965,0.38049033792853254,1.942890293094024e-16
2022-12-09,50,4,0.6304662130857616,50,35.432249517350016,4.929788471460905,0.5756237511529393,14,6,1.1744491818317975,-0.10167894233820135,0.4033980899230536,2.220446049250313e-16
2022-12-12,50,4,0.6300147752272767,50,34.05139942342,5.129706208812186,0.5779530982472981,14,6,1.169066848391573,-0.09775510089218611,0.39629259175301335,1.3129688308799459e-16
2022-12-13,50,4,0.6304643833322663,50,32.380907308694056,5.395421477333606,0.5788189890054195,14,6,1.1674815617475423,-0.0880472904947838,0.39290585992726307,1.6653345369377348e-16
2022-12-14,50,4,0.6298439702688167,50,33.400137875307884,5.233049771805297,0.5784485553079658,13,7,1.1435491224600194,-0.08049218649488715,0.298558879810677,1.6653345369377348e-16
2022-12-15,50,4,0.6330870780696137,50,32.10729688442636,5.440550062433921,0.597206986993518,14,8,1.2448728641420321,-0.04255580563148121,0.3061694885536268,2.3592239273284576e-16
2022-12-16,50,4,0.6327729968454369,50,33.902993825807,5.152144186753789,0.5847788527507248,13,8,1.268193030741,-0.02499227497094953,0.2910617466267289,8.326672684688674e-17
2022-12-19,50,4,0.6323738964419995,49,32.46327715565557,5.380636362237251,0.581862540097397,10,7,1.067697335709247,-0.0740015136089919,0.3317794406145269,1.3183898417423734e-15
2022-12-20,50,4,0.6302585545710848,50,32.414770861053256,5.388906987396793,0.5788939536064496,7,7,0.8741086669605073,-0.05696143975206648,0.1667784396029658,1.3357370765021415e-16
2022-12-21,50,4,0.631052451592791,50,33.2252268659732,5.262910777139577,0.5842014902643742,7,7,0.8780364800748973,-0.04951324486903768,0.19284543490382466,5.551115123125783e-17
2022-12-22,50,4,0.631241826090179,50,33.49212811473535,5.215481264847688,0.582685261210032,7,8,0.9002922455267693,-0.05442948549847666,0.1490669039356885,1.1102230246251565e-16
2022-12-23,50,4,0.6313863773075272,50,34.9423681012573,4.999076048033423,0.5840876312036528,10,11,1.1706761668223133,0.0028659707721201255,0.1610288814964443,1.5959455978986625e-16
2022-12-27,50,4,0.6315149222092055,50,37.190887083883226,4.697178977289393,0.5863751136074559,10,10,1.132782265561751,-0.008089852598826905,0.17292683005667334,1.8041124150158794e-16
2022-12-28,50,4,0.6320040184169164,50,37.559938496711204,4.650813902004495,0.554812073920246,11,10,1.162978463268397,0.03298773532909956,0.18167403511752012,9.71445146547012e-17
2022-12-29,50,4,0.6318616695468715,50,36.66797956185893,4.769905151019703,0.5535477988506412,10,8,1.05436242455435,0.007932814596775119,0.1957426009270331,1.3877787807814457e-16
2022-12-30,50,4,0.6326950182247424,50,40.14517979085746,4.351035318508879,0.5563719017647211,11,6,1.0331051290612887,0.10315068026066171,0.25184667140184946,9.128982292327947e-17
2023-01-02,50,4,0.634157407283989,50,32.941148329359585,5.302642615264818,0.5536740129735521,10,7,1.0120707113559528,0.06547969280015789,0.30110447212505537,8.326672684688674e-17
2023-01-03,50,4,0.6341244811015373,50,35.662265401857034,4.897993925834201,0.5593612984873013,8,8,1.078971727675359,0.06014936939878242,0.2843115644577848,1.5612511283791264e-16
2023-01-04,50,4,0.6353333580726713,50,38.45807729402617,4.542047116675141,0.5720056476919274,7,10,1.1025938043447143,0.02301530728217732,0.2768050802051402,1.3877787807814457e-16
2023-01-05,50,4,0.6356981146336781,50,34.00446361704793,5.138108962974588,0.5715123334845333,7,9,1.0501972175567171,0.0024206782196484248,0.2724467540199762,1.3010426069826053e-16
2023-01-06,50,4,0.636496157280341,50,36.3083179417017,4.811082889556739,0.5709142492835181,7,11,1.2151508521792025,0.00570492325904581,0.31631445414088377,3.712308238590367e-16
2023-01-09,50,4,0.6363527578988678,50,35.51157875270706,4.918906416180386,0.5708461579624696,8,8,0.9996897427501376,0.07237744876403972,0.24152551469071482,1.4224732503009818e-16
2023-01-10,50,4,0.635929761191237,50,32.86912671079247,5.314757467319952,0.5637235294845656,8,7,0.868660897195949,0.05633356373407463,0.11811914517760232,6.938893903907228e-17
2023-01-11,50,4,0.6361879845207419,50,36.29640075191176,4.81556292276847,0.5598199570293835,10,8,1.0051876037687264,0.0795854413930131,0.12407338161377628,3.621235256101585e-17
2023-01-12,50,4,0.6362651184118405,49,38.86566397373811,4.494277767109149,0.5638289616643678,10,8,1.0756546404042318,0.0913148201158041,0.1873222611763695,6.938893903907228e-17
2023-01-13,50,4,0.6352881021250857,50,41.36037599368333,4.225495380015966,0.5670581872584161,9,8,1.0407654086602676,0.1306004131695202,0.23452676411739315,3.7470027081099033e-16
2023-01-16,50,4,0.631072278456011,50,40.38422335658046,4.325286601736352,0.5716468982427486,8,10,1.070635335048357,0.12361573925194783,0.20016661273954905,8.326672684688674e-17
2023-01-17,50,4,0.630967620871624,50,40.911589966361205,4.269525889241818,0.5646577008365525,9,10,1.102062022191868,0.15941366754455286,0.1663774351297475,9.020562075079397e-17
2023-01-18,50,4,0.6293833729669729,50,39.08096089643537,4.469755831554405,0.5651904318445201,9,11,1.1500726992838146,0.15697038288138498,0.2125497790387197,8.326672684688674e-17
2023-01-19,50,4,0.6303142090659519,49,41.060226961046844,4.254070238501498,0.5750310253238984,7,8,0.8964957569694407,0.1146234153025866,0.15832464314496159,1.0408340855860843e-16
2023-01-20,50,4,0.6305006003832722,50,39.41001592973407,4.432883143884343,0.5802678583214932,8,11,1.099437584377564,0.11508631703088854,0.24045432499334723,3.183217578417441e-16
2023-01-23,50,4,0.6303818515179624,49,37.5932998595219,4.646388855296611,0.5795485468300627,7,11,1.1126980789319076,0.0756081222999667,0.34628894589697057,1.2750217548429532e-16
2023-01-24,50,4,0.6299537684073359,49,39.94500407951544,4.372839445788964,0.5797812005482595,9,11,1.1524112874004135,0.04445846507251656,0.2699239370402673,1.249000902703301e-16
2023-01-25,50,4,0.6299872150096164,50,39.263805225852494,4.449731357225043,0.581253272628247,8,11,1.0390612501145091,0.031203322809760774,0.15066777599666947,5.551115123125783e-17
2023-01-26,50,4,0.6291953803432653,48,38.39411336155361,4.549736268041398,0.5792204470306904,7,9,0.9900253432567975,-0.03524792867160602,0.2873129998027793,1.3357370765021415e-16
2023-01-27,50,4,0.6293442851102962,49,37.3313014011196,4.678998131467969,0.585750861651615,7,8,0.9162035791755192,0.032743131431666316,0.2302921233768317,8.630249292984615e-17
2023-01-30,50,4,0.6297733131282843,49,35.84371209840692,4.873186377056901,0.577862224372197,7,9,0.9049073028122949,0.054135834415139694,0.13016624555062425,2.6530427160720294e-16
2023-01-31,50,4,0.6295595128939504,49,37.96713772505605,4.600638867381155,0.5815352605231345,8,8,0.8908262875469287,0.06382251867401986,0.10879814172092675,8.53267109746092e-17
2023-02-01,50,4,0.6292499463973813,50,38.328782991465324,4.5573349966141,0.5828127620964585,9,6,0.991023205552059,0.08990762206662821,0.3273741387667206,7.025630077706069e-17
2023-02-02,50,4,0.6306580130708214,49,39.87586272660551,4.380421577300768,0.5800976045950647,9,8,0.9814617911059925,0.09133531425055945,0.1855356245829399,8.500145032286355e-17
2023-02-03,50,4,0.6312056086924461,49,35.40680509036938,4.933319712278053,0.5651960224731603,6,5,0.672487343989041,0.08014137483567102,0.18091412024235629,1.682681771697503e-16
2023-02-06,50,4,0.6298098002262464,49,33.43909720314843,5.223618581564458,0.5647334514684919,5,5,0.6313897721928069,0.06467228422759562,0.11061887541989907,1.2663481374630692e-16
2023-02-07,50,4,0.6290314252873925,49,36.62012887678394,4.769865504537962,0.5661429593642714,7,4,0.6686512977315459,0.0459131000911458,0.12001643050008952,3.3393426912553537e-17
2023-02-08,50,4,0.6288695661441215,49,38.123995157463575,4.581709990772315,0.5661469923399678,8,6,0.7430628375163739,0.03224452910664414,0.051492606165962934,4.195862407518902e-17
2023-02-09,50,4,0.6288846280632251,49,36.41990079310119,4.7960891078043115,0.56519608696501,9,6,0.8657121894924967,0.044190285673987924,0.1454267891132926,6.071532165918825e-17
2023-02-10,50,4,0.6294375348598577,49,36.53487389497592,4.780996097132454,0.5696149475565219,9,7,0.8571499427889372,0.02905552627268416,0.08377196750401314,4.2500725161431774e-17
2023-02-13,50,4,0.6280781333600696,50,40.60557328571817,4.302174671894921,0.565314540155414,8,8,0.8676077093677999,0.039764691091920795,0.07665796771237281,3.0791341698588326e-17
2023-02-14,50,4,0.6287553834804896,49,42.07305252749266,4.151661907273449,0.5634806761792397,7,8,0.8457204879100578,0.035354970806546836,0.09765949069793062,9.454242944073599e-17
2023-02-15,50,4,0.6296695516183531,50,40.36980075072078,4.328878400848582,0.5634811330176797,8,9,0.9468819512752552,-0.029246249663115648,0.16414056288594336,7.979727989493313e-17
2023-02-16,50,4,0.6239892843672293,49,39.37447416759557,4.436201198716167,0.5619119412363812,7,10,0.9715761986147009,-0.029244403252759565,0.19025835659661527,1.214306433183765e-16
2023-02-17,50,4,0.6197393401029712,50,36.69298904868826,4.760420535402927,0.5582162476888907,10,8,1.041880148781759,-0.042142210998855054,0.33411953684661694,5.048045315092509e-16
