,paper (hedged),unhedged
2013-12-24,1.0,1.0
2013-12-27,1.0009959757075144,1.0017543050040256
2013-12-30,1.000975357568269,1.001317959394469
2013-12-31,1.0006200459163204,1.001204304862702
2014-01-02,0.9916033745073709,0.9914346134369992
2014-01-03,0.9920148072173393,0.9926261302623257
2014-01-06,0.9937210521074282,0.9929671490358123
2014-01-07,0.9992075722826177,0.9967333197332623
2014-01-08,0.995744974198851,0.9931500848049672
2014-01-09,0.9896509447574696,0.9864677654444922
2014-01-10,0.9903394017723046,0.9872202139752985
2014-01-13,0.9900790777419495,0.9870250738991847
2014-01-14,0.9889324960490935,0.9857931989219704
2014-01-15,0.9913201193458491,0.9893115112064403
2014-01-16,0.9930114601008736,0.9905572144761456
2014-01-17,0.9947702199232067,0.9918134113609142
2014-01-20,0.9973174506641602,0.9955260008840149
2014-01-21,0.992632375403496,0.9918977091271862
2014-01-22,0.994208492401839,0.994953563927516
2014-01-23,0.986079843005125,0.9853069295610347
2014-01-24,0.9870788557088522,0.9814376248557958
2014-01-27,0.9907206096004618,0.983864814830325
2014-01-28,0.9942273884287707,0.9876248105525011
2014-01-29,0.9985556512048943,0.9910597446037328
2014-01-30,1.002435478993736,0.9929695463869618
2014-01-31,1.002848799663041,0.993344112670853
2014-02-03,1.0002539676076598,0.9893858779324602
2014-02-04,1.001855729072151,0.9912001042689456
2014-02-05,1.0013869555966513,0.9903172520950585
2014-02-06,1.000749779882681,0.9937515066582914
2014-02-07,1.000522495721398,0.9945671200016528
2014-02-10,1.0012874699273715,0.9961663628834769
2014-02-11,0.9998189419544528,0.9983670498736312
2014-02-12,0.998032126596576,0.9972824313779216
2014-02-13,0.9975498707208529,0.9973401361690986
2014-02-14,0.9957971990087777,0.9975282290468133
2014-02-17,0.9955975188507548,0.997498786312345
2014-02-18,0.990092627238442,0.9920207123124074
2014-02-19,0.9884052748562855,0.9905140508191609
2014-02-20,0.9863944625849741,0.9887626657721296
2014-02-21,0.9856400711453102,0.9887307763897466
2014-02-24,0.9850341198750544,0.9882283615324873
2014-02-25,0.986425998512567,0.9898713514795906
2014-02-26,0.9850584686940899,0.9885733445055287
2014-02-27,0.9822667613182005,0.9859057574497275
2014-02-28,0.9858929267162142,0.989888884033129
2014-03-03,0.9874553739900954,0.9854925624022947
2014-03-04,0.9849797740854335,0.9890395261794699
2014-03-05,0.9801891458655421,0.987104369972791
2014-03-06,0.9777476886749548,0.9847039240954369
2014-03-07,0.9790451721097746,0.9835715323160192
2014-03-10,0.9766490782974037,0.9824111406398702
2014-03-11,0.9782968215283954,0.9837145815958541
2014-03-12,0.9782898592224152,0.9837949272697109
2014-03-13,0.9754669547033403,0.9809821664926197
2014-03-14,0.9756174253228538,0.9804785284147468
2014-03-17,0.974366914349519,0.9791153752378483
2014-03-18,0.9748636395887627,0.9797505736003738
2014-03-19,0.9734976344280009,0.9789246380243016
2014-03-20,0.9722951823305476,0.9778851700228748
2014-03-21,0.9709999924270276,0.9764276401193646
2014-03-24,0.9729844432460364,0.977565967951117
2014-03-25,0.9755215732151225,0.9812967480312823
2014-03-26,0.9765905690962431,0.984816778001483
2014-03-27,0.9758781256385757,0.984804545712136
2014-03-28,0.969452177292436,0.9829058500519195
2014-03-31,0.9745767803035135,0.9879065220333936
2014-04-01,0.9761164526760621,0.9920394258030272
2014-04-02,0.9762411676761016,0.9922164473619711
2014-04-03,0.9745203769102476,0.9920327143976948
2014-04-04,0.9772330338144994,0.9962751271496265
2014-04-07,0.9758770160859614,0.9919386986843338
2014-04-08,0.9752374898731279,0.9903973233002866
2014-04-09,0.9750378280836227,0.9907096105825861
2014-04-10,0.9760932170421247,0.989544326507481
2014-04-11,0.9730427505712195,0.9852874687035678
2014-04-14,0.9687730610247938,0.9837614592944208
2014-04-15,0.9652929894554173,0.9789103294564817
2014-04-16,0.9618074252776381,0.9788007930110978
2014-04-17,0.9629010677765011,0.9806361754456896
2014-04-22,0.9658590476653109,0.9846964134805873
2014-04-23,0.9657520506184788,0.9844358673341351
2014-04-24,0.9676839945536057,0.9868764889216295
2014-04-25,0.9690439164900774,0.9862151534756263
2014-04-28,0.9685662226402254,0.9859388870338306
2014-04-29,0.9661230641568643,0.9846291491756374
2014-04-30,0.9657741279223252,0.984703805941484
2014-05-01,0.9657813259283881,0.9846545707511869
2014-05-02,0.9638891496763201,0.9829361843488003
2014-05-05,0.967828171267961,0.9874966649968315
2014-05-06,0.9692426898593164,0.9885812015876637
2014-05-07,0.9705717480656095,0.9883983461245944
2014-05-08,0.9693091034020119,0.9877280332776814
2014-05-09,0.9697334203613697,0.988583939434151
2014-05-12,0.9696285741314664,0.9891890505326341
2014-05-13,0.9695734368331984,0.990106306840255
2014-05-14,0.9696225224956846,0.9905483778157342
2014-05-15,0.9682407970558338,0.9884285637748671
2014-05-16,0.9689819337018563,0.9880038185612348
2014-05-19,0.9741846523504701,0.993186569665139
2014-05-20,0.9742764278612221,0.9939657276233432
2014-05-21,0.9740280248222107,0.9942526752167818
2014-05-22,0.9746287638057057,0.9953168280796529
2014-05-23,0.9748092536522851,0.9957901147147747
2014-05-26,0.9772020874130288,0.9994656170168952
2014-05-27,0.9752734314339115,0.9974847410856866
2014-05-28,0.9749467608211035,0.9970986630836423
2014-05-29,0.974962086855295,0.9967709043060983
2014-05-30,0.9732329447906268,0.9949706144402896
2014-06-02,0.9734997089146852,0.995344088013051
2014-06-03,0.9749530581665992,0.9965067341238454
2014-06-04,0.9725099835957716,0.994058770259083
2014-06-05,0.9747157859573535,0.9977061656945811
2014-06-06,0.9735307770061321,0.9969591757619201
2014-06-09,0.9748939542582111,0.9989225470341355
2014-06-10,0.9746863023893138,0.9991024686195953
2014-06-11,0.9732874443426481,0.9966314880826208
2014-06-12,0.9730699699504647,0.9961816803019029
2014-06-13,0.9733373900551461,0.996267771102409
2014-06-16,0.9720356248625013,0.9939677488588234
2014-06-17,0.9719855100672896,0.9934999695482215
2014-06-18,0.9722560110553027,0.9937917986866035
2014-06-19,0.9701286879718515,0.9922898397013601
2014-06-20,0.9690045638293768,0.9907279385556446
2014-06-23,0.9693239603920151,0.9914814551615119
2014-06-24,0.970905227818731,0.9923244486069439
2014-06-25,0.9688394240783488,0.9916693259517619
2014-06-26,0.9682608172101297,0.9912330530950336
2014-06-27,0.9670590556739873,0.989928609496377
2014-06-30,0.9667879055630748,0.9893947488497805
2014-07-01,0.969443836629102,0.9930614552044725
2014-07-02,0.9701711844206468,0.994168758465894
2014-07-03,0.9715252786572156,0.9945499907190297
2014-07-04,0.9731363316103253,0.9962573803370095
2014-07-07,0.9723162411907976,0.9961426417119057
2014-07-08,0.9721536018956868,0.9955948804887164
2014-07-09,0.9718880673412306,0.9957437182706471
2014-07-10,0.9743335928369486,0.9957271652555909
2014-07-11,0.9756571092657416,0.9966100431756437
2014-07-14,0.9770747083438792,0.9986303905551046
2014-07-15,0.9744364231644187,0.9959722727833995
2014-07-16,0.9737878509423671,0.9949404707397529
2014-07-17,0.9698473354229947,0.9894750607374793
2014-07-18,0.971357689357174,0.9909491231538421
2014-07-21,0.9710564433075985,0.989174131195483
2014-07-22,0.9728313497110462,0.9955172828550127
2014-07-23,0.9733009571324929,0.9963375738739688
2014-07-24,0.9757580497836676,0.9997408102860538
2014-07-25,0.9757474859085158,0.993315578211838
2014-07-28,0.9767471120283734,0.9943998000146883
2014-07-29,0.9764921898426487,0.9966451055976692
2014-07-30,0.9798738362087348,0.9970955364113715
2014-07-31,0.9765743716503621,0.986437841150869
2014-08-01,0.9768023894108707,0.9812288741662083
2014-08-04,0.9777922601077281,0.981856747144898
2014-08-05,0.9768682069252378,0.9818767954920334
2014-08-06,0.975342414624235,0.979707340200602
2014-08-07,0.9788881434550886,0.982630252722044
2014-08-08,0.9805422631748141,0.9840584804878677
2014-08-11,0.9808398792512837,0.9871869303866525
2014-08-12,0.9796908820804177,0.9848488726331527
2014-08-13,0.9807789914393068,0.9879005346489916
2014-08-14,0.9798675429374224,0.9883304836295017
2014-08-15,0.9788547172193891,0.9857008754873975
2014-08-18,0.9795228998340605,0.9892263273662611
2014-08-19,0.9800737484691072,0.9907721378139962
2014-08-20,0.9840951061283386,0.9939360636426949
2014-08-21,0.9836125518646515,0.9952294652048922
2014-08-22,0.9826990590240356,0.9929754978109646
2014-08-25,0.9816834543332631,0.9930573347303638
2014-08-26,0.981028981817114,0.9924640276396237
2014-08-27,0.9818350600803056,0.9931813031464326
2014-08-28,0.9827153715055357,0.9949510941186557
2014-08-29,0.980427419945947,0.9927504829507665
2014-09-01,0.9791638020273277,0.9920109661090196
2014-09-02,0.9793743826813612,0.9927545471145159
2014-09-03,0.9782694970222093,0.9922616008581387
2014-09-04,0.9690791442587007,0.9843388582646524
2014-09-05,0.9685629371105362,0.9836798853563986
2014-09-08,0.9685708345287475,0.9835587822715877
2014-09-09,0.9671723554344981,0.9832135604261834
2014-09-10,0.9640048295274077,0.979950586439105
2014-09-11,0.9604596789501773,0.9766501095054908
2014-09-12,0.958963201961345,0.9754156307731643
2014-09-15,0.9556293183967661,0.9723335123869485
2014-09-16,0.9577993499926312,0.974730020128348
2014-09-17,0.9598787726595814,0.9772944369694991
2014-09-18,0.9557456266047734,0.9746967924694836
2014-09-19,0.9547104607754531,0.9745060119066172
2014-09-22,0.9567741012709615,0.9758511037519357
2014-09-23,0.9566256870109419,0.9734838055901596
2014-09-24,0.9573419681359069,0.9752941817547883
2014-09-25,0.9562990437389327,0.9728097238600912
2014-09-26,0.9582947796855067,0.9758824105020315
2014-09-29,0.9597264492355951,0.9754350102115421
2014-09-30,0.9557447758836511,0.9728125096831793
2014-10-01,0.9536527213884661,0.9699888210489337
2014-10-02,0.9585445073675415,0.9738589193530851
2014-10-03,0.9579372660366265,0.9720151928909883
2014-10-06,0.9598155350285957,0.9739650054724825
2014-10-07,0.9596367898466851,0.9760526093729468
2014-10-08,0.9571572911375247,0.9740312279053426
2014-10-09,0.9618123410858233,0.980272623829997
2014-10-10,0.9589738399507246,0.9755847165945871
2014-10-13,0.9581589953571216,0.9751082613932862
2014-10-14,0.9587015850331294,0.9760058834834772
2014-10-15,0.954367913705362,0.9689771565866965
2014-10-16,0.9521581715669786,0.9664669158334718
2014-10-17,0.955188129961165,0.9711629519948716
2014-10-20,0.9548559670368235,0.9720972239790397
2014-10-21,0.9554083094386147,0.9725536226706983
2014-10-22,0.9568675799470445,0.973351256781235
2014-10-23,0.9598276188650218,0.9802902368639146
2014-10-24,0.9608020689352337,0.9793336242693064
2014-10-27,0.9597098062160879,0.9777106269127531
2014-10-28,0.9578098917263342,0.9769525775383807
2014-10-29,0.9555889438854548,0.9742343965172567
2014-10-30,0.9560000640770945,0.9745746676223892
2014-10-31,0.9571369445598454,0.9833929668880023
2014-11-03,0.9584739463368093,0.9816179878520207
2014-11-04,0.9568381788271458,0.9770575970569827
2014-11-05,0.9545356047274277,0.978755679045698
2014-11-06,0.9554552368078714,0.9803369559518741
2014-11-07,0.9522354116691253,0.9754706411004971
2014-11-10,0.9541387341115315,0.9789829643273161
2014-11-11,0.9541293856666075,0.9800443631214638
2014-11-12,0.9543568926174535,0.9748231423895325
2014-11-13,0.95230731780876,0.973558368495404
2014-11-14,0.9493452960054054,0.9706582373451488
2014-11-17,0.9485479818810273,0.9722627507748411
2014-11-18,0.9484250602642602,0.9766123099295411
2014-11-19,0.949549996535819,0.9786333905276927
2014-11-20,0.948911580042719,0.9773813828373986
2014-11-21,0.9507056052173336,0.9850236256188916
2014-11-24,0.9466600132680683,0.9825401675476271
2014-11-25,0.9466820781345043,0.9825995087403347
2014-11-26,0.9463092172374535,0.9822457754021918
2014-11-27,0.946095515413834,0.9825104123655601
2014-11-28,0.9416699310310629,0.978535202669209
2014-12-01,0.9410204925974763,0.9780911723481394
2014-12-02,0.9398516685809069,0.9769866847421175
2014-12-03,0.9410969593675415,0.9772684037241592
2014-12-04,0.9368473567683308,0.9752790054615703
2014-12-05,0.9314385544818068,0.9674898539091852
2014-12-08,0.9284477778720276,0.96468771955381
2014-12-09,0.9248801223015182,0.9593931183940506
2014-12-10,0.9253280041378334,0.9592904885176157
2014-12-11,0.9206372436726284,0.9550018039628174
2014-12-12,0.9252130218808511,0.9546397531057111
2014-12-15,0.9247968422183704,0.9530235566558447
2014-12-16,0.9228617640392466,0.9534100369973108
2014-12-17,0.9250676902183079,0.9573836788179916
2014-12-18,0.9259132234774701,0.9581836076263348
2014-12-19,0.9237056739799192,0.957109839658916
2014-12-22,0.9238875498861183,0.9570721472372654
2014-12-23,0.9242261534955076,0.9575734466717281
2014-12-24,0.9236029230912896,0.9569468917134748
2014-12-29,0.9238938334050252,0.957671315381638
2014-12-30,0.9231700696496087,0.9554612585944204
2014-12-31,0.9234485817796193,0.9567452067048376
2015-01-02,0.9224997926736226,0.9544538950282638
2015-01-05,0.9227063325705728,0.9533073071000704
2015-01-06,0.9296887841260165,0.9594859587094966
2015-01-07,0.9298409056561985,0.9607938882199457
2015-01-08,0.92996000226117,0.9659618101685581
2015-01-09,0.9312895728495576,0.9672379305691154
2015-01-12,0.9318436061787015,0.9684571845839237
2015-01-13,0.9331237448030693,0.9699231937007611
2015-01-14,0.9328178378756383,0.9715447327786698
2015-01-15,0.93404880002129,0.9696068438768367
2015-01-16,0.934545515162174,0.9683433375126064
2015-01-19,0.9374470727043015,0.9709768312351064
2015-01-20,0.9352678412814804,0.9707263800680634
2015-01-21,0.9371141540730538,0.9732362341556469
2015-01-22,0.9407497666665091,0.9799091399959439
2015-01-23,0.9393242653106123,0.9803825951697367
2015-01-26,0.9437578363794717,0.9857087447072035
2015-01-27,0.9415636180133392,0.9854612219692318
2015-01-28,0.9358524560422731,0.9785038713531209
2015-01-29,0.9368919675012597,0.9796563171556932
2015-01-30,0.9353204543758744,0.9787105067586835
2015-02-02,0.9387677291512567,0.9810224904017417
2015-02-03,0.9411404813428175,0.9848924349536651
2015-02-04,0.9437129593822129,0.9855302702462515
2015-02-05,0.9438641881837813,0.9845046867300208
2015-02-06,0.9438403622487015,0.9853153157317813
2015-02-09,0.9397414345064167,0.9804992778438275
2015-02-10,0.9431557658239059,0.984256526014665
2015-02-11,0.9451609320605954,0.9858504720027521
2015-02-12,0.9481776339856408,0.9901293710205528
2015-02-13,0.9468945034464232,0.9898338085984169
2015-02-16,0.9459906621251888,0.9886345361390165
2015-02-17,0.9466185889652772,0.9897448932509639
2015-02-18,0.945979808707503,0.9900969597724767
2015-02-19,0.947610770882179,0.9929293199513611
2015-02-20,0.9450366527242445,0.9900870090988654
2015-02-23,0.9452515176160735,0.991833820862489
2015-02-24,0.9490188970324437,0.9966662007538165
2015-02-25,0.9519765766830925,0.9992784780126946
2015-02-26,0.9525532337301985,1.0018093462393536
2015-02-27,0.9526803122933453,1.0038428993195658
2015-03-02,0.9538227322979029,1.0051263014154286
2015-03-03,0.9559907952635965,1.0051400702637168
2015-03-04,0.9562861583771942,1.0059602557585412
2015-03-05,0.9515014127555259,1.002374439395294
2015-03-06,0.9528279905891065,1.0033893095935826
2015-03-09,0.9535835382421188,1.0043542790775117
2015-03-10,0.9561913018917639,1.0062659155299245
2015-03-11,0.955949795316275,1.0109487882432628
2015-03-12,0.9548203176435384,1.0101448414187066
2015-03-13,0.9532175539095555,1.009691435051529
2015-03-16,0.9491357185671845,1.0061931443616092
2015-03-17,0.9477710517314842,1.003465412721376
2015-03-18,0.9547797490735781,1.0096154897218712
2015-03-19,0.9547309740460524,1.0097088560938723
2015-03-20,0.9545836190044209,1.0138921445608016
2015-03-23,0.9564474805839838,1.0133334434934724
2015-03-24,0.9512200669780767,1.0080328965059062
2015-03-25,0.9495167425984681,1.0042352083169246
2015-03-26,0.949763807210627,1.0038348237769574
2015-03-27,0.9487720362374872,1.0043831722405887
2015-03-30,0.9472536934876901,1.0052157135771749
2015-03-31,0.9423217309512257,0.9987377146507052
2015-04-01,0.9430634178447612,0.9998979055376194
2015-04-02,0.9392707047087518,0.9964935090066577
2015-04-07,0.9413246117188119,1.002568376810488
2015-04-08,0.939704622580354,0.9996474059746155
2015-04-09,0.9434593197978894,1.0067480996299762
2015-04-10,0.939628442421056,1.0068697334886842
2015-04-13,0.9372490372020712,1.0055768262028024
2015-04-14,0.9386479944455495,1.0044938930761562
2015-04-15,0.9430061755878337,1.009819705392128
2015-04-16,0.9431228504352757,1.006110199590241
2015-04-17,0.9465920563057286,1.0019225549593191
2015-04-20,0.9456665270685984,1.0047553613858162
2015-04-21,0.9464939219232578,1.0076840278304264
2015-04-22,0.9383508002762316,1.0008634516200754
2015-04-23,0.939201509722929,1.0011309645564805
2015-04-24,0.9419802669199429,1.0040267714731081
2015-04-27,0.9492638568664992,1.0140832309667203
2015-04-28,0.9507722658289129,1.0141096220076484
2015-04-29,0.9513471433997988,1.0137479792147783
2015-04-30,0.9487264761108042,1.0116790275290966
2015-05-01,0.9484791536568526,1.011501983699279
2015-05-04,0.9456107506078802,1.0073892821227186
2015-05-05,0.9495914785789971,1.016326492249367
2015-05-06,0.9504486760881987,1.016504139800606
2015-05-07,0.9508251894950033,1.0185427768195345
2015-05-08,0.9533590865579727,1.0247609656835581
2015-05-11,0.9570516292485187,1.0290492346653894
2015-05-12,0.9559304009396635,1.0301217597559287
2015-05-13,0.9580362403075012,1.0332873746082274
2015-05-14,0.9610201095527068,1.034793655594541
2015-05-15,0.9608129261502418,1.0348983595268437
2015-05-18,0.9609460308590565,1.034432199446036
2015-05-19,0.9642352414107637,1.03649719520863
2015-05-20,0.9655718278440594,1.0381590242429468
2015-05-21,0.967446253779389,1.0400852346554554
2015-05-22,0.9689081527195507,1.0415663902468948
2015-05-25,0.9681845269120714,1.0397750515351023
2015-05-26,0.9688829492713925,1.039894596689311
2015-05-27,0.9682878534958804,1.0400376498044293
2015-05-28,0.9681379192068525,1.0396216436865442
2015-05-29,0.966850158602616,1.03691128917716
2015-06-01,0.9677176801844477,1.0372463751764678
2015-06-02,0.9682153197494313,1.0384005675444483
2015-06-03,0.9686412898547507,1.0392595636455915
2015-06-04,0.9695509498503664,1.0388186562363622
2015-06-05,0.9703882880616539,1.0386750533936786
2015-06-08,0.9687823361159086,1.0360914739057192
2015-06-09,0.9735868869691732,1.0415629644918192
2015-06-10,0.9758499297757038,1.0460541197454374
2015-06-11,0.9781728992661864,1.0494140736624378
2015-06-12,0.9763871405219308,1.0467855567488646
2015-06-15,0.9750978729976328,1.0417191194782043
2015-06-16,0.9755263476928567,1.0431650419946035
2015-06-17,0.974728134184704,1.0402025438843547
2015-06-18,0.9730917224976938,1.0390969308419082
2015-06-19,0.9723746499977816,1.039962049878158
2015-06-22,0.9715501138837641,1.0442786533495476
2015-06-23,0.9714736143829195,1.0451795671333544
2015-06-24,0.9727064527088705,1.04580444030238
2015-06-25,0.9717937329858445,1.0451418887342117
2015-06-26,0.9722390768585047,1.0466477360859623
2015-06-29,0.9732253635584847,1.0469679909528606
2015-06-30,0.9716632344373652,1.044541738092709
2015-07-01,0.9698486933434487,1.0421273860533997
2015-07-02,0.9709989416039583,1.0433925871663388
2015-07-03,0.9698131577033079,1.0424760456464437
2015-07-06,0.9699672341077541,1.042601525936951
2015-07-07,0.969899980496465,1.0429433559115746
2015-07-08,0.9721597624250609,1.045859944802909
2015-07-09,0.9733036638759797,1.049460798362933
2015-07-10,0.9720280017516089,1.0538544229794715
2015-07-13,0.9685327293297494,1.0549185071355607
2015-07-14,0.9647030709158579,1.051619236289923
2015-07-15,0.9617515735199615,1.048492100760109
2015-07-16,0.9605358051879047,1.0500999443244396
2015-07-17,0.9599341041620125,1.0489425070952527
2015-07-20,0.959896597704028,1.049172430238565
2015-07-21,0.9646078647885512,1.054178337553258
2015-07-22,0.9594091686094438,1.0498924555556657
2015-07-23,0.9623729907457454,1.0531187654232554
2015-07-24,0.9589677900658465,1.0493397321125564
2015-07-27,0.9600826494049134,1.050760313301283
2015-07-28,0.9605889579630486,1.0513849621090443
2015-07-29,0.9607482491734104,1.0517480011382492
2015-07-30,0.9633375015903611,1.0534054854716393
2015-07-31,0.962964644686083,1.0540206894034765
2015-08-03,0.9603801435825683,1.0525267053910832
2015-08-04,0.9578456170974247,1.0488768473558372
2015-08-05,0.9615985407282646,1.0547440557402838
2015-08-06,0.9613832543706158,1.0543158549773775
2015-08-07,0.9607575538946584,1.052805217168617
2015-08-10,0.9614740621281612,1.0552884275939844
2015-08-11,0.958307606545578,1.0532029613465768
2015-08-12,0.9560212621135549,1.053294175510189
2015-08-13,0.9563409496005978,1.0527017479778042
2015-08-14,0.9536171691439955,1.0497240926609381
2015-08-17,0.9547807872399996,1.051042943612321
2015-08-18,0.9561150407105277,1.0530445000314437
2015-08-19,0.9512258620497654,1.0461152329256906
2015-08-20,0.9494526556529393,1.0417605036006825
2015-08-21,0.9542232128256589,1.0431161351891813
2015-08-24,0.9550496326834907,1.0323594642230634
2015-08-25,0.9581069530209061,1.0458050077933403
2015-08-26,0.95516384640254,1.0388038243258955
2015-08-27,0.9554960423007794,1.0490012702959335
2015-08-28,0.9557643555779322,1.049560825727913
2015-08-31,0.955001031218404,1.0485322973588374
2015-09-01,0.9524212934238737,1.0422284715133758
2015-09-02,0.9550942630323572,1.0460404769948275
2015-09-03,0.9545243840567884,1.049197175124557
2015-09-04,0.9522586994267628,1.0427720464496317
2015-09-07,0.9510453124051538,1.0422586133779366
2015-09-08,0.9493153087065063,1.0419511806534838
2015-09-09,0.9515170506547299,1.046688745336419
2015-09-10,0.9485579876321685,1.0412089534240434
2015-09-11,0.9473709830705689,1.0373407134210695
2015-09-14,0.9451963433276701,1.0334288295964835
2015-09-15,0.9451843369856181,1.0353643776813637
2015-09-16,0.9447525876073873,1.03851324282096
2015-09-17,0.9484466226182793,1.0435365268668957
2015-09-18,0.9456196686649327,1.0355079736345836
2015-09-21,0.9470067314375201,1.0426309506510227
2015-09-22,0.9395040648367855,1.0382906725514616
2015-09-23,0.9418982524459942,1.0406223810165518
2015-09-24,0.9469596891599968,1.0478656780502715
2015-09-25,0.9418057669782607,1.0420923269517266
2015-09-28,0.9397122548890756,1.0396612435700223
2015-09-29,0.9348873131606236,1.0340742465324642
2015-09-30,0.9284678981931043,1.028311316695001
2015-10-01,0.9341326217556222,1.0341894265571074
2015-10-02,0.9294816489662449,1.0291854941890195
2015-10-05,0.9303466869907704,1.0262405467164735
2015-10-06,0.9283939487076812,1.02306186650104
2015-10-07,0.925655636234887,1.0210151871609416
2015-10-08,0.9242202546473978,1.020205955810438
2015-10-09,0.9212447305491235,1.0153525982556961
2015-10-12,0.9231980619370277,1.017286658739719
2015-10-13,0.9233563937874023,1.018649865715254
2015-10-14,0.9203678541955245,1.016407361964504
2015-10-15,0.9172850743249615,1.0106091368878527
2015-10-16,0.9180312812580156,1.0100656174998153
2015-10-19,0.9143083361171619,1.0058392513811087
2015-10-20,0.9129562260481735,1.0040101118541578
2015-10-21,0.9139081886091797,1.0049389395541366
2015-10-22,0.9133485195485277,1.0047576458033471
2015-10-23,0.9164263180409321,1.00840403288236
2015-10-26,0.9155139817758993,1.007416232048337
2015-10-27,0.9149927591222654,1.0068287151323472
2015-10-28,0.9152342655595328,1.006430264261664
2015-10-29,0.9133314228235168,1.0038250820358798
2015-10-30,0.9151335954620192,1.0054852257288571
2015-11-02,0.9153551708671928,1.0047915298000454
2015-11-03,0.9138373881285091,1.0024764894903615
2015-11-04,0.9166044730820283,1.005665478254998
2015-11-05,0.9132775658973128,1.0020092304647126
2015-11-06,0.9111569790385348,0.9997552990233027
2015-11-09,0.9099256825380206,0.9983307360008254
2015-11-10,0.9113836964192046,1.0001976461405029
2015-11-11,0.9065962727351792,0.9952364183509791
2015-11-12,0.9057591963299967,0.9941128060406302
2015-11-13,0.906151877912064,0.9941353792996518
2015-11-16,0.9056077495365422,0.9932790590718291
2015-11-17,0.904878099064923,0.9917293831581309
2015-11-18,0.9089068078478114,0.9967368681867392
2015-11-19,0.9086177313820335,0.9965614191721508
2015-11-20,0.9071441700140812,0.995909354735281
2015-11-23,0.9072190767302746,0.9959997850936836
2015-11-24,0.8999290621285905,0.9864568387994596
2015-11-25,0.8981852828326881,0.9859110928993398
2015-11-26,0.904450913029343,0.9929919442852059
2015-11-27,0.9048081133842335,0.9934231237939473
2015-11-30,0.905796837859533,0.9944830823950459
2015-12-01,0.9074439853408811,0.9948301747661659
2015-12-02,0.9063296526610302,0.9942187631524045
2015-12-03,0.9099760126990748,0.991102120728717
2015-12-04,0.9075176136452966,0.9879029804948629
2015-12-07,0.9049616007497869,0.9877778396986732
2015-12-08,0.9049960458467684,0.9838524600247476
2015-12-09,0.9028230644701035,0.9799017071191939
2015-12-10,0.9040105464396908,0.9800347510996906
2015-12-11,0.9058507006618878,0.978072441751251
2015-12-14,0.9072171927084037,0.9754277102022709
2015-12-15,0.9085467303263459,0.9838156327605908
2015-12-16,0.9109006272150455,0.9862830796492214
2015-12-17,0.9110982539412925,0.9902618863390287
2015-12-18,0.9106278247171925,0.9879676063037401
2015-12-21,0.9070955339281371,0.9815154053495895
2015-12-22,0.9085073764968207,0.9827893631602668
2015-12-23,0.9088409475953803,0.9851225681848683
2015-12-24,0.9095572645919182,0.9858417498638692
2015-12-28,0.9089940003197262,0.9843318108603473
2015-12-29,0.9087159645693378,0.9865638263162297
2015-12-30,0.9082862343120479,0.9852460867139322
2015-12-31,0.9088285707307301,0.9852125917515725
2016-01-04,0.9035524999724367,0.9752459619210052
2016-01-05,0.905765861045124,0.9777867345950907
2016-01-06,0.9095518257922567,0.9788751770825826
2016-01-07,0.9089804556956437,0.9739364435396668
2016-01-08,0.9089300641513308,0.972259356318423
2016-01-11,0.9095936368181325,0.9724454963323838
2016-01-12,0.9105327064265215,0.9777756843659039
2016-01-13,0.9105468069349008,0.978160532878555
2016-01-14,0.9128997998183289,0.9763770824866396
2016-01-15,0.9139039137246471,0.9689912383542759
2016-01-18,0.9174058672622711,0.9718578233817975
2016-01-19,0.9165197078306587,0.9741480227216379
2016-01-20,0.9184742840102036,0.9712644996914765
2016-01-21,0.9184965878210122,0.9762092745406743
2016-01-22,0.9147782360507698,0.9709563461024311
2016-01-25,0.9075164816386149,0.9628587574967213
2016-01-26,0.9119889337219115,0.9678142997176967
2016-01-27,0.9115276195777303,0.9682811870858451
2016-01-28,0.9110473787307538,0.9649042200471566
2016-01-29,0.9120906963181183,0.9733732217995621
2016-02-01,0.9087004569060879,0.9690548245184732
2016-02-02,0.9077994035341889,0.963544488280091
2016-02-03,0.9008086209267298,0.9518665829556658
2016-02-04,0.9036673914396092,0.9551197390497547
2016-02-05,0.9052987173197145,0.9543841047469882
2016-02-08,0.9087727407223586,0.9560079833277269
2016-02-09,0.9104684011604555,0.9588575821766019
2016-02-10,0.9177186740738756,0.9662603630067066
2016-02-11,0.9180845712399185,0.9670683878574073
2016-02-12,0.9221372916654212,0.9698419150175231
2016-02-15,0.9223999195313126,0.968413184741274
2016-02-16,0.9226790751412709,0.9687027931283947
2016-02-17,0.9238523197689994,0.9720047267708772
2016-02-18,0.9289509569816142,0.9778525142795977
2016-02-19,0.924121307747603,0.9736718918753121
2016-02-22,0.9246589934975066,0.972457041627845
2016-02-23,0.9259790819820702,0.9740275494041404
2016-02-24,0.9241001668550982,0.9704099891800438
2016-02-25,0.9245801021289429,0.973492629862575
2016-02-26,0.9241220110779457,0.9765103158766583
2016-02-29,0.9221513780437115,0.9767327175531099
2016-03-01,0.9277430371551424,0.9854578273759768
2016-03-02,0.9310031104420464,0.9917038494851468
2016-03-03,0.9327958332188456,0.9943737149479475
2016-03-04,0.933367781730748,0.996239126461713
2016-03-07,0.9331726041543146,0.9958369919317795
2016-03-08,0.9340110717899884,0.9959263837067112
2016-03-09,0.9343609014654538,0.9958953986835449
2016-03-10,0.9375314761518382,0.9997522467418437
2016-03-11,0.9389010026088148,1.0005976296373038
2016-03-14,0.9425659739038754,1.0047131698452862
2016-03-15,0.943856272197362,1.0073770141164398
2016-03-16,0.9433797537539199,1.0066764417346477
2016-03-17,0.9443187358643446,1.0105513193500126
2016-03-18,0.944748602463307,1.0087554007384434
2016-03-21,0.9427599899958804,1.007792749862804
2016-03-22,0.9417960167321667,1.0053996994499117
2016-03-23,0.9418415850036015,1.004659191074189
2016-03-24,0.940314334721995,1.0077031418491418
2016-03-29,0.9398664515674315,1.005611420524269
2016-03-30,0.9417512668190711,1.0029511520427659
2016-03-31,0.940549348605209,1.004629464855906
2016-04-01,0.9410023454281444,1.009441647297886
2016-04-04,0.9406964397832431,1.0083379921536302
2016-04-05,0.9427695002371829,1.0144300711245537
2016-04-06,0.9413343295634881,1.0123114774570043
2016-04-07,0.9410405269679517,1.0129691998451333
2016-04-08,0.94026937180767,1.0118015539029752
2016-04-11,0.9379496177377378,1.010741524011419
2016-04-12,0.9414443017153157,1.013159878466182
2016-04-13,0.9409838876623976,1.0132508816745742
2016-04-14,0.9387954638207275,1.0103700024842563
2016-04-15,0.9380734391383858,1.0102579448342721
2016-04-18,0.9392153862985556,1.011094694460809
2016-04-19,0.9387384830029977,1.0094215406281803
2016-04-20,0.9386283787561758,1.0091600523813842
2016-04-21,0.9401217768804009,1.0098201442045351
2016-04-22,0.9350335442373245,1.0039879490663863
2016-04-25,0.9348753019478131,1.0031710554793247
2016-04-26,0.9364572288427261,1.0048552251689729
2016-04-27,0.9352583288432339,1.0035602312926168
2016-04-28,0.9329086859757426,1.0020787550607928
2016-04-29,0.9313674749768475,1.0012806218239256
2016-05-02,0.9333017416939903,1.0038866756688987
2016-05-03,0.9356225052919134,1.0087014407413
2016-05-04,0.9369072459550769,1.0113113544830639
2016-05-05,0.9385196891214745,1.0142444160589503
2016-05-06,0.942084848398303,1.0176793626814113
2016-05-09,0.9432368429202727,1.021245740301459
2016-05-10,0.942192859286924,1.0194100775839847
2016-05-11,0.9448304859587408,1.0221748030294384
2016-05-12,0.9437403080550751,1.0213763694655873
2016-05-13,0.9441632843152783,1.0212911703262082
2016-05-16,0.945310775362277,1.022808615057249
2016-05-17,0.943508970882545,1.0207049594767634
2016-05-18,0.9408457565529686,1.0173827762046876
2016-05-19,0.9437199567885493,1.0208544749664081
2016-05-20,0.9434696635113055,1.0203421671360164
2016-05-23,0.9402377265567964,1.0166933732293453
2016-05-24,0.9397740303350464,1.015584891165235
2016-05-25,0.9394035531203833,1.0148725445386721
2016-05-26,0.93897339498576,1.0139797404394555
2016-05-27,0.9363911204330346,1.0110416156241113
2016-05-30,0.9373883091152977,1.012352021323351
2016-05-31,0.9381019660775128,1.013734565576302
2016-06-01,0.9388119959818014,1.013206347424596
2016-06-02,0.9392820123654358,1.014503652294999
2016-06-03,0.9427919796540252,1.0174676572756447
2016-06-06,0.9421718006811295,1.0166851764325926
2016-06-07,0.9425551511098483,1.0184787932408894
2016-06-08,0.9440594867730089,1.0195827522724104
2016-06-09,0.9449571620916718,1.0191907725772673
2016-06-10,0.9461344732811956,1.017478313522802
2016-06-13,0.9445313624629829,1.0141251567701395
2016-06-14,0.945105370296563,1.013004835909705
2016-06-15,0.9460709414122163,1.014139417023654
2016-06-16,0.9467463717661161,1.0160177360267661
2016-06-17,0.9448829584580236,1.0127816243766798
2016-06-20,0.9507071091468743,1.0166181844713278
2016-06-21,0.9521770888628847,1.017830818591564
2016-06-22,0.9540850677770173,1.019708897501643
2016-06-23,0.9524237703701377,1.0176254986771738
2016-06-24,0.9639189887645101,1.031327234947147
2016-06-27,0.9638724632489322,1.0322498073635908
2016-06-28,0.9672551278129584,1.03459936345671
2016-06-29,0.9704633374629914,1.0372385771281327
2016-06-30,0.968808676576332,1.0357817820026247
2016-07-01,0.9689090229109105,1.037392757291323
2016-07-04,0.9711856384077946,1.037722243254534
2016-07-05,0.9707397559319253,1.0339178143958268
2016-07-06,0.9714139821890215,1.031449035434506
2016-07-07,0.9711574371138276,1.033316838564874
2016-07-08,0.9685922788643934,1.0376824505272935
2016-07-11,0.9690466782192729,1.0484839863842936
2016-07-12,0.9664299745790222,1.0530046221642628
2016-07-13,0.9668813284219805,1.0559902733846238
2016-07-14,0.9670662211157968,1.0576031833306285
2016-07-15,0.9684387351388799,1.058813881057282
2016-07-18,0.9698301739002911,1.061699734366414
2016-07-19,0.9746053389356217,1.0658558506830451
2016-07-20,0.9732482642986268,1.0676430206406442
2016-07-21,0.9745753136824796,1.06845250111518
2016-07-22,0.9742966891871543,1.068291352891301
2016-07-25,0.9769736580809502,1.072559092936437
2016-07-26,0.9783317782586789,1.0747316356894305
2016-07-27,0.9796234633837545,1.0765272454244326
2016-07-28,0.9809085588262875,1.078274115976901
2016-07-29,0.9774035885185596,1.0734144375891426
2016-08-01,0.97555153299841,1.0733373306970235
2016-08-02,0.9742186781060179,1.074065066488192
2016-08-03,0.9751538752277675,1.073847666132233
2016-08-04,0.9804441626023397,1.0794888534041691
2016-08-05,0.9795168744838958,1.0823227096217902
2016-08-08,0.9824685277052349,1.0871151853179537
2016-08-09,0.9843086311434432,1.0931607767161435
2016-08-10,0.9850253828491485,1.0936812195094778
2016-08-11,0.9847261436427968,1.0957076977768678
2016-08-12,0.9855585002050256,1.0968344724987826
2016-08-15,0.986381133394153,1.098299862270774
2016-08-16,0.9856006347857413,1.0980252444788523
2016-08-17,0.984154707943509,1.0982855456313494
2016-08-18,0.9840124945550951,1.0982679419692027
2016-08-19,0.9806700291131217,1.0931469140839878
2016-08-22,0.98221785806262,1.0946997731937953
2016-08-23,0.9822696127020334,1.0973341383376143
2016-08-24,0.9833642720121671,1.0990381107386502
2016-08-25,0.9843484469502152,1.098946021542738
2016-08-26,0.9832438838140058,1.0981166236841642
2016-08-29,0.9835575370798881,1.0980378823660701
2016-08-30,0.9831229171248714,1.0981919053855713
2016-08-31,0.9782465830105426,1.0940081939143795
2016-09-01,0.9764239858620387,1.0919359668674673
2016-09-02,0.9764434552141716,1.0905182231066155
2016-09-05,0.9754682597442264,1.089738394851171
2016-09-06,0.9768068494861119,1.0911032423497518
2016-09-07,0.9774542801904357,1.092372696514513
2016-09-08,0.9755691173274201,1.0901052341009083
2016-09-09,0.974212968057769,1.0895274174213037
2016-09-12,0.9754076444079515,1.0863473664218435
2016-09-13,0.9784295168756052,1.0868278090160632
2016-09-14,0.977269176948373,1.0840878425808684
2016-09-15,0.9778508715223458,1.0851127796111943
2016-09-16,0.9788913131060533,1.0815745531832262
2016-09-19,0.9787073901271561,1.0822942212901003
2016-09-20,0.9786624744390777,1.0802145435864536
2016-09-21,0.980462971661706,1.0829911809779433
2016-09-22,0.9772341882210855,1.0798774749644604
2016-09-23,0.9755247273958827,1.0776610676587295
2016-09-26,0.9758209953976629,1.077453492254878
2016-09-27,0.9754556583223422,1.0772809605017462
2016-09-28,0.9748682653947147,1.0769060853833612
2016-09-29,0.9735052643253683,1.0752379135281636
2016-09-30,0.9721508110770903,1.0739431598034022
2016-10-03,0.9734046055647699,1.0752478852529395
2016-10-04,0.9735937055160058,1.0759899506611816
2016-10-05,0.9731886372775339,1.0761095596332448
2016-10-06,0.9728409999971098,1.0763201780516758
2016-10-07,0.9731686619487023,1.076414781217918
2016-10-10,0.9730909498309229,1.0776669349172834
2016-10-11,0.9733747930746002,1.0772206595738485
2016-10-12,0.972281871814377,1.075056816457113
2016-10-13,0.9738300036525861,1.0753219388192878
2016-10-14,0.9721262008985585,1.0776855031808295
2016-10-17,0.9735725212853997,1.0782308401612741
2016-10-18,0.9730788998165224,1.079124393558652
2016-10-19,0.9726605659393992,1.0787647632235713
2016-10-20,0.9729322213448947,1.0791591429409881
2016-10-21,0.9721877323780436,1.0777930744271826
2016-10-24,0.9705624260811863,1.0759564789762726
2016-10-25,0.9713420912963691,1.0767594565033478
2016-10-26,0.9735814051953066,1.078117851183189
2016-10-27,0.9728697117292026,1.0783935471139168
2016-10-28,0.9687882251221267,1.0744005162064592
2016-10-31,0.9680813062214868,1.0716545782162687
2016-11-01,0.9672532588867341,1.0695193516213028
2016-11-02,0.9697057540962091,1.0704554061801386
2016-11-03,0.9684272810258838,1.0680589737590085
2016-11-04,0.9696225622911232,1.0685182023598216
2016-11-07,0.9708381861437142,1.072285202653803
2016-11-08,0.9707887997241845,1.0738213353304369
2016-11-09,0.9698403628425866,1.0755563937066077
2016-11-10,0.9650069493450127,1.0716364685117006
2016-11-11,0.9654708446934314,1.0711823740731912
2016-11-14,0.9617646912419966,1.0671791453631052
2016-11-15,0.9588305407785004,1.0648198560683486
2016-11-16,0.9590946791626825,1.0625206445907274
2016-11-17,0.9590065613892066,1.0645103923476236
2016-11-18,0.9602511676749902,1.064140142802496
2016-11-21,0.9643616320320227,1.0697851809714405
2016-11-22,0.9587051826598432,1.0658221950451616
2016-11-23,0.9576539108964253,1.0644868348069747
2016-11-24,0.9583060102906308,1.0657288272537577
2016-11-25,0.9607335177462494,1.067861970324681
2016-11-28,0.9616068845585058,1.0659766008361526
2016-11-29,0.964776199136265,1.071542348721113
2016-11-30,0.9620632573077605,1.068753687074719
2016-12-01,0.9621042009451186,1.0671855695951196
2016-12-02,0.9625716263688557,1.067263927904304
2016-12-05,0.9641161504136407,1.0684683192413638
2016-12-06,0.9663845867945712,1.0770665597537372
2016-12-07,0.9676942647709089,1.0789203842228048
2016-12-08,0.967774924186033,1.0809997805474303
2016-12-09,0.965746875934046,1.0811674373591154
2016-12-12,0.9650715684059009,1.0801389324450636
2016-12-13,0.9621870767392297,1.0782909720272436
2016-12-14,0.9626491339091171,1.0772566850126735
2016-12-15,0.9629697980543049,1.0795580814539059
2016-12-16,0.9638259651150519,1.0818956960945714
2016-12-19,0.9626207575208093,1.0814991481796048
2016-12-20,0.961421398497588,1.0806395359215484
2016-12-21,0.9620602147778563,1.080973195551226
2016-12-22,0.9665950398052051,1.0863148223977206
2016-12-23,0.9619610145167767,1.0808540867861691
2016-12-27,0.9603223413142606,1.0791944147109986
2016-12-28,0.9622227952636321,1.0814967049263087
2016-12-29,0.9606025950274985,1.0785147171839946
2016-12-30,0.9616580858848427,1.08052263525958
2017-01-02,0.9591564192241667,1.0792573931988165
2017-01-03,0.9633855825725919,1.0836023765448008
2017-01-04,0.9607234024464294,1.079811070313925
2017-01-05,0.9579215359004332,1.0772355207091353
2017-01-06,0.9566306751723797,1.0752592913305754
2017-01-09,0.9562853940659194,1.074066153270757
2017-01-10,0.9556076286965687,1.0729762836723271
2017-01-11,0.9544880922959469,1.072140098344319
2017-01-12,0.9637698990756152,1.0818383239885827
2017-01-13,0.9652241760134387,1.086030151325254
2017-01-16,0.9654963393083211,1.083378603736154
2017-01-17,0.9650464368184053,1.0824372046224888
2017-01-18,0.9667853834267747,1.0845573195448501
2017-01-19,0.9640110693016138,1.0815841696106983
2017-01-20,0.9641172420967673,1.0818278278505362
2017-01-23,0.962408522033782,1.0793825656819869
2017-01-24,0.9609308099622261,1.076789868848904
2017-01-25,0.9611978837091892,1.0775924424179388
2017-01-26,0.9608256177806526,1.077413899850329
2017-01-27,0.9602250965520828,1.0773898828732775
2017-01-30,0.9599553522896378,1.0775911380134298
2017-01-31,0.960675513228619,1.0786684693453674
2017-02-01,0.9627900792611002,1.0817041662534623
2017-02-02,0.9596997960424695,1.078668430755059
2017-02-03,0.9616873207219951,1.0808754035505503
2017-02-06,0.9623768119669649,1.084384927064206
2017-02-07,0.9656982886515776,1.0891001202686657
2017-02-08,0.9682111349871616,1.092515665715533
2017-02-09,0.9713259762251624,1.095325879271572
2017-02-10,0.9736626503944309,1.0970613841415022
2017-02-13,0.9774653319716624,1.0976303593386094
2017-02-14,0.9747308772848039,1.0940469352886444
2017-02-15,0.976284237348166,1.0952997900153043
2017-02-16,0.9748906336900146,1.0943161485089064
2017-02-17,0.9726935840114374,1.0925550485163753
2017-02-20,0.9751598107370268,1.095042313782974
2017-02-21,0.9776388451500913,1.0968945423082759
2017-02-22,0.9782246148097692,1.0965819544214914
2017-02-23,0.9773419310197661,1.0961464846704647
2017-02-24,0.9761762654206266,1.0952348284767568
2017-02-27,0.9802058654486631,1.0998304726855668
2017-02-28,0.9776449314644817,1.0975386125066842
2017-03-01,0.9792562228500148,1.1021992294000449
2017-03-02,0.9793150364656411,1.1018318880522497
2017-03-03,0.9802288412032253,1.1016034704724609
2017-03-06,0.9792681161860797,1.0997182452661605
2017-03-07,0.979068323625409,1.0993632426306954
2017-03-08,0.971480695565427,1.0909810624651348
2017-03-09,0.9657369747307049,1.0833964370870197
2017-03-10,0.9664111037239463,1.0847153197608834
2017-03-13,0.9663463054191317,1.0852977070420065
2017-03-14,0.9674391294991388,1.0863098054901161
2017-03-15,0.9668569738544316,1.0859705012943932
2017-03-16,0.9663832702344576,1.086595125338848
2017-03-17,0.9659691244126407,1.0868006623771282
2017-03-20,0.9651819867707152,1.084047957701274
2017-03-21,0.9648437820184969,1.0821627313561417
2017-03-22,0.9654030129332634,1.0816976385599273
2017-03-23,0.9662744055566004,1.0844996448318849
2017-03-24,0.9659647492886175,1.0849171386777972
2017-03-27,0.9646970385832241,1.0833045073361205
2017-03-28,0.9644916488752001,1.0839005108732558
2017-03-29,0.9650466988556244,1.08485014793873
2017-03-30,0.9657539939401153,1.086824164372732
2017-03-31,0.9697687604410068,1.091999890827404
2017-04-03,0.9701520305825191,1.0905646006282959
2017-04-04,0.9706174136565306,1.0913788990507356
2017-04-05,0.9713510814016942,1.0920171802803962
2017-04-06,0.970372872875645,1.0921359389650305
2017-04-07,0.967146953973334,1.0885178898092545
2017-04-10,0.9675715096783079,1.0879870863785208
2017-04-11,0.9690382539100171,1.0891243841704068
2017-04-12,0.9678750803536577,1.0871782976167728
2017-04-13,0.9663623843653893,1.0851932133729858
2017-04-18,0.9659819872401145,1.085039265409286
2017-04-19,0.9685703063679287,1.0881249956999406
2017-04-20,0.9669974082685429,1.0869237721678264
2017-04-21,0.9666396270325327,1.0863463398041397
2017-04-24,0.9662357930600624,1.088543910280179
2017-04-25,0.9656221963436084,1.0873807477652664
2017-04-26,0.9662636556791185,1.0879256089696598
2017-04-27,0.9679530922182761,1.0893078347576075
2017-04-28,0.9687991138257344,1.0906389440128414
2017-05-02,0.9699754729993101,1.091386437573021
2017-05-03,0.967048633882059,1.0879072286019469
2017-05-04,0.9663853829338033,1.0852959985372064
2017-05-05,0.9667605198619394,1.0857099731232642
2017-05-08,0.970524777955043,1.0902653414705186
2017-05-09,0.9719649905254091,1.0935346042144176
2017-05-10,0.9705015767483219,1.0916771520629651
2017-05-11,0.9709310654182377,1.0917821317478915
2017-05-12,0.9686608546557275,1.0898413508621467
2017-05-15,0.9716157677141316,1.0936635367053722
2017-05-16,0.9714033609430864,1.0933934359407183
2017-05-17,0.9779671853645961,1.0997393759834935
2017-05-18,0.9804650581365334,1.1041137225231574
2017-05-19,0.980002532793693,1.105046444162155
2017-05-22,0.9793860773482623,1.1041751539453721
2017-05-23,0.9802941367953965,1.10573020560896
2017-05-24,0.9810517275877301,1.1061122646205483
2017-05-25,0.9823926574713602,1.1069006269436321
2017-05-26,0.9838213785761182,1.1077327544959936
2017-05-29,0.9846842320760013,1.108236667439313
2017-05-30,0.9847986692210086,1.108006228391158
2017-05-31,0.9819859111639557,1.1043065701878618
2017-06-01,0.9809161893419402,1.1031962602107177
2017-06-02,0.9836977379893961,1.1059618313751312
2017-06-05,0.9827625877924739,1.1049277719770538
2017-06-06,0.9826004531592681,1.1046260399251913
2017-06-07,0.9835264459768108,1.1061636111146165
2017-06-08,0.9843497136684735,1.1071183940905616
2017-06-09,0.9845079136368936,1.1083095487497499
2017-06-12,0.9833192185804673,1.1062402660936401
2017-06-13,0.9831936563274618,1.1070070736751774
2017-06-14,0.9793977432038815,1.103341366546276
2017-06-15,0.9790773152990696,1.1030117259316863
2017-06-16,0.9818278611041366,1.1059599008218408
2017-06-19,0.9843255989587911,1.1081036734301146
2017-06-20,0.9815568742844282,1.1055543282778018
2017-06-21,0.983411368080387,1.1072674978749304
2017-06-22,0.9843904691778285,1.1082098007855108
2017-06-23,0.9864563763756015,1.1106824604166994
2017-06-26,0.9859837917208493,1.1097803116138638
2017-06-27,0.9889904798267719,1.114881263036695
2017-06-28,0.9887856773561023,1.1160185806992848
2017-06-29,0.9885379973121967,1.1194417565434227
2017-06-30,0.9877777867620221,1.1176519147195727
2017-07-03,0.9876994586002746,1.1200830861985553
2017-07-04,0.987229781035155,1.1194971303621417
2017-07-05,0.9878103396639936,1.1180261674938816
2017-07-06,0.9863698252993709,1.1189924143120928
2017-07-07,0.9845784632847895,1.1163104330010711
2017-07-10,0.9830780445967714,1.1147399259472932
2017-07-11,0.9836454654400347,1.1159873121639248
2017-07-12,0.9844836238699547,1.1180438330702853
2017-07-13,0.9823688439686366,1.116200847023154
2017-07-14,0.9822526691965743,1.116444198967741
2017-07-17,0.9834929280221946,1.1182339148131937
2017-07-18,0.9819701703678324,1.1178738762697416
2017-07-19,0.9801665173449338,1.1154046849829662
2017-07-20,0.9834082259268845,1.1191339777357656
2017-07-21,0.985617468282952,1.1246999034864036
2017-07-24,0.9836967388201379,1.1240913146121312
2017-07-25,0.9841200785224935,1.1236166619197885
2017-07-26,0.9859877820314131,1.1249723906534006
2017-07-27,0.9830911241560197,1.1215141688465347
2017-07-28,0.9802929820509492,1.1198164225346872
2017-07-31,0.9794140297750092,1.1185597206514555
2017-08-01,0.9812885694023615,1.120326711431893
2017-08-02,0.9813755900174818,1.120588858909567
2017-08-03,0.9804770015439348,1.1203284512908571
2017-08-04,0.9779639625819919,1.117347452731839
2017-08-07,0.9778096534824267,1.1172017666916914
2017-08-08,0.9779818246465966,1.1179842560897557
2017-08-09,0.9819507147249454,1.1219878280828137
2017-08-10,0.9813217351105336,1.118322123332247
2017-08-11,0.9837687429893962,1.118160906843527
2017-08-14,0.9890268573323595,1.1274921637350084
2017-08-15,0.9882434325182948,1.1275306435483525
2017-08-16,0.9903787380553916,1.130845033181094
2017-08-17,0.9899227786979489,1.1301561825938777
2017-08-18,0.991694399722841,1.1318597439703133
2017-08-21,0.9917034324441486,1.131263360079273
2017-08-22,0.9914922121374321,1.131579911207036
2017-08-23,0.9901638918279839,1.1298534376213312
2017-08-24,0.9910314708955422,1.1307073804819847
2017-08-25,0.9889233427842153,1.1299692109931174
2017-08-28,0.989060953534284,1.1305474155899145
2017-08-29,0.9867525281120781,1.1284951035142108
2017-08-30,0.9891191562481306,1.1298742589792963
2017-08-31,0.9889746770107744,1.130397239843285
2017-09-01,0.9866747935197262,1.12778010785526
2017-09-04,0.9871802174665495,1.1274178317128405
2017-09-05,0.9881726137743263,1.126347438383589
2017-09-06,0.9871468451193716,1.1239951894525884
2017-09-07,0.9875492782096013,1.1239026332934505
2017-09-08,0.9881161391443343,1.1246626908845887
2017-09-11,0.9908455853193606,1.1304244683933369
2017-09-12,0.9933080383335389,1.1318626038546662
2017-09-13,0.9923459340766516,1.1308332421767404
2017-09-14,0.9932965023656284,1.1316910910353424
2017-09-15,0.9955804764093645,1.1337747370077882
2017-09-18,0.9956335453955846,1.1343019404739216
2017-09-19,0.9979946763473726,1.137058981554778
2017-09-20,0.9954764913654128,1.1339645151641538
2017-09-21,0.9963928832650862,1.134081940832032
2017-09-22,0.9955679044287477,1.1317354453063653
2017-09-25,0.9939058205240816,1.1299880718462556
2017-09-26,0.9936090745139867,1.1286065510457253
2017-09-27,0.9949565060390072,1.1303261245497043
2017-09-28,0.993596348165491,1.129053574622784
2017-09-29,0.9948046678959324,1.1311542624109687
2017-10-02,0.9982604628692027,1.1358664431457064
2017-10-03,0.9963770213681131,1.1342673093084223
2017-10-04,0.991731558221026,1.1333844435113933
2017-10-05,0.9950151813381655,1.1353052133988455
2017-10-06,0.9945589157209354,1.1348751269043766
2017-10-09,0.9935506462203679,1.1338087262702243
2017-10-10,0.994344246172602,1.1342993232138021
2017-10-11,0.9945208667794646,1.134751523866823
2017-10-12,0.9932948036537619,1.1325961238900728
2017-10-13,0.9931723807116234,1.1319871634777934
2017-10-16,0.9928482397496867,1.131223287698577
2017-10-17,0.9955622241191822,1.1342424053239897
2017-10-18,0.9957547103747,1.1346813911735967
2017-10-19,0.9956015026627579,1.1356826384838312
2017-10-20,0.9977108697535968,1.1379444104519436
2017-10-23,0.9973888966550778,1.1390269904883927
2017-10-24,1.0017706912527837,1.1424642958129176
2017-10-25,0.9994744745386163,1.1389227952842134
2017-10-26,1.008514278903737,1.1526489228711403
2017-10-27,1.0027511921229817,1.146557821706858
2017-10-30,1.0023772972779568,1.1471573648754059
2017-10-31,1.0022158462382196,1.146928099986272
2017-11-01,1.0009693016675654,1.1430699001133322
2017-11-02,1.00159818073522,1.1448070330377988
2017-11-03,1.0038121422423578,1.1469590780657575
2017-11-06,1.0011555693960614,1.144279515655891
2017-11-07,0.9982526726202678,1.1418108611629578
2017-11-08,0.9970430136042938,1.1400282528599837
2017-11-09,0.9912440057176434,1.1327196092171905
2017-11-10,0.993004910505445,1.1348043991860945
2017-11-13,0.993322790143354,1.1348340760630256
2017-11-14,0.9926525123915334,1.134133872657461
2017-11-15,0.9917367965326139,1.1334081745305564
2017-11-16,0.9902856314293728,1.131227119477853
2017-11-17,0.987387078392096,1.1294565087297554
2017-11-20,0.9875171490512005,1.1304194205013756
2017-11-21,0.9864533827358335,1.129695195884306
2017-11-22,0.9898471523705951,1.1323915023315583
2017-11-23,0.9902675889644494,1.133547242503044
2017-11-24,0.9884492947644146,1.1316811500459583
2017-11-27,0.9887395676349672,1.131733918508447
2017-11-28,0.9884153077737454,1.1314141562528
2017-11-29,0.9872417737736164,1.1269719822644344
2017-11-30,0.9850973392543784,1.1237494793559462
2017-12-01,0.9863579159743802,1.1211035298077896
2017-12-04,0.9866265092030716,1.1255342071715388
2017-12-05,0.9856925706673737,1.1245684098498197
2017-12-06,0.9836669178513208,1.1233345670804218
2017-12-07,0.9822798730153851,1.122194610819087
2017-12-08,0.9830693781257643,1.1231712378696608
2017-12-11,0.9852610739268732,1.1262488962531165
2017-12-12,0.9897801854961406,1.1306208697078761
2017-12-13,0.9879755526548151,1.129177817060485
2017-12-14,0.9893614912151765,1.1306488606018812
2017-12-15,0.9900814673736363,1.1318202021104544
2017-12-18,0.9918256556641921,1.1323579224671858
2017-12-19,0.9922716020668604,1.1333558437924995
2017-12-20,0.9907375820562699,1.1313258250010658
2017-12-21,0.990789703994051,1.132112870280302
2017-12-22,0.9901555522626879,1.1309110369810553
2017-12-27,0.9896620739158165,1.1305876952202418
2017-12-28,0.9908140433350322,1.1322013206611985
2017-12-29,0.991237964949854,1.133314776883123
2018-01-02,0.992205008772389,1.1345233756563537
2018-01-03,0.9911601178198622,1.1331106822312396
2018-01-04,0.990343438235834,1.1319971967027742
2018-01-05,0.9885325359261709,1.1301541850960688
2018-01-08,0.9868648320959232,1.1284683635078496
2018-01-09,0.9857870430379801,1.1279568588922695
2018-01-10,0.9910055012821994,1.1334272033654502
2018-01-11,0.9896488723766887,1.1323813529867273
2018-01-12,0.9904607857682334,1.1335782966129413
2018-01-15,0.9892201520132635,1.1322802823737543
2018-01-16,0.9919882604265523,1.1359858805362475
2018-01-17,0.9918227763552733,1.1346429960323445
2018-01-18,0.992260952218487,1.1351902800475613
2018-01-19,0.9951793338820529,1.141840072597736
2018-01-22,0.995304490846106,1.1446897825418791
2018-01-23,0.9986802552112436,1.1471371770792844
2018-01-24,1.0000371770573164,1.1453094165402136
2018-01-25,0.9997212918149139,1.1433019546998102
2018-01-26,0.9983011549647453,1.143026572116517
2018-01-29,0.9975216344177839,1.1414606930482583
2018-01-30,0.9970677123713325,1.139088604587376
2018-01-31,1.0008381183546124,1.1435074043203861
2018-02-01,1.0012945926649734,1.1430700289739288
2018-02-02,1.0031671050628037,1.1426408570425237
2018-02-05,1.0046894529781734,1.1427256904446497
2018-02-06,1.007443395124965,1.1401922968041975
2018-02-07,1.0079691713036902,1.1449377178622904
2018-02-08,1.0117778047353032,1.1422613195599356
2018-02-09,1.0112780858309536,1.1368703469491055
2018-02-12,1.0129291582914877,1.1444363318265292
2018-02-13,1.013713375106659,1.1429882977169303
2018-02-14,1.0129527036323034,1.1461121802528338
2018-02-15,1.0070364326021453,1.144124157602206
2018-02-16,1.0074527212604154,1.1465087232224376
2018-02-19,1.0075966235218838,1.1450261507676542
2018-02-20,1.0085094098513936,1.1490521932266038
2018-02-21,1.0058968727387207,1.1466107744928655
2018-02-22,1.0067071607142084,1.1472183646593554
2018-02-23,1.005712460201876,1.1470455207322279
2018-02-26,1.0050118866200555,1.147500284391756
2018-02-27,1.00150068378552,1.1423118958508898
2018-02-28,0.9990975154361739,1.1389628342163318
2018-03-01,1.0025546030803052,1.1382226714696835
2018-03-02,1.006157688073524,1.1351510924134132
2018-03-05,1.0025359529222022,1.1357195530549637
2018-03-06,1.0025821137063526,1.1353639264839968
2018-03-07,1.003125802282653,1.1391178224322303
2018-03-08,1.0011477307612926,1.142487607560898
2018-03-09,1.0011194554496576,1.1437397174034587
2018-03-12,1.0029988713166422,1.145864365334814
2018-03-13,1.0016933315439087,1.1427281280298511
2018-03-14,1.002439788497311,1.144078129269217
2018-03-15,1.0033068505316163,1.146759371246651
2018-03-16,1.001736049775671,1.1446975448629122
2018-03-19,1.0030502524428337,1.144425451976138
2018-03-20,1.003888511058321,1.1463236702426411
2018-03-21,1.0060145947722066,1.1472897844162333
2018-03-22,1.0049713498274118,1.1446978718998333
2018-03-23,1.004603921446883,1.144349642440365
2018-03-26,1.0054740228521548,1.1456101465941917
2018-03-27,1.0053368178957192,1.1446247566104626
2018-03-28,1.0032063088406282,1.1431099472790989
2018-03-29,1.002599660402115,1.1415690579396387
2018-04-03,1.0074320774264973,1.1465857992899045
2018-04-04,1.0067451588839267,1.1459591781596563
2018-04-05,1.0077915717631145,1.149450129404834
2018-04-06,1.0073086537557567,1.1486442269632655
2018-04-09,1.006058369032056,1.1475324499362045
2018-04-10,1.0047831729216459,1.145318998301003
2018-04-11,1.0029280866002992,1.1438022130273249
2018-04-12,1.0007880167732184,1.140732109713924
2018-04-13,1.0016299711242145,1.1417815086818444
2018-04-16,1.0039532069154902,1.144382789725514
2018-04-17,1.0015047794719663,1.1394450957596334
2018-04-18,1.0025156190120728,1.1399526237704023
2018-04-19,1.0017920612397389,1.139163828928757
2018-04-20,0.9987848814393465,1.1349645672548054
2018-04-23,0.9982537208704498,1.1340968140688916
2018-04-24,1.0012468315479,1.1368844904357547
2018-04-25,1.003221002788676,1.139564694350467
2018-04-26,1.0033925017337884,1.1388064586379325
2018-04-27,1.0026205876863108,1.1370198830192655
2018-04-30,1.000623792463702,1.1343661888754644
2018-05-01,1.0008862245050274,1.1346847320478013
2018-05-02,0.9998003895618182,1.1329678508967351
2018-05-03,1.0016980421822268,1.135440419755138
2018-05-04,1.0002387727949689,1.131592856829351
2018-05-07,1.001968810339958,1.1326506140993537
2018-05-08,1.0008118797783991,1.1303064357339716
2018-05-09,0.9987335990820186,1.1277988996573727
2018-05-10,0.9973612941247337,1.1268624430259633
2018-05-11,0.9976567237162192,1.1268389826025067
2018-05-14,0.9984586203297063,1.127685692350143
2018-05-15,0.9995734915667027,1.128964524641291
2018-05-16,0.9969959589140617,1.1266223382129295
2018-05-17,0.9936582332502563,1.1237854177391788
2018-05-18,0.9911736050089067,1.1179832406353547
2018-05-21,0.9905065988419736,1.1164916490389767
2018-05-22,0.9877644693561517,1.1140112659477015
2018-05-23,0.988859087549548,1.1168008414236728
2018-05-24,0.9845283234973286,1.1118039558872292
2018-05-25,0.9815426431280341,1.1074995048479093
2018-05-28,0.9802054632542189,1.1054148569179043
2018-05-29,0.9830076018488771,1.107336515374723
2018-05-30,0.9917867816304744,1.1182331547901696
2018-05-31,0.9926897880113333,1.119483553350463
2018-06-01,0.9935403142594648,1.1201470808563676
2018-06-04,0.9948298777599399,1.1207792759867738
2018-06-05,0.9960649302891993,1.1229975282496645
2018-06-06,0.9968136360973554,1.1244967158070571
2018-06-07,0.9976656377961979,1.1265821529029783
2018-06-08,0.9952635616835529,1.1223663427754333
2018-06-11,0.9954865547835513,1.1261031331767482
2018-06-12,0.995651216207036,1.1264852317937128
2018-06-13,0.9931311157117308,1.1215605986593198
2018-06-14,0.9946000628824812,1.1253270593479239
2018-06-15,0.9952907387242859,1.1237716358079959
2018-06-18,0.9962516653543751,1.1255229647909866
2018-06-19,0.9942319104203023,1.1238481553965836
2018-06-20,0.9906029922462612,1.1208433098884953
2018-06-21,0.9881623488705739,1.1153414063576488
2018-06-22,0.9893672032316285,1.1162963602699008
2018-06-25,0.9870040242548379,1.112305874032792
2018-06-26,0.990120627840086,1.1142060938336444
2018-06-27,0.9914003075787536,1.117569803943857
2018-06-28,0.9910386943063059,1.1125130780245622
2018-06-29,0.9904100546419037,1.1135120302366701
2018-07-02,0.989995347749151,1.1123708916751507
2018-07-03,0.9877926551204831,1.1126137493742678
2018-07-04,0.9867131684391567,1.1115817563970425
2018-07-05,0.9864942527016871,1.1153285893190654
2018-07-06,0.9854119835318641,1.1146490191261667
2018-07-09,0.9871817850682454,1.117000155097045
2018-07-10,0.9908272471803222,1.1220501809019061
2018-07-11,0.9901767733272764,1.1193740784997575
2018-07-12,0.9886002671478655,1.1186827653000242
2018-07-13,0.987820906181084,1.1176151291764131
2018-07-16,0.9865757134816928,1.1158812120047166
2018-07-17,0.986629470194401,1.1160639528195073
2018-07-18,0.9905740656638369,1.1209065731072425
2018-07-19,0.9897184757206118,1.1199118805482695
2018-07-20,0.9881505297498341,1.1176739095239712
2018-07-23,0.9880751149499971,1.1179154574315202
2018-07-24,0.9882343517104383,1.1197965026776706
2018-07-25,0.9841381290908374,1.114570638503702
2018-07-26,0.9830821455654785,1.1159535769611377
2018-07-27,0.9862712330904742,1.11986138753416
2018-07-30,0.9869831040970807,1.121053232168612
2018-07-31,0.9883269434503124,1.1223988303648234
2018-08-01,0.9859005747204542,1.1209468196575259
2018-08-02,0.986560264762781,1.1221798852663123
2018-08-03,0.9874262076271418,1.1225077344913996
2018-08-06,0.9854916553408287,1.1203246201750217
2018-08-07,0.985314463791888,1.1199374591363598
2018-08-08,0.9841785557906167,1.1188447682813127
2018-08-09,0.9816466670966566,1.1160264488886862
2018-08-10,0.9828990281587789,1.1155027726027678
2018-08-13,0.978666079877254,1.1086812457783088
2018-08-14,0.979421958123907,1.1090303294949502
2018-08-15,0.9797965726161639,1.1084241552635046
2018-08-16,0.9729372995509757,1.10033635296402
2018-08-17,0.9757599632353814,1.1030158900982119
2018-08-20,0.9794645382762088,1.109054457076656
2018-08-21,0.9819292482827738,1.11209528743983
2018-08-22,0.9838296094650845,1.1150914604099966
2018-08-23,0.9845568965701623,1.1161252974731801
2018-08-24,0.9840702938945138,1.115841724520307
2018-08-27,0.9843430105772663,1.1187744229131318
2018-08-28,0.9835520675268408,1.1180708850160903
2018-08-29,0.9851478614679995,1.1205346261210862
2018-08-30,0.9830398194262312,1.1185155474143116
2018-08-31,0.9815322961330838,1.1151931591163253
2018-09-03,0.9801965462235667,1.1135854825781768
2018-09-04,0.9828387629629722,1.1139269941797056
2018-09-05,0.9838620400051936,1.112896648643839
2018-09-06,0.9853735175520993,1.1139041225194035
2018-09-07,0.9899533890893106,1.119043086094465
2018-09-10,0.9887013228579113,1.118302278226833
2018-09-11,0.9872545056058692,1.1162612536986003
2018-09-12,0.988250268199805,1.1187146719960623
2018-09-13,0.9930740845720071,1.1247731558623952
2018-09-14,0.9943152968393926,1.1262940691470043
2018-09-17,0.9941740321138307,1.1271710790068115
2018-09-18,0.994951145861633,1.1286058348603485
2018-09-19,0.994784558632892,1.1312712842107562
2018-09-20,0.9991742714383244,1.1378416374608968
2018-09-21,0.9986235642949579,1.1377826565678169
2018-09-24,0.996174823812978,1.1348964512546296
2018-09-25,0.9959783426951598,1.1332929493383903
2018-09-26,0.998092558801885,1.1335076265858819
2018-09-27,0.9969666549690757,1.1305773350767028
2018-09-28,0.9964081504990585,1.1270200727934165
2018-10-01,0.9948532061182828,1.1253255197409393
2018-10-02,0.9955001719859196,1.1267126895689947
2018-10-03,0.9948466895583044,1.1261141033000752
2018-10-04,0.9940492177895078,1.1263886981951499
2018-10-05,0.9939317953295772,1.1268932340917954
2018-10-08,0.9937072660481694,1.1269801935477974
2018-10-09,0.9961072915224282,1.1293788956984823
2018-10-10,1.0049762821941401,1.138089478180258
2018-10-11,1.006229154613333,1.1401393770264059
2018-10-12,1.007093265762573,1.1411159487256548
2018-10-15,1.0072832763293817,1.1415568532841134
2018-10-16,1.0035834601205966,1.1387906123998464
2018-10-17,1.003700770941908,1.1364268149981882
2018-10-18,1.0028324249149796,1.132324158842758
2018-10-19,1.0044453506665518,1.1327335796286655
2018-10-22,1.008475091748483,1.136658445757736
2018-10-23,1.0137068149510429,1.1390294443245157
2018-10-24,1.0115553073169399,1.1352208846611802
2018-10-25,1.0135506694880734,1.1409694718785544
2018-10-26,1.0131092609695431,1.1394239995370719
2018-10-29,1.0149456954571958,1.1407087913242155
2018-10-30,1.0169065448889651,1.1421455238303992
2018-10-31,1.0163960096463702,1.1404124293736595
2018-11-01,1.0141738038593322,1.1379069508259847
2018-11-02,1.0131317520663587,1.1355664567627122
2018-11-05,1.0126254769599807,1.1364611083219012
2018-11-06,1.0150075444809268,1.1384189742214368
2018-11-07,1.013269026736701,1.1390390089173947
2018-11-08,1.0126540791235348,1.1393535039923965
2018-11-09,1.013769928359062,1.1422994452727497
2018-11-12,1.012694320267157,1.143811273993479
2018-11-13,1.0103476264992626,1.1389248221837045
2018-11-14,1.009628743833554,1.1377020490347125
2018-11-15,1.0080627698333338,1.1382421948889405
2018-11-16,1.0077288360448386,1.1414472768196287
2018-11-19,1.004977359963511,1.1386148566872816
2018-11-20,1.004661695775828,1.139946973667089
2018-11-21,1.002753606227548,1.1361432928046737
2018-11-22,1.00039926241068,1.1342255112069428
2018-11-23,0.997562507840832,1.1316355915781249
2018-11-26,1.0003821281814014,1.1346464375225327
2018-11-27,0.9969776993639335,1.1329966295456395
2018-11-28,0.9997876366927532,1.1350725934474342
2018-11-29,1.004236801745647,1.140502484670997
2018-11-30,1.0055653734575936,1.1420656659419208
2018-12-03,1.0047376640180279,1.1448776061530734
2018-12-04,1.0069085493222347,1.146809358973424
2018-12-05,1.0042366291739095,1.1390020019918747
2018-12-06,1.0012262608716562,1.125801730976303
2018-12-07,1.0036840592776215,1.1310913611599298
2018-12-10,1.0010263601902494,1.1261097335201007
2018-12-11,1.0029509702831458,1.1322398194715422
2018-12-12,1.0009123282019956,1.1340697347565925
2018-12-13,0.9997053424502669,1.1308910689818046
2018-12-14,1.0007906678848388,1.1321011585490406
2018-12-17,1.000318566938403,1.132812237675941
2018-12-18,1.0009200672326983,1.133784096325786
2018-12-19,0.9988395470736623,1.1316005353036047
2018-12-20,0.9962138589418024,1.1310162427609012
2018-12-21,0.998715903603073,1.133778705534522
2018-12-24,0.9969386737422625,1.1340339634269772
2018-12-27,1.0015631261677573,1.1353633274538684
2018-12-28,1.004698268648043,1.1395020716379678
2018-12-31,1.0018248773342011,1.1350590911516645
2019-01-02,1.0061611278407492,1.1398990314418627
2019-01-03,1.0084998975714947,1.1456869258558287
2019-01-04,1.0071191417403713,1.137337133829862
2019-01-07,1.0092674416198024,1.139620130507245
2019-01-08,1.0111702343553455,1.1391508891414586
2019-01-09,1.0115816798526993,1.137031155450065
2019-01-10,1.010762089551161,1.1377334447571605
2019-01-11,1.0140631336586083,1.1413320200512458
2019-01-14,1.0121426528078001,1.141074745883368
2019-01-15,1.0095414457415395,1.137442503578864
2019-01-16,1.0087924624282734,1.1377611529001468
2019-01-17,1.0089786239751894,1.1381067020167148
2019-01-18,1.0097620071681033,1.1402833740799934
2019-01-21,1.0073201377414496,1.1376009858562963
2019-01-22,1.0092756690946447,1.1398124011552166
2019-01-23,1.0107192063477044,1.1411680165483988
2019-01-24,1.0150959746415085,1.1450854698721409
2019-01-25,1.0142684827844501,1.1429741189256346
2019-01-28,1.0160893324806997,1.1454921635947526
2019-01-29,1.0178197644486526,1.1452734524041126
2019-01-30,1.0207252067658483,1.1490937084703674
2019-01-31,1.0224018331456863,1.151795051321858
2019-02-01,1.0233958304419308,1.1538100397232869
2019-02-04,1.0242006182239538,1.1539632746106931
2019-02-05,1.024729968588855,1.1585740682021923
2019-02-06,1.0259376657520525,1.1596126107563922
2019-02-07,1.0236020705465279,1.1594178622957576
2019-02-08,1.0241800495074525,1.1607383344109679
2019-02-11,1.0213562872990307,1.1583759496279025
2019-02-12,1.0218807407596655,1.159077271869672
2019-02-13,1.023120768210868,1.1612064151921986
2019-02-14,1.0233430859711627,1.1619640814454588
2019-02-15,1.0207864564299067,1.1566122578140214
2019-02-18,1.022649752192859,1.1574361035539404
2019-02-19,1.021517441876011,1.1570251690029345
2019-02-20,1.0229071344130924,1.1579854360496398
2019-02-21,1.022029981979389,1.1577006551920836
2019-02-22,1.0207258578259744,1.1575014841550837
2019-02-25,1.02205624503134,1.1593325258890765
2019-02-26,1.0189836893321023,1.1561751827108793
2019-02-27,1.0226084753584141,1.1588843910599873
2019-02-28,1.0208062608571289,1.1572863484557605
2019-03-01,1.0220139599249556,1.1573022282965462
2019-03-04,1.0208895700924163,1.156051723149717
2019-03-05,1.0232090161820189,1.1587498748704133
2019-03-06,1.0242351416429698,1.1614336794211686
2019-03-07,1.0199442159260002,1.1622248857586788
2019-03-08,1.0185024978527175,1.1623736676288907
2019-03-11,1.0197371788360778,1.1632494293641682
2019-03-12,1.0189828081042258,1.162894255848506
2019-03-13,1.0179823918427393,1.1618362503377258
2019-03-14,1.0173144843512283,1.161525005398805
2019-03-15,1.0165493238768106,1.1616610869787203
2019-03-18,1.0141916558605317,1.1603578999071456
2019-03-19,1.0196149200905547,1.1656481947835462
2019-03-20,1.0181217405042307,1.1639039811521545
2019-03-21,1.0132028154609225,1.1584872862770093
2019-03-22,1.0165096236028643,1.16341345425517
2019-03-25,1.0136886234436757,1.1597792761850108
2019-03-26,1.0129504924563426,1.1576468533154372
2019-03-27,1.0095883844851237,1.1541296673050032
2019-03-28,1.0081329860426407,1.1529326142661207
2019-03-29,1.0133019639060945,1.1581835555642899
2019-04-01,1.0091344589400655,1.1544003684316886
2019-04-02,1.0098302156739114,1.1557929840948677
2019-04-03,1.011272971951534,1.1591501508284678
2019-04-04,1.0123896015079537,1.160939949003364
2019-04-05,1.0113746698381534,1.1602357839778037
2019-04-08,1.014116208053109,1.1633955304316146
2019-04-09,1.0152459031155725,1.1660353244101358
2019-04-10,1.013754041840913,1.1640916468827174
2019-04-11,1.0140287003847828,1.1630696163037166
2019-04-12,1.016476288536224,1.16465911115449
2019-04-15,1.0140125891440361,1.161523280244843
2019-04-16,1.01240721748134,1.1586572226152896
2019-04-17,1.0092882521714888,1.154655208944592
2019-04-18,1.0085823973865646,1.1551282191512882
2019-04-23,1.0110009010764467,1.1580495164627376
2019-04-24,1.0099822602363306,1.1545106316373908
2019-04-25,1.0093952392950158,1.1545553182984392
2019-04-26,1.0072598451861823,1.1519524942019208
2019-04-29,1.007433955242783,1.1518650931923884
2019-04-30,1.008541391571563,1.1538050682287224
2019-05-02,1.009459343611683,1.1537992377560589
2019-05-03,1.009953780524033,1.1547961297862301
2019-05-06,1.0076932789912132,1.150185907119972
2019-05-07,1.0086843518157973,1.1484324879305707
2019-05-08,1.0095483359404114,1.1508944897262392
2019-05-09,1.0082092341446307,1.1443884355065101
2019-05-10,1.0061673611398652,1.1425068115188461
2019-05-13,1.0038897983966821,1.1364696767075717
2019-05-14,1.0059965499229149,1.1433386988089669
2019-05-15,1.0067517008719473,1.145731278127505
2019-05-16,1.0103876266401544,1.1513658528261166
2019-05-17,1.008744667841443,1.1501630445373676
2019-05-20,1.010612052726179,1.149697429944972
2019-05-21,1.0176764413713315,1.1601871392148329
2019-05-22,1.0150634355498453,1.1587586196524957
2019-05-23,1.0148116938032692,1.1559983554976587
2019-05-24,1.011210273128878,1.1531291339403478
2019-05-27,1.0106244931566923,1.1533255648960055
2019-05-28,1.008204452001858,1.1498640858492888
2019-05-29,1.0096449639008833,1.1491874780327036
2019-05-30,1.0113518517937765,1.1516518373510811
2019-05-31,1.0125043760518835,1.1516154849514941
2019-06-03,1.0084278623992058,1.147874521700614
2019-06-04,1.0127230129856064,1.151528887636001
2019-06-05,1.0140322752304,1.1545473369547072
2019-06-06,1.0145719122719647,1.1553790493689897
2019-06-07,1.015642812922094,1.1580451695818068
2019-06-10,1.016164306347038,1.1587343633580218
2019-06-11,1.0158659344623957,1.1598541834922569
2019-06-12,1.0176017374333957,1.1606312879646934
2019-06-13,1.01841161723477,1.1618848368581614
2019-06-14,1.0179932005175727,1.16175979789681
2019-06-17,1.0170744344801763,1.1597656950611308
2019-06-18,1.0214998987648483,1.165929562042583
2019-06-19,1.0223983340639125,1.1681934472014415
2019-06-20,1.022169257175119,1.1663816066804942
2019-06-21,1.0221486613291932,1.1666158965516749
2019-06-24,1.024087988580333,1.1687216566051513
2019-06-25,1.0255800976295808,1.17067201994307
2019-06-26,1.026020363334277,1.170864029852639
2019-06-27,1.0261284218198934,1.171220294427696
2019-06-28,1.0257069134581642,1.1693316680208168
2019-07-01,1.0281467582138855,1.1707948339657699
2019-07-02,1.0300359399078969,1.173245603761093
2019-07-03,1.0261347204866642,1.1663162345805507
2019-07-04,1.0272995118919108,1.1665457980201417
2019-07-05,1.0269028160497258,1.1671774360903582
2019-07-08,1.0264462010233033,1.1672107107494407
2019-07-09,1.028593179907522,1.1717783814826475
2019-07-10,1.0277103082332548,1.170831124625235
2019-07-11,1.0246340425292153,1.167472973093602
2019-07-12,1.0260192846487248,1.167930311804238
2019-07-15,1.024282194870424,1.166368409094959
2019-07-16,1.0266816688372984,1.168750647635785
2019-07-17,1.024982342481983,1.166954763287831
2019-07-18,1.0234190523139475,1.1648884198317324
2019-07-19,1.0224853220289742,1.1639149577524572
2019-07-22,1.0210853708932017,1.162352647742363
2019-07-23,1.0229995148544788,1.164923151696159
2019-07-24,1.0197445149767999,1.1613435940192214
2019-07-25,1.0206056901326581,1.1612264009019964
2019-07-26,1.0218838774981915,1.1629528954209947
2019-07-29,1.021650366276502,1.1632042861013066
2019-07-30,1.0197791496881499,1.1603337730379655
2019-07-31,1.0171490601665447,1.1580401886748086
2019-08-01,1.016398719330081,1.1554601218216412
2019-08-02,1.0197013529130727,1.1548808843184901
2019-08-05,1.0195061060272135,1.1539931258144132
2019-08-06,1.0174400804736734,1.1516949675754347
2019-08-07,1.019510907672235,1.1523161256719465
2019-08-08,1.0171405129240898,1.1557720413846642
2019-08-09,1.016101255320758,1.1475429494497138
2019-08-12,1.0164792841077999,1.1460138718565285
2019-08-13,1.0135889778766995,1.1467400633164753
2019-08-14,1.011110417077063,1.1356327626049068
2019-08-15,1.011973599185704,1.1366977558165283
2019-08-16,1.0086410336284286,1.139447310463158
2019-08-19,1.007539444678085,1.138919895523591
2019-08-20,1.007368351744571,1.1364685739797644
2019-08-21,1.0083648865611523,1.1390925744012086
2019-08-22,1.0080542142941378,1.1391082091629074
2019-08-23,1.0079012832768703,1.136869347696338
2019-08-26,1.0050538133183409,1.1361409399064129
2019-08-27,1.0060509871606127,1.1375925178022586
2019-08-28,1.0038291269280746,1.135925691923776
2019-08-29,0.998496559041642,1.1327032861215167
2019-08-30,0.9991644990853537,1.1327136298639993
2019-09-02,0.9983017961394183,1.1329475086830236
2019-09-03,0.9962798678527696,1.1302807419715541
2019-09-04,1.0000417915044169,1.1330135131810768
2019-09-05,1.0060934931077243,1.1363274654173054
2019-09-06,1.0063603050645658,1.1361756239133862
2019-09-09,1.009446420907467,1.1362073755542736
2019-09-10,1.01081865244019,1.1371350421467246
2019-09-11,1.0113147919787642,1.137313236022416
2019-09-12,1.0113198500245584,1.1374082400485204
2019-09-13,1.008939049176415,1.13175776600485
2019-09-16,1.0102087270812512,1.1352445567932512
2019-09-17,1.0097117807662443,1.1377949962686371
2019-09-18,1.0079075789331748,1.1364944620251842
2019-09-19,1.010351685246182,1.1370943924353019
2019-09-20,1.00716348658742,1.133633014492607
2019-09-23,1.0087418517192575,1.1361315409111956
2019-09-24,1.0081051183516572,1.135136148021307
2019-09-25,1.007958989412501,1.1347760059934067
2019-09-26,1.0081211145089997,1.1349110102859647
2019-09-27,1.0065534231493964,1.13499520409388
2019-09-30,1.006664556149812,1.1370829536293359
2019-10-01,1.0062891058874583,1.1333381565545595
2019-10-02,1.0078216044229014,1.1296795483916047
2019-10-03,1.01037175892506,1.1345595470432135
2019-10-04,1.0129242783444916,1.1404949996271658
2019-10-07,1.0127497844255084,1.142167665207029
2019-10-08,1.0131448930082672,1.1399168814013811
2019-10-09,1.0143501581357406,1.1439616782349877
2019-10-10,1.0154666825678287,1.148897672066605
2019-10-11,1.0150489806842096,1.1544935489901615
2019-10-14,1.0151730576035323,1.1539586213934736
2019-10-15,1.0107584511761718,1.151903506372702
2019-10-16,1.0110416780792633,1.1486182176877004
2019-10-17,1.0109061735867562,1.147426943215115
2019-10-18,1.0079498457022327,1.143163707576156
2019-10-21,1.0104775305497373,1.1453966770384707
2019-10-22,1.0080137864852248,1.1426534608144905
2019-10-23,1.0079785149968172,1.1419868764301933
2019-10-24,1.0121593245511689,1.14708915754821
2019-10-25,1.0138569129594615,1.1501312349003658
2019-10-28,1.0107884571627743,1.1468368548773493
2019-10-29,1.009887010972115,1.1445932597357489
2019-10-30,1.0189137713111607,1.1547147652779024
2019-10-31,1.0239459983292019,1.1609582333436355
2019-11-01,1.0250089710049146,1.1618225802938655
2019-11-04,1.0217888731481222,1.1597357003889768
2019-11-05,1.0214374085962075,1.1596752535085861
2019-11-06,1.0217611996230114,1.162165106798055
2019-11-07,1.0185696871111067,1.1585773973673676
2019-11-08,1.018965725572738,1.158371433178704
2019-11-11,1.0199859245283474,1.159104402853174
2019-11-12,1.0196133975529837,1.1599814262655601
2019-11-13,1.0173667629457424,1.1562466512712686
2019-11-14,1.0153862789954569,1.1531057010528232
2019-11-15,1.0149248594663,1.1525857740737429
2019-11-18,1.017502780974593,1.1540810988848214
2019-11-19,1.015985172651454,1.153217395559875
2019-11-20,1.0165171307946443,1.1548795505957787
2019-11-21,1.0174839080895643,1.1560247748049444
2019-11-22,1.018614731405266,1.1577797670636587
2019-11-25,1.019055285256671,1.159112241891808
2019-11-26,1.016499627996297,1.1570613770233351
2019-11-27,1.0181705158685552,1.1593052506092885
2019-11-28,1.0199253429303141,1.16099350299483
2019-11-29,1.0196379457090754,1.1604098937339946
2019-12-02,1.0183461202271729,1.1507009264532155
2019-12-03,1.020838408582973,1.1520725015664162
2019-12-04,1.0232028827958939,1.1588789916356284
2019-12-05,1.0229893626328028,1.1580834253698378
2019-12-06,1.0230441653687252,1.1642312774643215
2019-12-09,1.0236805042331094,1.1628967987359113
2019-12-10,1.0283102986671113,1.1680335347841448
2019-12-11,1.0276126956422305,1.167761645135711
2019-12-12,1.0279927263076065,1.1696959409787622
2019-12-13,1.0286426905065948,1.1719100944243996
2019-12-16,1.0288708007878664,1.1733272182646959
2019-12-17,1.0298514038892297,1.1741133001146995
2019-12-18,1.0284242144761226,1.1722496499332744
2019-12-19,1.028144856742501,1.1722649241022882
2019-12-20,1.0264276578828295,1.1736273453816928
2019-12-23,1.0285665068656076,1.175932082053974
2019-12-24,1.0292373548200335,1.1767466226925998
2019-12-27,1.0287841597456866,1.1765108082661933
2019-12-30,1.0281027368403581,1.1747409720324864
2019-12-31,1.0296685957489404,1.176647034199178
2020-01-02,1.0301837818030415,1.177335456507592
2020-01-03,1.0252092119387286,1.172653333157055
2020-01-06,1.0233250212329932,1.1699945989216605
2020-01-07,1.021893761227624,1.1680542666936173
2020-01-08,1.0218024435200264,1.1683007026937098
2020-01-09,1.0276595073596233,1.1773804035563726
2020-01-10,1.0291236116644769,1.179278054159904
2020-01-13,1.0253109039015138,1.176195739136968
2020-01-14,1.0242175928525161,1.1759788033429452
2020-01-15,1.0212948040771372,1.1716774532182657
2020-01-16,1.0180383779188282,1.1686509479801876
2020-01-17,1.0154911455496252,1.16868715318753
2020-01-20,1.0186861748014577,1.17115316107102
2020-01-21,1.0200419012635527,1.173035447326755
2020-01-22,1.017379885773679,1.1710483123507256
2020-01-23,1.017280651120025,1.1714151282114156
2020-01-24,1.0145506690175965,1.1664534173674506
2020-01-27,1.0132380350282415,1.1666793779273605
2020-01-28,1.0111199013661512,1.1630973443673518
2020-01-29,1.0110883063392677,1.161328774662008
2020-01-30,1.008029717763968,1.1606875299253854
2020-01-31,1.0113271148952248,1.1670361859117373
2020-02-03,1.0087649417993279,1.1636762589292895
2020-02-04,1.0072375613171485,1.1624265799359792
2020-02-05,1.0043446098037072,1.1590114782085208
2020-02-06,1.0025061634326082,1.1562239298796817
2020-02-07,0.9992256269578702,1.1515261046709455
2020-02-10,0.9994377388989388,1.1523840601390398
2020-02-11,1.0003381959077497,1.1532336431331724
2020-02-12,1.0036676135532971,1.1572571042506392
2020-02-13,0.9980412182284967,1.1509101785085842
2020-02-14,0.9994422194890864,1.1533685002367935
2020-02-17,0.9995162550701591,1.152013794661988
2020-02-18,0.9992039376920931,1.1541972458116436
2020-02-19,0.9977851177092574,1.1503406539921872
2020-02-20,0.9995163473533175,1.1526200436918155
2020-02-21,0.998553176035284,1.1528224274597934
2020-02-24,0.9914747881467543,1.1478584511321794
2020-02-25,0.9903160103547752,1.1429909655952095
2020-02-26,0.9821579889385922,1.1348093623854034
2020-02-27,0.9789382762535839,1.1307316398181633
2020-02-28,0.9802699927629894,1.1282280364760642
2020-03-02,0.9766633428347011,1.1265859544295758
2020-03-03,0.9719468187329816,1.1215842812433257
2020-03-04,0.9682997968001721,1.119217171435404
2020-03-05,0.9649236287634533,1.115937140778961
2020-03-06,0.9621434064544545,1.1135064277739997
2020-03-09,0.9525941951178353,1.1033364737487406
2020-03-10,0.9620600208073916,1.1132302034440829
2020-03-11,0.9523190031490043,1.1020025457860056
2020-03-12,0.9421823820556425,1.1243221319693293
2020-03-13,0.9377356068954144,1.114125467328533
2020-03-16,0.9451175106176732,1.1313868098236608
2020-03-17,0.9416638638096054,1.1239588680151538
2020-03-18,0.947358885883896,1.1368682614832855
2020-03-19,0.9533868392396697,1.1364005447572443
2020-03-20,0.9749335155577079,1.1464685015159903
2020-03-23,0.9737753442250783,1.1425192380977018
2020-03-24,0.9894491973651899,1.157784327547011
2020-03-25,0.9964545082699687,1.1697060409210134
2020-03-26,1.005525485172486,1.1740262721013792
2020-03-27,1.011160322811064,1.188231220459001
2020-03-30,1.0046527646983425,1.1814730926477293
2020-03-31,0.9987141696387463,1.170949185872773
2020-04-01,0.9966465753859253,1.1683202335806304
2020-04-02,0.9938188467223871,1.1644708861245099
2020-04-03,0.9844099460529333,1.152368653549462
2020-04-06,0.9927499838506183,1.16571658103844
2020-04-07,1.0012448766592028,1.1815469289164953
2020-04-08,1.0044280992479138,1.1869961530655857
2020-04-09,1.006266416219647,1.19279391881264
2020-04-14,0.9974308157636885,1.1868588148019357
2020-04-15,0.9934640823183198,1.1714714528319845
2020-04-16,0.9870796002551849,1.1645873113766012
2020-04-17,0.973126269984945,1.1532672223138325
2020-04-20,0.9715693017611231,1.153217823853912
2020-04-21,0.9752968568809617,1.1522205424463277
2020-04-22,0.9826784426439232,1.1610474383619898
2020-04-23,0.9862154588978992,1.1669585665108935
2020-04-24,0.9830042583587085,1.1598122560653668
2020-04-27,0.975290637631347,1.1544546651211876
2020-04-28,0.9827245770719828,1.1632954686949424
2020-04-29,0.9874654071065812,1.1690665714675659
2020-04-30,0.9933561734947114,1.1741372959963008
2020-05-04,0.99385087572569,1.1756792335790613
2020-05-05,0.9982855533353721,1.1813101938153576
2020-05-06,0.9996182953799803,1.1840126078195041
2020-05-07,1.0018098534167053,1.186689567118741
2020-05-08,0.999768291033481,1.1847955284646257
2020-05-11,0.9976049666064701,1.1833453233349016
2020-05-12,0.9983096826557167,1.1848100345967603
2020-05-13,0.9995802115370636,1.1910252822943461
2020-05-14,1.0030706640396483,1.195878405740327
2020-05-15,0.9999737494812287,1.1909075245830694
2020-05-18,1.0033676490604195,1.1890587858810204
2020-05-19,1.0031191842042062,1.188989023988565
2020-05-20,0.9971869239409996,1.1819685951795234
2020-05-21,0.9978056188365738,1.183054097138185
2020-05-22,0.9936261109118444,1.178881375240105
2020-05-25,0.9930387447799687,1.17987429422584
2020-05-26,0.9953726820774628,1.1779554667279586
2020-05-27,1.001811976133724,1.1826830024816972
2020-05-28,1.0040122392046442,1.1891947267974856
2020-05-29,1.0032993789761921,1.1857561030678352
2020-06-01,0.9996941553917675,1.1837127261831752
2020-06-02,1.0011801483283849,1.1895621329057293
2020-06-03,1.0013438252220912,1.1925796577166028
2020-06-04,0.9975974088176381,1.186208493638878
2020-06-05,0.996066545693627,1.19345331766943
2020-06-08,0.993227412654952,1.189779098959578
2020-06-09,0.995228289472362,1.1927741292845118
2020-06-10,0.9949394278725824,1.1934928542652334
2020-06-11,0.999257515237567,1.1955887825432803
2020-06-12,1.0000166361992715,1.1955896658877283
2020-06-15,1.0016971607179088,1.1973296383099854
2020-06-16,0.9965163847370483,1.1919143859780192
2020-06-17,0.9954793825874136,1.191800912047653
2020-06-18,0.9993047019465742,1.1971913763636286
2020-06-19,0.9992790845088094,1.2006038458434805
2020-06-22,1.0047496782070446,1.207573640428384
2020-06-23,1.0058035067998403,1.2037678733118164
2020-06-24,1.0071880377409994,1.2123591039501245
2020-06-25,1.0056171972294945,1.2085297407020141
2020-06-26,1.0055743696401456,1.211862936210898
2020-06-29,1.0055454469869618,1.2090756603612205
2020-06-30,1.0047644656778467,1.2094446451188263
2020-07-01,1.0035900090905454,1.2084381051909359
2020-07-02,0.9979567456455376,1.2061883661878994
2020-07-03,0.9983513759860214,1.2061352465033885
2020-07-06,0.9956713107435167,1.2079424341300593
2020-07-07,0.9972055379865576,1.208518369285346
2020-07-08,0.9929042756589603,1.2028454266309618
2020-07-09,0.9903208227342967,1.2000199344311557
2020-07-10,0.9888854286712863,1.196262291686953
2020-07-13,0.9917588945663618,1.2004255169249973
2020-07-14,0.9966362797153534,1.2068957918223335
2020-07-15,0.9958727217949905,1.208291859683404
2020-07-16,0.9948794650269442,1.2077443345024843
2020-07-17,0.9980024748568829,1.210590623095337
2020-07-20,0.9969500411864195,1.210694659189989
2020-07-21,0.995364945201793,1.211203483116114
2020-07-22,0.9978326032524751,1.2152101905122177
2020-07-23,0.9937424020623667,1.2099898439574526
2020-07-24,0.9939697279583046,1.209829822206379
2020-07-27,0.9892353363777752,1.2041156653573737
2020-07-28,0.98959767437153,1.204901566298693
2020-07-29,0.9885081457488364,1.2011423564523218
2020-07-30,0.9842316244607664,1.1891818906563913
2020-07-31,0.9875865508116595,1.1926731241969617
2020-08-03,0.9896055789840897,1.1985205403912278
2020-08-04,0.9883026080084464,1.1995050881519127
2020-08-05,0.980813238967019,1.1906205306121045
2020-08-06,0.9827195869786906,1.1907590291249284
2020-08-07,0.9804350799660658,1.189607955557946
2020-08-10,0.9820428792505448,1.190989820978601
2020-08-11,0.9798975890916207,1.1943321846043478
2020-08-12,0.978887721071852,1.1951660547223681
2020-08-13,0.9784144687549066,1.1912748060364675
2020-08-14,0.9769150605980035,1.1875945986055607
2020-08-17,0.9739591006425095,1.1848902579309222
2020-08-18,0.9755926470381561,1.1855213984140636
2020-08-19,0.9796212995339906,1.1926879076790524
2020-08-20,0.97717475874171,1.1870803671172574
2020-08-21,0.9758781891135604,1.1848593741192586
2020-08-24,0.9767028008996954,1.1885048501974693
2020-08-25,0.9799097926466539,1.1922591181845188
2020-08-26,0.9802250432644778,1.194869893898612
2020-08-27,0.9795499078658308,1.1938483434863012
2020-08-28,0.9792228896067294,1.1922411628093557
2020-08-31,0.9798072746990394,1.191088126503547
2020-09-01,0.9809061913795747,1.192145557790554
2020-09-02,0.9782549023142086,1.193700050817754
2020-09-03,0.9748369884413677,1.1879912688905534
2020-09-04,0.9792024529032506,1.1922063045451763
2020-09-07,0.9789014320634487,1.193080093488313
2020-09-08,0.9752358757540741,1.1874977656791073
2020-09-09,0.9761745341433712,1.189246847935508
2020-09-10,0.980286813443636,1.1939341798757097
2020-09-11,0.9784384702859166,1.191479533139551
2020-09-14,0.9796874478772454,1.1929324167951119
2020-09-15,0.9775810496837006,1.1897576764998739
2020-09-16,0.9767414028815183,1.1893758925261801
2020-09-17,0.9765020944019471,1.187665577388765
2020-09-18,0.9774687209389964,1.1884114447309717
2020-09-21,0.9813336365093149,1.1853724820051803
2020-09-22,0.9830716891996403,1.1879836634841776
2020-09-23,0.9782721641451952,1.1834103725530867
2020-09-24,0.9797241347817501,1.184810732868788
2020-09-25,0.9819673448982768,1.1892230511190034
2020-09-28,0.9869601948678427,1.195909734168362
2020-09-29,0.9891630440246388,1.199038037961851
2020-09-30,0.9883712856836994,1.198934352422842
2020-10-01,0.9919176926663915,1.2075529137834484
2020-10-02,0.9908405117596089,1.2067475905166467
2020-10-05,0.9899607485789166,1.2046126622463322
2020-10-06,0.9888128371150676,1.2047358742806773
2020-10-07,0.9876539091395518,1.204125961230358
2020-10-08,0.9867282987361803,1.2024867375114163
2020-10-09,0.9870712670747083,1.2035474493266227
2020-10-12,0.9864333565838909,1.203741182050397
2020-10-13,0.9842942867037294,1.2009242241810079
2020-10-14,0.9817479749632884,1.1968529715089198
2020-10-15,0.984811989463129,1.2051578586868676
2020-10-16,0.987222233210214,1.2072050967695
2020-10-19,0.9878758264763539,1.207543653315853
2020-10-20,0.984627128776811,1.2006045767194637
2020-10-21,0.9842096042863091,1.19729462434412
2020-10-22,0.9822460991804207,1.194389452546336
2020-10-23,0.982036177157729,1.1950213086796448
2020-10-26,0.9656720498795136,1.1743039605625147
2020-10-27,0.962171919022358,1.169377629017704
2020-10-28,0.9629805434497355,1.158464540250608
2020-10-29,0.9635076536705443,1.1582971212356319
2020-10-30,0.9602819966283749,1.153354036984659
2020-11-02,0.9582906263817823,1.1553460688865258
2020-11-03,0.9588606209896308,1.1553584362972429
2020-11-04,0.9621934080136427,1.162875457766202
2020-11-05,0.9630413730302553,1.1647697943023505
2020-11-06,0.960190085733969,1.1605560985341499
2020-11-09,0.9576082641054077,1.16538736726317
2020-11-10,0.9633884735224594,1.1732989872263186
2020-11-11,0.960871618089454,1.170698143479957
2020-11-12,0.9624580266672255,1.1725973047529765
2020-11-13,0.9639506095524858,1.1738081524286461
2020-11-16,0.9573741047057412,1.161976091168832
2020-11-17,0.9616908020110481,1.167356550554327
2020-11-18,0.9648592752636028,1.17213924562023
2020-11-19,0.9642542408301926,1.1727840024015534
2020-11-20,0.959762707589757,1.1705178167766104
2020-11-23,0.9570411071506291,1.163283011275531
2020-11-24,0.9604867101512581,1.1595372233060641
2020-11-25,0.9586033129500988,1.15876231873929
2020-11-26,0.958089669631087,1.1579974695238031
2020-11-27,0.9567855023558803,1.155797556605161
2020-11-30,0.9587658853964568,1.157152742989723
2020-12-01,0.9615356777178639,1.1594044004551607
2020-12-02,0.9553966109652317,1.15045631029013
2020-12-03,0.9541021167050269,1.147846489051908
2020-12-04,0.9517001090573851,1.1439712566179643
2020-12-07,0.952961714464832,1.1462943144556714
2020-12-08,0.9525197979724114,1.1464163546372255
2020-12-09,0.9532947719032782,1.14760163029202
2020-12-10,0.9525691672164732,1.1447728930479317
2020-12-11,0.9519960158460153,1.1395361723702315
2020-12-14,0.9522540653347523,1.142444850516381
2020-12-15,0.9524138519449512,1.1488904291601023
2020-12-16,0.9494753370029525,1.1477402131004795
2020-12-17,0.9487558167576648,1.1493098478242352
2020-12-18,0.9499847290242124,1.1489282375937837
2020-12-21,0.9493399704964735,1.135906917630426
2020-12-22,0.9478865310796841,1.1391618578760778
2020-12-23,0.9494960986375576,1.1464749894505346
2020-12-24,0.9486544583943954,1.1457047076863358
2020-12-28,0.952187008867484,1.1521226385634722
2020-12-29,0.9541786523423658,1.153996987253005
2020-12-30,0.9546552807221533,1.1538499032017107
2020-12-31,0.9526433691739824,1.150636870303955
2021-01-04,0.9548450130598186,1.153077166112486
2021-01-05,0.9543189398926092,1.1509976281156498
2021-01-06,0.9476631590534025,1.1438437402644064
2021-01-07,0.9513867227637329,1.1484356909142648
2021-01-08,0.9526905634627413,1.153675064921542
2021-01-11,0.9550325688734528,1.1542523434189071
2021-01-12,0.9553182612318167,1.1524469701136086
2021-01-13,0.9548382798313149,1.1524027036711324
2021-01-14,0.9703498347138209,1.1674176928301874
2021-01-15,0.9691702710854558,1.1658223758492985
2021-01-18,0.9674791729713109,1.1649561315035397
2021-01-19,0.9691113323201096,1.1672152380104766
2021-01-20,0.9712511935277743,1.1657927527031509
2021-01-21,0.968199800484538,1.1584199642846038
2021-01-22,0.9711417553146249,1.1591669935749092
2021-01-25,0.9730554554353642,1.1568101444462657
2021-01-26,0.9767706538293576,1.163653206796636
2021-01-27,0.9758799572532302,1.1619051432913063
2021-01-28,0.9794814860487158,1.167182154129478
2021-01-29,0.9788540409693315,1.159264708668801
2021-02-01,0.9773347539483354,1.162978322866823
2021-02-02,0.9829595769404564,1.178416867180028
2021-02-03,0.9843429138207792,1.182017796592738
2021-02-04,0.9862756446736708,1.1898414410466203
2021-02-05,0.9840301372883687,1.1906349336128104
2021-02-08,0.9843482919942964,1.1906523422319923
2021-02-09,0.9843318332063417,1.190180841316108
2021-02-10,0.9843707135415842,1.1903813603709197
2021-02-11,0.9878552782336497,1.1951574012772654
2021-02-12,0.988326529565055,1.196370736457451
2021-02-15,0.993754824202291,1.2030187603250004
2021-02-16,0.992062887152205,1.20082401833643
2021-02-17,0.992253487139236,1.1988096577199332
2021-02-18,0.9944251543424757,1.20091147605545
2021-02-19,0.9961201383047037,1.204087395415691
2021-02-22,0.9976740630235205,1.205352349254498
2021-02-23,0.9969137816062799,1.2070957284616406
2021-02-24,0.999164839662566,1.2106441514240733
2021-02-25,0.9968418530410723,1.2058838541632093
2021-02-26,0.9973514001875865,1.2016222125446872
2021-03-01,0.9962186684042862,1.2053644856058774
2021-03-02,0.9920095835854426,1.200444545261271
2021-03-03,0.9901772455188438,1.2007514987714125
2021-03-04,0.9946171287840073,1.2039544100605417
2021-03-05,0.995646255309828,1.201071849391837
2021-03-08,0.9978773477065763,1.217516278057874
2021-03-09,0.9964847402037637,1.2200006052451553
2021-03-10,0.9907835414588935,1.2211742800946512
2021-03-11,0.9928137302776534,1.2282751774484548
2021-03-12,0.9911599824571719,1.2261929556148738
2021-03-15,0.9860430916894217,1.2214203215231685
2021-03-16,0.9826477044461712,1.2185805743267892
2021-03-17,0.9771901227099071,1.2128790278287962
2021-03-18,0.9804384630323989,1.2192148671357141
2021-03-19,0.9830654585567787,1.2127858944828027
2021-03-22,0.9771295856517793,1.2037354536173135
2021-03-23,0.9786692005344091,1.205160381698117
2021-03-24,0.9849273259278354,1.2128928587899044
2021-03-25,0.9822370986027394,1.2097307476287764
2021-03-26,0.9832423289500991,1.2121220563003665
2021-03-29,0.9815005786648544,1.210748124218381
2021-03-30,0.9797932995504947,1.2118028581156324
2021-03-31,0.9812774084148652,1.2117182459237215
2021-04-01,0.9860385932700285,1.2190530041352279
2021-04-06,0.9842193881770378,1.2176400203701057
2021-04-07,0.985411276110617,1.2182727047978705
2021-04-08,0.9867464258572181,1.2205505303108293
2021-04-09,0.9878673277204543,1.2216778791301697
2021-04-12,0.9866504592060464,1.2207586558412813
2021-04-13,0.9865919119115436,1.2194914941843271
2021-04-14,0.9899574022492019,1.2226538582729765
2021-04-15,0.9916877512206834,1.2227444477969
2021-04-16,0.9933365658627388,1.2212766642182928
2021-04-19,0.9937964089930639,1.2225789870862094
2021-04-20,0.9893453277305093,1.2231630624176753
2021-04-21,0.9859080888459945,1.216653657641967
2021-04-22,0.9874884230160654,1.2145408317546553
2021-04-23,0.9875945429996044,1.2171821144298185
2021-04-26,0.9896871089528728,1.2196637250372453
2021-04-27,0.9892275816525307,1.220318003201715
2021-04-28,0.9885855135027108,1.2204383545316657
2021-04-29,0.984733317843562,1.2186687587369107
2021-04-30,0.9785689744166826,1.2120744371539334
2021-05-03,0.9784573260992967,1.209940828023425
2021-05-04,0.9764377382220322,1.213297814719952
2021-05-05,0.9790462569232652,1.2084043103939406
2021-05-06,0.9764262539544862,1.2043530469850585
2021-05-07,0.9803866745368168,1.2095256219637998
2021-05-10,0.979209643014124,1.2060484547062067
2021-05-11,0.9735150962566446,1.2015067953640035
2021-05-12,0.9751533941740659,1.1994935724008067
2021-05-13,0.9732847046491112,1.1973942332539151
2021-05-14,0.9771666960366643,1.2004555467087268
2021-05-17,0.9770292604028133,1.2003212140377957
2021-05-18,0.9765066667390008,1.200444186237368
2021-05-19,0.9757529359898588,1.196689659072675
2021-05-20,0.9769302554107686,1.202044729638751
2021-05-21,0.9769959590196248,1.2017233933782028
2021-05-24,0.977885875339479,1.2031520072683355
2021-05-25,0.9716632902414312,1.1969596872285067
2021-05-26,0.9742774063554902,1.2007459861345584
2021-05-27,0.9755011876416102,1.2027079555863014
2021-05-28,0.9778023447554907,1.206968590916729
2021-05-31,0.9783415458463187,1.2060167915536941
2021-06-01,0.9782808396734299,1.2059625910681402
2021-06-02,0.977433258339007,1.2051955174167606
2021-06-03,0.9768135932212182,1.2027885038681052
2021-06-04,0.9780681362256639,1.2039958867269964
2021-06-07,0.9768041152328097,1.2032037087298704
2021-06-08,0.9752027819324757,1.2019466346580319
2021-06-09,0.9760056041865335,1.2027378801765771
2021-06-10,0.9771068051783476,1.204136515820299
2021-06-11,0.9767027832052497,1.2076063515229196
2021-06-14,0.9802829685689676,1.2119495628047723
2021-06-15,0.9865650876604722,1.219813800336054
2021-06-16,0.9870353924422387,1.221326063532944
2021-06-17,0.9876413451256649,1.2227151341132285
2021-06-18,0.9862167103391968,1.2142461539933456
2021-06-21,0.9867044296805578,1.217537296548751
2021-06-22,0.9862582736569641,1.2175147198176064
2021-06-23,0.9820605111108558,1.209394703970829
2021-06-24,0.9815616302670779,1.2101139184068501
2021-06-25,0.9872365133910525,1.2168536234164795
2021-06-28,0.9898043033136789,1.2198127543880317
2021-06-29,0.9911998267188624,1.22167696144685
2021-06-30,0.9889407674150366,1.2166334502907332
2021-07-01,0.9894226063067131,1.218052545397915
2021-07-02,0.9876500530852447,1.2164273113056328
2021-07-05,0.9857528729809364,1.2133931135221872
2021-07-06,0.9845136631329904,1.213412740166208
2021-07-07,0.9863175354613337,1.2200231527242926
2021-07-08,0.9853965646467671,1.2130974006940949
2021-07-09,0.986332605092049,1.2203993982187826
2021-07-12,0.9873998053697159,1.2242712781742562
2021-07-13,0.9899717763561289,1.2274664088212246
2021-07-14,0.9939779482055598,1.2317544801346763
2021-07-15,0.9931688633437892,1.2312785004901916
2021-07-16,0.9931466357065112,1.232558962667583
2021-07-19,0.9962684758284625,1.2368313747910493
2021-07-20,0.9946043697725327,1.2350135866847656
2021-07-21,0.9920282365264956,1.2335737475259991
2021-07-22,0.9919973618166988,1.2299064899452221
2021-07-23,0.9953360679685311,1.2333575041749516
2021-07-26,0.9935253373407085,1.2351454256133254
2021-07-27,0.9896278238899399,1.2319659599125612
2021-07-28,0.9952342090463187,1.2350961028123846
2021-07-29,1.0012015962884604,1.2440154147757876
2021-07-30,1.0007250656510598,1.2422235796775587
2021-08-02,1.0043060774881847,1.2417079376571514
2021-08-03,1.003457971150499,1.2402405482562657
2021-08-04,0.9975817590896765,1.2311486228003214
2021-08-05,0.996887503091522,1.2299884824527567
2021-08-06,0.9957920384714374,1.229942797168692
2021-08-09,0.9940303703614883,1.228860857346056
2021-08-10,0.9921529418905729,1.2272125870717125
2021-08-11,0.9862586999410516,1.2203487430492093
2021-08-12,0.9879630028249171,1.2224405556413167
2021-08-13,0.9880841894347192,1.2218719077109277
2021-08-16,0.9872020504375593,1.222564756974352
2021-08-17,0.9883472859746709,1.2251340214328814
2021-08-18,0.9843447380526608,1.2210643203392608
2021-08-19,0.9812193751986915,1.2183904971041648
2021-08-20,0.9802550616994913,1.2176367308761291
2021-08-23,0.9798799937542034,1.217146088088449
2021-08-24,0.9812517347754922,1.2177468192770617
2021-08-25,0.9826654044871018,1.219542054440394
2021-08-26,0.9839505868919508,1.2210274312846416
2021-08-27,0.9848191755217762,1.2228969646317396
2021-08-30,0.9865444505424376,1.225287682626162
2021-08-31,0.9849897927945315,1.2243274250885026
2021-09-01,0.9835414964511205,1.2279408521582769
2021-09-02,0.983762385568645,1.229221722207977
2021-09-03,0.9854283728206528,1.2281663736757629
2021-09-06,0.9841461691835474,1.2285661017887
2021-09-07,0.986538368180766,1.2317235331527434
2021-09-08,0.9861827487706153,1.232641592984406
2021-09-09,0.990620240216528,1.2381731119424413
2021-09-10,0.9904682315853106,1.2385765260706836
2021-09-13,0.9885947666693924,1.2372675096195966
2021-09-14,0.9838709056519184,1.2304344025793332
2021-09-15,0.9820990814223808,1.2287671875061457
2021-09-16,0.9794904167005046,1.2259849783514272
2021-09-17,0.9804294444315363,1.2291830145326976
2021-09-20,0.9765055030961117,1.2239470773448693
2021-09-21,0.9707051765424078,1.2174040778075883
2021-09-22,0.9736492956912781,1.2240671296532326
2021-09-23,0.9787248361469498,1.2319941329192212
2021-09-24,0.9776346992798378,1.2291541919568847
2021-09-27,0.9745390284199918,1.2279838914419825
2021-09-28,0.9733503629186528,1.2222361394461936
2021-09-29,0.9750454328578486,1.227127965958538
2021-09-30,0.9739019080437135,1.2240788348413683
2021-10-01,0.973256457033556,1.2224482917879882
2021-10-04,0.9728424133117028,1.2181970014324583
2021-10-05,0.9799416212991485,1.2320185338830105
2021-10-06,0.982730840549949,1.2318127851419918
2021-10-07,0.9870470573010184,1.2446450674453993
2021-10-08,0.9830298627592193,1.2369562189673715
2021-10-11,0.9801903662153073,1.2322154657299418
2021-10-12,0.9811512161484713,1.2333786418328319
2021-10-13,0.9804962162157274,1.236411691891952
2021-10-14,0.9837420648161851,1.2423771157894796
2021-10-15,0.9847452165969505,1.2436914963590904
2021-10-18,0.9902398907215372,1.249962737276291
2021-10-19,0.9888375343606887,1.2494901032442844
2021-10-20,0.9916970199396322,1.2500904413814438
2021-10-21,0.9906238856199036,1.2489615281722017
2021-10-22,0.9914776663573432,1.2521837787280827
2021-10-25,0.9878991090002429,1.24830456774455
2021-10-26,0.9889248611976758,1.250199552276084
2021-10-27,0.9875963304284061,1.2480022557256247
2021-10-28,0.9887351125259971,1.2475643832754946
2021-10-29,0.9886682320846533,1.2490222536118603
2021-11-01,0.9869747776524584,1.2465027381534823
2021-11-02,0.9842592724314951,1.2428271026906779
2021-11-03,0.9821868756719851,1.2395656228011118
2021-11-04,0.9822231496080571,1.2385856128682209
2021-11-05,0.9855878509450998,1.2423150569480408
2021-11-08,0.9860725414232815,1.2428870503757754
2021-11-09,0.9846289085751261,1.2417634585302841
2021-11-10,0.984588094584252,1.242101824285206
2021-11-11,0.9825854583423269,1.2390859216904422
2021-11-12,0.9802979916510093,1.2360504586535368
2021-11-15,0.9824949858576753,1.2374884129622656
2021-11-16,0.9803083485300761,1.234899997916745
2021-11-17,0.9785315777719663,1.2327259623094264
2021-11-18,0.9792927800010885,1.233265306672963
2021-11-19,0.9755571195826273,1.2283901385317113
2021-11-22,0.976051552280475,1.2306385707558773
2021-11-23,0.9746428021141519,1.233155004374923
2021-11-24,0.9716216145127504,1.2308547371895884
2021-11-25,0.9735389608389284,1.2334472434364367
2021-11-26,0.974835788865421,1.2402772323677635
2021-11-29,0.9747533293283233,1.2401308682631853
2021-11-30,0.9682994667264218,1.2329314160479474
2021-12-01,0.9671643911762465,1.2298380099268884
2021-12-02,0.9649326183510356,1.2278935988250528
2021-12-03,0.9623121338497423,1.225942924797592
2021-12-06,0.965432414532438,1.2308483519248117
2021-12-07,0.9645264838973264,1.2237857170460724
2021-12-08,0.9666757377292637,1.2264676686345504
2021-12-09,0.9664991920845027,1.225290458029545
2021-12-10,0.9700505551267399,1.23064749978136
2021-12-13,0.970411589594607,1.2315497605495027
2021-12-14,0.969146628812171,1.2323276230496987
2021-12-15,0.9715190378404593,1.233201468292918
2021-12-16,0.9723479494725956,1.2359201481895472
2021-12-17,0.9711430446593295,1.2336034073987192
2021-12-20,0.9753707696827644,1.234419594639105
2021-12-21,0.9768194256381977,1.2416573290343036
2021-12-22,0.9756465017367529,1.2406873940471537
2021-12-23,0.9769939937231266,1.2430082660829496
2021-12-24,0.9769259066981475,1.2438074919913586
2021-12-27,0.9763825164219895,1.2443931969185131
2021-12-28,0.9761356828137301,1.2435457617683505
2021-12-29,0.975256885848418,1.240755716264532
2021-12-30,0.9740056139750557,1.2391583034192815
2021-12-31,0.9733804535096412,1.2385509836652824
2022-01-03,0.9766927273692013,1.2449329994924896
2022-01-04,0.9731883385431291,1.244665001091818
2022-01-05,0.972915322323087,1.2464577139025372
2022-01-06,0.9720476467054718,1.241758984710744
2022-01-07,0.9747236940056963,1.243458956266362
2022-01-10,0.9706800710919166,1.2317119169870654
2022-01-11,0.9705140493632152,1.2338936884210436
2022-01-12,0.9694434844923405,1.2334022680741348
2022-01-13,0.9715105834530573,1.236194289468726
2022-01-14,0.9691923345405451,1.2303063109954824
2022-01-17,0.9695907826817339,1.2342317759298764
2022-01-18,0.9700927741659426,1.2316416817361286
2022-01-19,0.9704462271685881,1.2342974754023153
2022-01-20,0.967638158179165,1.232100053721729
2022-01-21,0.965456232717121,1.2265123663274469
2022-01-24,0.9652023954604088,1.2202244910412137
2022-01-25,0.9710706635095574,1.227839207288578
2022-01-26,0.9701040489007413,1.230961328080474
2022-01-27,0.9696524448646731,1.23128411577802
2022-01-28,0.9637337580294659,1.2222567027318454
2022-01-31,0.9677426417073888,1.2250648343576518
2022-02-01,0.9707097163676295,1.2308968147232586
2022-02-02,0.9749567127168914,1.2357896116606393
2022-02-03,0.9773328717528229,1.2394417586050281
2022-02-04,0.9682813830126284,1.2244562516209594
2022-02-07,0.964000612489115,1.2214287669567827
2022-02-08,0.9651350902870205,1.2242825886859778
2022-02-09,0.9600823496476368,1.2181100336132376
2022-02-10,0.9662835612045434,1.2265385550807606
2022-02-11,0.9680328707866243,1.2292510599111173
2022-02-14,0.9624293474524256,1.2174742579365618
2022-02-15,0.963703295499532,1.2232030556907894
2022-02-16,0.9669240442633673,1.2271714609888045
2022-02-17,0.9684098063216551,1.2277708833316674
2022-02-18,0.9697852712521621,1.2277076769215343
2022-02-21,0.9661600610889596,1.2168327397546304
2022-02-22,0.9652618637384853,1.2146848592832922
2022-02-23,0.9605492239176113,1.2110417645668121
2022-02-24,0.9619821865131177,1.1968951595562272
2022-02-25,0.958919304582531,1.2058993039979473
2022-02-28,0.9607961082652692,1.1975579548993442
2022-03-01,0.9535000841069958,1.1787334555103406
2022-03-02,0.9559738471560919,1.1875721148242933
2022-03-03,0.965390668151224,1.193654864042633
2022-03-04,0.9657520073605714,1.175933872862804
2022-03-07,0.9606252144012934,1.1603069239304447
2022-03-08,0.9717263237408879,1.178569193576656
2022-03-09,0.9847131555059055,1.1787348166993707
2022-03-10,0.9874330196761215,1.1846472115140378
2022-03-11,0.9865746751904694,1.1842368600000517
2022-03-14,0.9915856338582105,1.1869775472870436
2022-03-15,0.9906375068393649,1.1847277762923376
2022-03-16,1.0034900742594552,1.2006329766767323
2022-03-17,0.9999771485751653,1.1955111934449008
2022-03-18,1.0033792018568726,1.20285621742892
2022-03-21,1.0008493760176833,1.1989125604164983
2022-03-22,0.9987943794067686,1.1975420955478617
2022-03-23,0.9959130203511568,1.1931156332580537
2022-03-24,0.9937007352911131,1.1891762846962048
2022-03-25,0.993247652602604,1.1884758274435805
2022-03-28,0.9967986309884543,1.1911144044401039
2022-03-29,0.9956689914443169,1.1918559631494325
2022-03-30,0.9941305543718919,1.1867695874213693
2022-03-31,0.9937982584670343,1.1844307496420121
2022-04-01,0.9954348921258136,1.1853248636336704
2022-04-04,0.9988382133007999,1.191634495206355
2022-04-05,0.9979371576334308,1.1898655147668042
2022-04-06,0.996803841198701,1.184261914318072
2022-04-07,0.9979344228439834,1.1850126496121904
2022-04-08,0.9976272580357006,1.1848048748801316
2022-04-11,0.9981802823757984,1.1835694845804683
2022-04-12,0.9985328034208922,1.1821721266498626
2022-04-13,1.0000289545821004,1.182607121873183
2022-04-14,1.0009884361176236,1.185507773267084
2022-04-19,0.9998663340159529,1.1838915594637212
2022-04-20,0.9991260830871023,1.185851926547017
2022-04-21,1.0000493696887343,1.1883778215913847
2022-04-22,1.0010469915384754,1.1908679026737428
2022-04-25,1.0009538135356675,1.1916433512481872
2022-04-26,1.0026346927091887,1.1939090308628797
2022-04-27,1.0032723485808193,1.194508927627348
2022-04-28,1.003540808587573,1.1945528243572325
2022-04-29,1.0112095622135215,1.2027547579252864
2022-05-02,1.0108395775976295,1.201438006959264
2022-05-03,1.010025182560657,1.20076930988552
2022-05-04,1.0054445126480955,1.1934396960210465
2022-05-05,1.0104786238572712,1.197553700924296
2022-05-06,1.0101301443596853,1.1917866617427904
2022-05-09,1.0107240864778215,1.186989019216347
2022-05-10,1.0108688926057845,1.1878291563910675
2022-05-11,1.0103485076779597,1.1900820859806345
2022-05-12,1.005482237295738,1.1837979899510986
2022-05-13,1.01132318261782,1.1938458223933375
2022-05-16,1.0131848015289366,1.1974612194491172
2022-05-17,1.0141162377800226,1.1987245207293888
2022-05-18,1.0085946431443669,1.191589518089105
2022-05-19,1.005116104204319,1.1848590755649324
2022-05-20,1.0017253752878446,1.1830385080165942
2022-05-23,1.0038203265081784,1.1874538519313782
2022-05-24,1.005773357852533,1.1880196794242623
2022-05-25,1.003686068990126,1.1870198884920595
2022-05-26,1.0081346552415908,1.1942765507001212
2022-05-27,1.0084242782587507,1.1938745605424874
2022-05-30,1.0072354275870778,1.1908687777149969
2022-05-31,0.9992869486267062,1.1807120195502414
2022-06-01,1.0005170051973575,1.1805786894815626
2022-06-02,1.001933411090788,1.1825192447732793
2022-06-03,1.0019977725743219,1.1830290919022575
2022-06-06,1.0050284737389064,1.1901742529168198
2022-06-07,1.0013366887560553,1.1847991558040196
2022-06-08,0.9969192208988773,1.1773639424107563
2022-06-09,0.9986352132519771,1.1746204567207648
2022-06-10,1.002370882896433,1.1731031116444617
2022-06-13,1.000743550643005,1.16784459751023
2022-06-14,0.9998379826649885,1.1627455506577673
2022-06-15,1.0043468913767795,1.1701690140197456
2022-06-16,1.0076260133185493,1.1692145713102775
2022-06-17,1.006709689061411,1.169742422698124
2022-06-20,1.0070698303809449,1.173787522702847
2022-06-21,1.0063681619580578,1.1733349753530953
2022-06-22,0.999850083563367,1.1626583015023018
2022-06-23,0.9998810433131474,1.1578539539925077
2022-06-24,0.9993611458713973,1.1633386714946232
2022-06-27,0.998327221057206,1.163077511249661
2022-06-28,0.9982942658320116,1.1653431912908812
2022-06-29,0.9934028017419321,1.1562692998669775
2022-06-30,0.9919151959995226,1.1494771693219372
2022-07-01,0.9853607590950474,1.1429366162800498
2022-07-04,0.9848373708235326,1.14215618179843
2022-07-05,0.9776951073608929,1.1198489032835965
2022-07-06,0.9775045886000393,1.122698777998523
2022-07-07,0.9776679146811857,1.136502839477024
2022-07-08,0.9874879097203404,1.1547294449088834
2022-07-11,0.9874698421760937,1.149511263675933
2022-07-12,0.9836214699872587,1.1463532275583632
2022-07-13,0.9873813147975198,1.1463306653849146
2022-07-14,0.9864963333092996,1.1395788043769635
2022-07-15,0.9872772916311675,1.1453508597984037
2022-07-18,0.9889130033945438,1.1512269691504649
2022-07-19,0.9881708129365964,1.1569413511815148
2022-07-20,0.9905366331567603,1.1568826874110258
2022-07-21,0.9854766508557756,1.1480368572173074
2022-07-22,0.9901398506424869,1.1520698900729207
2022-07-25,0.9897084156437009,1.1525745552058253
2022-07-26,0.9889290739965808,1.1501392525983392
2022-07-27,0.9887157220968614,1.1519163343836791
2022-07-28,0.9887372868298007,1.154910454733632
2022-07-29,0.9902732644887154,1.1561876423345663
2022-08-01,0.9908155355222545,1.1562356638369855
2022-08-02,0.9903220418769301,1.1567536010014117
2022-08-03,0.996093349657016,1.1610642642860407
2022-08-04,0.9971565986968522,1.1603826360513096
2022-08-05,1.0005749214332698,1.1657582605732064
2022-08-08,1.0025246045447198,1.1680624510682793
2022-08-09,1.0006691377106494,1.167270214221951
2022-08-10,1.0018366164070616,1.1674547461578597
2022-08-11,0.9994798993443262,1.165531819371658
2022-08-12,1.0056634431242182,1.1718911171812647
2022-08-15,1.003798821347343,1.1711731122593998
2022-08-16,1.006497982616617,1.1746936500077243
2022-08-17,1.0010617059724063,1.166555662873916
2022-08-18,0.9998909383260854,1.1650239505470852
2022-08-19,1.001678837031083,1.1651631107999965
2022-08-22,1.002143924867888,1.1566113127954714
2022-08-23,1.0008154351670322,1.1531146078934542
2022-08-24,1.0042073234108033,1.159439625802935
2022-08-25,1.0006895846189765,1.155845563349709
2022-08-26,1.001361781195833,1.1526819000900352
2022-08-29,0.9999844490353081,1.1505021248594203
2022-08-30,1.0017358387084985,1.1551264587265893
2022-08-31,1.004102787098568,1.1612035129528475
2022-09-01,1.0029164439802316,1.1620332795752037
2022-09-02,0.9994725316886475,1.150317853158031
2022-09-05,1.0055712145308162,1.1611858776197106
2022-09-06,1.0046726110795037,1.1587153082990982
2022-09-07,1.0019341854487338,1.1572483648569938
2022-09-08,1.0023847528359697,1.156343770084858
2022-09-09,1.005006017628267,1.154280415247307
2022-09-12,1.0058208986510462,1.153940323371723
2022-09-13,1.0016484858960129,1.150150886030499
2022-09-14,1.0013815481078414,1.1497631429656505
2022-09-15,0.9951199148788883,1.142221767672043
2022-09-16,0.989104405733093,1.135945587606134
2022-09-19,0.9949982748314059,1.142634687148595
2022-09-20,0.9944757100382131,1.1426320633752383
2022-09-21,0.9934056510496119,1.1427567839946127
2022-09-22,0.9946086740667,1.1429877817800853
2022-09-23,0.9906844339296179,1.141256630549403
2022-09-26,0.990547015486356,1.1448654119794521
2022-09-27,0.99765741789065,1.1550729384547798
2022-09-28,1.001764342146781,1.1609306186658517
2022-09-29,1.0016913159291718,1.162183612051431
2022-09-30,1.005278942171489,1.1657938611185092
2022-10-03,1.0066313785815963,1.1649315782526255
2022-10-04,1.0054604959934028,1.1552520651888283
2022-10-05,1.0012287098037167,1.1536759430012904
2022-10-06,0.9995498263459924,1.1535051185954313
2022-10-07,0.9958617205072464,1.1504079784511991
2022-10-10,0.9915939589520963,1.1455919133831016
2022-10-11,0.9947657300126992,1.1489272035445834
2022-10-12,0.989150062674518,1.1430170452707902
2022-10-13,0.9847173448397312,1.1386333266447097
2022-10-14,0.9899474999417104,1.1428969185594304
2022-10-17,0.9909971738152344,1.1449918549558395
2022-10-18,0.9941549389027844,1.149512014662972
2022-10-19,0.9998730317646474,1.1576336217368324
2022-10-20,0.9976098475895285,1.156248716882185
2022-10-21,0.9915644102439858,1.149868065065059
2022-10-24,0.9859716451045826,1.143448466485996
2022-10-25,0.9805592248428754,1.1348727866555124
2022-10-26,0.9817734652366481,1.134666224749287
2022-10-27,0.9878111992309562,1.14285426616992
2022-10-28,0.9832794402962012,1.1384897660794508
2022-10-31,0.9890949772556361,1.1453656683617135
2022-11-01,0.9949835101802482,1.1526738542276291
2022-11-02,0.9939259385630799,1.1515408781421512
2022-11-03,0.9968139234762736,1.1554280530781273
2022-11-04,1.0123980833908683,1.1761077101603832
2022-11-07,1.0152166666865958,1.1800570632847844
2022-11-08,1.015213183014097,1.181169743099027
2022-11-09,1.014833748440552,1.179591069253154
2022-11-10,1.0168721161981846,1.1879518021811908
2022-11-11,1.019597333272778,1.1935744491163427
2022-11-14,1.0199895028925376,1.1956237814345791
2022-11-15,1.024853209180724,1.2027407128008565
2022-11-16,1.0239096651836337,1.1995378207246237
2022-11-17,1.0227293829639408,1.1975611050183186
2022-11-18,1.0251030278449917,1.2053909435819237
2022-11-21,1.0272143904180904,1.2053822591938084
2022-11-22,1.028424663387912,1.2073273281743397
2022-11-23,1.028449231734466,1.2074964031232478
2022-11-24,1.0279585417616715,1.2081738989027073
2022-11-25,1.0288141785976221,1.2088845470577612
2022-11-28,1.0285588225869562,1.206705881237998
2022-11-29,1.028299622520587,1.2071869528459138
2022-11-30,1.0318081502553915,1.2129105742479869
2022-12-01,1.0302063733234328,1.2125444111191932
2022-12-02,1.0311389612959512,1.2135277036081693
2022-12-05,1.031696810703246,1.2131377086420494
2022-12-06,1.0303642059227691,1.211823465645876
2022-12-07,1.0321457126068785,1.214067377370639
2022-12-08,1.0311446132961475,1.211368159361182
2022-12-09,1.0308934537596792,1.2136400527548874
2022-12-12,1.0337510293994574,1.2134964327769027
2022-12-13,1.035902060052938,1.2221188077200575
2022-12-14,1.0362512666689818,1.2222902378625453
2022-12-15,1.0362716744274203,1.2071454178261902
2022-12-16,1.036612273196691,1.2031619025385463
2022-12-19,1.034205085200453,1.2036468349541103
2022-12-20,1.0417435274546198,1.2141176678665004
2022-12-21,1.038451510286598,1.2116460454229872
2022-12-22,1.0349699432933992,1.2085576525136166
2022-12-23,1.0366594442449106,1.2105885149519946
2022-12-27,1.038137493639626,1.2117005703752137
2022-12-28,1.0371345310960793,1.2106558240010634
2022-12-29,1.0369274973440277,1.2096492143023596
2022-12-30,1.0366891021078926,1.2073633413278422
2023-01-02,1.043072106906713,1.2170566934370335
2023-01-03,1.0438512679021852,1.2165852191412327
2023-01-04,1.0431144188773405,1.2108675566767562
2023-01-05,1.045664225116317,1.213607203217139
2023-01-06,1.0488807244621308,1.2146136128227563
2023-01-09,1.055551707204679,1.2164415573119935
2023-01-10,1.0582976814299911,1.2202387386494349
2023-01-11,1.05742483600072,1.2185926994460414
2023-01-12,1.0575926078453688,1.218948139342714
2023-01-13,1.060230643311293,1.2222900641038557
2023-01-16,1.0594642357662787,1.2202638269357966
2023-01-17,1.0584894155219775,1.2184691975670745
2023-01-18,1.0556311780350645,1.2164765913067201
2023-01-19,1.0604921248742767,1.2249340257310135
2023-01-20,1.0601393062374918,1.2239535711128293
2023-01-23,1.0612723221821965,1.223605573850613
2023-01-24,1.057466954400978,1.2214027364189692
2023-01-25,1.0620096397852639,1.226935711574492
2023-01-26,1.0635942586161402,1.2283789308599598
2023-01-27,1.0670674147207457,1.233129849655166
2023-01-30,1.0629892393712164,1.226671798142255
2023-01-31,1.0636319971149344,1.2274984915214586
2023-02-01,1.0631372924055085,1.2280451069709912
2023-02-02,1.058035157954207,1.2311149982069285
2023-02-03,1.0634886826133743,1.239076111305769
2023-02-06,1.0638911882014255,1.238353066145474
2023-02-07,1.063911757273135,1.2381012884903657
2023-02-08,1.063666723707194,1.236938997581416
2023-02-09,1.0659728601666976,1.2402047381724453
2023-02-10,1.0660510318751353,1.238747514760631
2023-02-13,1.0686749943249467,1.2426203869001018
2023-02-14,1.0691665438326223,1.2433872377547233
2023-02-15,1.071343394016309,1.2452766871723897
2023-02-16,1.0725219914016384,1.2454282357643616
2023-02-17,1.0753373677192255,1.2504354729656941
